Country,Non-resident personal account,Opening method,Local residence required,Banking difficulty,Documents required,Minimum deposit & fees,Banks accepting non-residents,Restrictions,Alternatives (fintech / regional),Opening fee (USD),Minimum deposit (USD),Monthly fee (USD),Cost note,Confidence,Sources
Canada,limited,in-person,no,medium,Passport plus a second ID or proof of foreign address; SIN not required for a basic account; banks may ask for immigration documents.,Not published for non-residents; fees vary by package and bank.,"RBC, TD, Scotiabank, BMO, CIBC (branch opening; newcomer programs target people relocating).","Bank Act/FCAC gives anyone with acceptable ID the right to a basic account, but branches usually require an in-person visit; FATCA/CRS reporting applies.",Wise CAD account details; Scotiabank/RBC newcomer pre-arrival applications for visa holders.,,,,"No non-resident tariff published by RBC/TD/Scotiabank/BMO/CIBC (fees vary by package and branches only open for people relocating), and the fee schedule could not be verified this pass, so all figures are null.",medium,https://www.canada.ca/en/financial-consumer-agency/services/industry/bulletins/access-basic-banking.html; https://www.worldremit.com/en/blog/life-abroad/how-to-open-bank-account-canada; https://money.ca/banking/canada-newcomers-right-to-basic-bank-account-fcac
United States,limited,in-person,no,hard,"Passport plus secondary ID, foreign address proof, and usually an SSN or ITIN; some branches accept passport-only for non-resident aliens with a W-8BEN.",Varies by bank; typical checking accounts have no or low opening deposit and monthly fees of about USD 5-15 unless waived.,"Bank of America, Chase, Citibank, PNC, Wells Fargo (branch visit, ITIN accepted by several).",Most major banks require an in-person US branch visit; heavy KYC and de-risking of non-residents; W-8BEN and FATCA/CRS reporting apply.,"Wise USD account details, Revolut, Zolve, Payoneer; Mercury/Relay only for US LLC business accounts.",0,0,15,"Chase Total Checking: no opening fee or minimum opening deposit, USD 15 monthly service fee (raised from USD 12 in Aug 2025) waivable with USD 500 direct deposits or a USD 1,500 daily balance; already in USD.",medium,https://www.bankrate.com/banking/non-us-citizens-bank-accounts/; https://grey.co/blog/open-wells-fargo-account-outside-us
Cuba,no,in-person,yes,very hard,Passport plus Cuban residence status or Central Bank authorisation; in practice local residency documents are needed.,not published,"Banco Metropolitano, Banco Popular de Ahorro and Banco de Credito y Comercio (USD accounts mainly for Cubans abroad, not foreign non-residents).","US embargo and OFAC sanctions, de-risking by foreign correspondents, dual-currency and FX shortages; Resolution 73/2020 USD accounts target Cuban nationals abroad.",Visitors rely on cash (EUR/CAD) and prepaid tourist cards; remittance channels via authorised agents; Australian-issued non-US cards may work at some ATMs.,,,,"Non-residents cannot open personal accounts (Cuban banks' USD accounts target Cubans abroad), so no applicable costs.",low,https://oncubanews.com/en/?p=221858; https://www.expatfocus.com/cuba/articles/how-to-open-a-bank-account-in-cuba-6347; https://www.caymaniantimes.ky/news/cuba-finally-lifts-ban-on-overseas-funds
Jamaica,limited,in-person,no,medium,"Passport (notarised copy if by post), proof of foreign address, existing-bank reference letter, foreign TIN or Jamaican TRN, source of funds.","Scotiabank Jamaica lists minimum opening balances of about 100 for foreign-currency savings up to JMD 5,000-10,000 for chequing/savings; monthly fees vary by account.","National Commercial Bank (NCB), Scotiabank Jamaica.",NCB requires non-residents to open in person at a branch; enhanced KYC and FATCA/CRS reporting apply; USD accounts available.,Wise or Revolut for JMD transfers; remittance services; no local fintech accounts for non-residents.,,31,,"Scotiabank Jamaica JMD chequing/savings minimum opening balance JMD 5,000-10,000 (lower bound used, about USD 31 at JMD 160/USD; USD foreign-currency savings minimum is USD 100); a current opening fee and monthly fee for these accounts were not found in a published tariff (older 2016 brochure showed JMD 0-600/month), so those are null.",medium,https://www.jncb.com/support/help-resources/faqs; https://www.scotiabank.com/jm/account_requirements.html; https://wheretoemigrate.io/blog/banking-in-jamaica-expat-guide-2026
Bahamas,limited,remote,no,hard,"Passport, second ID, proof of foreign address, bank/professional reference letters, proof of income and source-of-wealth documentation, stated reason for banking in the Bahamas.","Varies by bank; guides cite roughly USD 10,000-250,000 for non-resident/offshore accounts, higher for private banking; fees not published.",Mainly international/private banks rather than retail banks; specific accepting banks not confirmed from official pages.,"Exchange controls administered by the Central Bank of The Bahamas; only authorised dealers may offer foreign-currency accounts; strong CRS/FATCA and AML scrutiny, many retail banks serve residents only.",Wise or Revolut from Australia for multi-currency needs; offshore private banks elsewhere.,,10000,,"Guides cite USD 10,000-250,000 minimum for non-resident/offshore accounts at international/private banks (low end used, already USD); opening and monthly fees are not published.",medium,https://globalbanks.com/personal-bank-account-Bahamas/; https://www.block3finance.com/banking-in-the-bahamas-the-ultimate-guide
Barbados,limited,remote,often,hard,"Passport, proof of foreign address, tax identification number, bank reference letter or statements, source-of-funds/income evidence; some banks ask for local ties.","Consultancy sources cite opening deposits from about USD 10,000 depending on account type; bank fees not published for non-residents.","CIBC Caribbean (FirstCaribbean), RBC Royal Bank, Republic Bank, First Citizens, Sagicor Bank; acceptance of non-residents varies by bank and profile.","Heavy KYC/CRS and FATCA reporting; many banks require economic ties to Barbados; Barbados exchange controls apply to BBD accounts, foreign-currency accounts need approval.",Wise or Revolut for multi-currency needs; offshore/international banks in Barbados for higher-net-worth clients.,,10000,,"Consultancy sources cite opening deposits from about USD 10,000 (already USD) depending on bank and account type; no Barbadian bank publishes a non-resident opening or monthly fee, so those are null.",medium,https://globalbanks.com/barbados-banking-requirements/; https://globalbanks.com/barbados-personal-bank-account/
Trinidad & Tobago,limited,in-person,often,hard,"Two forms of ID (one must be a passport), proof of foreign address, proof of income and a bank reference; branch visit required.",Opening deposit required but amount not published for non-residents.,"First Citizens Bank (publishes non-resident requirements); Republic Bank (non-resident category, branch only).",Online onboarding (RepublicOnboard) is for nationals; USD/foreign-currency availability is constrained by chronic FX shortages; strict AML/KYC and CRS/FATCA reporting.,Wise or Revolut for holding/paying in USD; TT dollar local details not offered by major fintechs.,,,,"First Citizens and Republic Bank require an opening deposit for non-residents but publish no amount, opening fee or monthly fee, so all three are null as unpublished.",medium,https://firstcitizenstt.com/personal-banking/savings/Customer-Agreement.html; https://www.republictt.com/node/113; https://wheretoemigrate.io/blog/banking-in-trinidad-and-tobago-expat-guide-2026
Antigua & Barbuda,limited,remote,no,medium,"Passport, proof of foreign address (utility bill), bank reference letter, source-of-funds declaration, TIN if available.","Guides cite from about XCD 300 at local banks up to around USD 5,000 at international-oriented banks; fees not published.","Global Bank of Commerce, ACB Caribbean, Republic Bank (Antigua) cited by guides; Canadian banks reported exiting.",Strict KYC/AML and CRS reporting to home tax authority; correspondent de-risking means scrutiny of non-resident clients; US persons face FATCA.,Wise or Revolut held abroad; offshore/international banks licensed by the FSRC.,,111,,"Cheapest cited option is a local bank opening deposit of about XCD 300 (USD 1 = XCD 2.70, fixed peg), while opening and monthly fees are not published (web search budget exhausted in pass 2, so figures come from the existing min_deposit_fees text and were not re-verified against a bank tariff).",medium,https://www.gov.uk/guidance/living-in-antigua-barbuda; https://www.expatfocus.com/antigua-and-barbuda/articles/starting-a-bank-account-in-antigua-what-you-need-to-know-3707; https://nomadcapitalist.com/finance/banking-in-antigua-and-barbuda/
Grenada,limited,in-person,often,hard,"Passport plus second ID, proof of foreign address, bank reference letter, proof of income and source-of-funds documentation; banks may ask for a Grenada visa or residence.","Not published by banks; guides cite opening deposits from zero to about USD 10,000.","Republic Bank (Grenada), ACB Grenada, CIBC FirstCaribbean, Grenada Co-operative Bank (case-by-case for non-residents).","Banks generally decline short-stay tourists; enhanced KYC, FATCA/CRS reporting and Caribbean correspondent-bank de-risking limit non-resident onboarding.",Wise or Revolut for multi-currency needs; Grenada citizenship-by-investment holders get easier access.,,,,"Republic Bank, ACB and CIBC FirstCaribbean publish no non-resident tariff; guides cite opening deposits from zero to about USD 10,000 (XCD 2.70/USD), so all figures are unpublished.",low,https://goldenharbors.com/articles/a-step-by-step-guide-to-open-a-bank-account-in-grenada; https://goldenharbors.com/articles/banks-in-grenada
St. Kitts & Nevis,limited,remote,no,medium,"Passport, proof of foreign address, bank reference letter, 6 months of bank statements and source-of-funds evidence; certified/notarised copies if remote.","Reported XCD 100-700 for basic local accounts and USD 10,000-50,000 for international/non-resident accounts (unverified).","Republic Bank, Bank of Nevis, St Kitts-Nevis-Anguilla National Bank, CIBC FirstCaribbean.",Enhanced due diligence and higher balances for non-residents; CIBC online opening limited to residents.,Wise USD details; regional Caribbean or US accounts.,,10000,,"Minimum deposit is the low end of the reported (unverified) USD 10,000-50,000 for international/non-resident accounts at local banks; opening and monthly fees are not published.",low,https://www.globalcitizensolutions.com/banks-in-st-kitts-and-nevis/; https://wheretoemigrate.io/blog/banking-in-saint-kitts-and-nevis-expat-guide-2026
St. Lucia,limited,in-person,no,hard,"Passport (notarised copies if not original), proof of foreign address, bank reference letter from a bank of 3+ years' relationship, source of funds, CRS/FATCA self-certification.","Not published officially; guides cite roughly USD 5,000 for non-residents, older reports far lower.","Bank of Saint Lucia (dedicated non-national/non-resident customer type), 1st National Bank St Lucia, Republic Bank (EC).",Strict correspondent-banking KYC; Hermes Bank in liquidation since 2025; XCD pegged to USD.,"Wise, Revolut (no local EC dollar details); citizenship-by-investment holders get easier access.",,5000,,"Minimum deposit is the roughly USD 5,000 non-resident figure cited by third-party guides (not an official Bank of Saint Lucia tariff); opening and monthly fees are not published.",medium,https://www.bankofsaintlucia.com/services/customer-types/view/2/63; https://www.expat.com/en/forum/central-america/saint-lucia/112398-opening-a-bank-account-in-saint-lucia.html
St. Vincent & Grenadines,limited,remote,often,hard,"Passport (notarised copy), proof of foreign address, bank reference letter, source-of-funds evidence, TIN for CRS.",Not published for personal accounts; BOSVG lists a nominal opening deposit (about XCD 10) on its account checklist.,Bank of St. Vincent and the Grenadines (accepts notarised forms by email/fax); Republic Bank (EC) via RepublicOnboard is aimed at nationals abroad.,"Enhanced due diligence for non-residents, CRS reporting, correspondent-bank de-risking in the Eastern Caribbean; XCD pegged to USD.",Wise or Revolut for multi-currency needs; offshore-oriented international banks licensed in SVG serve non-residents but are not retail banks.,,3.7,,Bank of St. Vincent and the Grenadines checklist cites a nominal opening deposit of about XCD 10 (about USD 3.70 at XCD 2.70/USD); opening and monthly fees for non-resident personal accounts are not published.,low,https://www.bosvg.com/wp-content/uploads/2021/06/Account-Opening-Requirements27868.pdf; https://wheretoemigrate.io/blog/banking-in-saint-vincent-and-the-grenadines-expat-guide-2026
Dominica,limited,remote,no,medium,"Passport, second ID, proof of foreign address (utility bill), bank reference, source-of-funds evidence.",not published,National Bank of Dominica (case-by-case); other onshore banks not confirmed.,Enhanced due diligence for non-residents and CBI-linked clients; EC dollar pegged to USD at 2.70; correspondent-banking de-risking in the Eastern Caribbean limits USD services.,Wise or Revolut transfers; offshore banks under the Financial Services Unit; regional banks in other ECCU states.,,,,"National Bank of Dominica handles non-residents case-by-case and publishes no non-resident opening fee, minimum deposit or monthly fee, so all three are null.",low,https://nomadcapitalist.com/finance/banking-in-dominica-the-ultimate-guide/; https://www.globalcitizensolutions.com/pt/banks-in-dominica/
Dominican Republic,limited,in-person,no,medium,"Passport with valid entry stamp, second ID, proof of foreign address, home-bank reference letter (often in Spanish), proof of income/source of funds, FATCA/CRS forms.",Low; guides cite about USD 100-500 opening deposit (Banreservas USD account reported around USD 300); monthly fees not published.,"Banco Popular Dominicano, Banreservas, BHD, Scotiabank (practice varies by branch).",Usually savings accounts only for non-residents; branch-level discretion and frequent refusals; overstayed tourists cannot open; withdrawal limits and fees vary.,Wise or Revolut for transfers; local remittance services.,,300,,"Banreservas USD account reported at about USD 300 opening deposit (guides cite USD 100-500, already USD); opening and monthly fees are not published for non-residents.",medium,https://www.riotimesonline.com/banking-dominican-republic-foreigners-2026/; https://www.drlistings.com/blog/dominican-republic-bank-account-foreigner/
Haiti,limited,remote,often,hard,"Passport or ID, residence permit (often), proof of address, completed application; diaspora remote openings use notarized signatures by mail.","US trade guide cites a minimum deposit of HTG 2,500 for individual accounts; fees not published.","Unibank (diaspora account-from-abroad process reported), Sogebank, BNC; non-resident foreigner acceptance case-by-case.",Severe security crisis and gang violence disrupt branches; correspondent-banking de-risking limits USD transfers; strict AML checks.,"Mobile money (MonCash, Natcash) requires local SIM/ID; remittance services such as Western Union or Remitly for sending funds.",,19,,"US trade guide cites a minimum deposit of HTG 2,500 for individual accounts (about USD 19 at roughly HTG 131 = USD 1); opening and monthly fees are not published by Unibank, Sogebank or BNC.",low,https://trade.gov/country-commercial-guides/haiti-trade-financing; https://wheretoemigrate.io/blog/banking-in-haiti-expat-guide-2026
Mexico,limited,in-person,often,hard,"Passport, Mexican residence card (temporal/permanente) for most banks, proof of address under 3 months old, tax ID (RFC or foreign TIN); tourists on an FMM generally refused.",Not published for non-residents; some banks impose minimum balances and withdrawal limits on non-resident accounts.,"Some branches of major banks (e.g. BBVA México, Banamex, Banorte) open accounts case-by-case; most require residency.","Almost all banks require residency; non-resident accounts often restricted (card-only, transfer limits); USD accounts limited to border-zone residents; CRS/FATCA reporting.","Wise (MXN transfers), Revolut; digital banks offering card-only wallets without residency.",,,,"No bank named publishes a non-resident personal tariff (BBVA Mexico, Banamex and Banorte open non-resident accounts case-by-case with unpublished minimum balances), so all three figures are left null as unpublished.",medium,https://globalbanks.com/how-to-open-a-bank-account-in-mexico/; https://www.photonpay.com/hk/blog/article/how-to-open-a-bank-account-in-mexico?lang=en
Guatemala,limited,in-person,often,medium,"Passport with entry stamp, local proof of address (hotel/lease letter), NIT tax ID from SAT, home bank reference letter, initial deposit.","Reports range from about GTQ 500 to USD 1,000+ for USD accounts; not officially published.",Banco Industrial and BAM reported as most flexible for foreigners.,Physical presence usually required; branch-level discretion is high; USD accounts subject to extra KYC and source-of-funds checks.,Wise or Revolut cards for local ATM use; remittance services.,,65,,"Banco Industrial/BAM opening deposit reported from about GTQ 500 (USD 1 = GTQ 7.7), with USD accounts needing USD 1,000+, and opening and monthly fees not published (web search budget exhausted in pass 2, so figures come from the existing min_deposit_fees text and were not re-verified against a bank tariff).",medium,https://www.westernunion.com/blog/en/us/guide-to-opening-a-bank-account-in-guatemala/; https://www.expat.com/en/guide/central-america/guatemala/15498-banking-in-guatemala.html; https://livinginguatemala.com/bancos/open-bank-account-foreigner-guatemala/
Belize,yes,remote,no,medium,"Passport, proof of foreign address, bank reference, proof of income and source of wealth, CRS/FATCA self-certification; onboarding by video call and email.","Guides cite minimum deposits around USD 1,000-5,000; fees not published.",Offshore/international banks such as Belize Bank International and Heritage International Bank accept non-residents; domestic banks vary.,Offshore (international) banks hold foreign-currency accounts only; domestic BZD accounts usually need residency; strict source-of-funds checks and CRS reporting.,"Wise, Revolut for everyday use.",,1000,,"Third-party guides cite minimum opening deposits of about USD 1,000-5,000 at international banks such as Belize Bank International (BZD 2.00/USD peg), and 1,000 is the lower bound; opening and monthly fees are not published.",medium,https://globalbanks.com/belize-banking-requirements/; https://www.block3finance.com/how-to-open-an-offshore-bank-account-in-belize-a-comprehensive-guide
El Salvador,limited,in-person,often,hard,"Passport, Salvadoran tax number (NIT), description of expected activity; higher-risk clients add income proof or tax returns.",Not published; varies by bank.,"Banco Agrícola, Banco Cuscatlán, Davivienda, Promerica (in-person, case by case).","2025 guidelines tier foreign clients by risk; banks look for a local tie (NIT, address, representative); USD is the official currency.",Wise USD account; Chivo/Bitcoin wallets outside banking.,,,,"Banco Agricola, Cuscatlan, Davivienda and Promerica do not publish non-resident opening requirements or fees (case-by-case in branch), so all figures are null.",medium,https://garciabodan.com/en/new-guidelines-for-opening-accounts-for-foreign-and-salvadoran-investors-abroad/; https://www.riotimesonline.com/bank-account-el-salvador-foreigners-2026/; https://wheretoemigrate.io/blog/banking-in-el-salvador-expat-guide-2026
Honduras,limited,in-person,often,hard,"Passport with valid entry stamp, proof of address, bank reference letters; many banks want a Honduran residency card or RTN tax number.",Not published.,"BAC Credomatic, Banco Ficohsa, Banco Atlantida, Davivienda (case-by-case for non-residents).",Banks historically discouraged from opening accounts for foreigners without residency; approval at branch manager discretion; remote opening mainly for Hondurans abroad.,"Wise, Revolut, remittance services (e.g. Western Union).",,,,"Honduras: not published by the banks named and no official tariff could be found, so all three figures are left null.",low,https://wheretoemigrate.io/blog/banking-in-honduras-expat-guide-2026; https://www.expat.com/forum/viewtopic.php?id=811309
Nicaragua,limited,in-person,often,hard,"Passport with entry stamp, second photo ID, proof of foreign address, bank reference letters, income statement, sometimes two local references.","Low minimums reported, e.g. about USD 50-100 or NIO 1,000 for savings; fees not published.","BAC Credomatic, Banpro, LAFISE (case-by-case for non-residents, branch visit required).","US and EU sanctions on officials and state entities, 2024 laws widening state access to financial data, heavy KYC; USD accounts common.",Wise or Revolut abroad; remittance services such as Xoom deliver to local accounts.,,50,,"Reported minimum opening deposits at BAC/Banpro/LAFISE are about USD 50-100 (lower bound used) or NIO 1,000 (about USD 27 at NIO 36.6/USD); opening and monthly fees are not published.",medium,https://riotimesonline.com/bank-account-nicaragua-foreigners-2026; https://www.expat.com/en/forum/central-america/nicaragua/564519-non-resident-bank-accounts.html; https://www.bizlatinhub.com/how-to-open-a-corporate-bank-account-in-nicaragua
Costa Rica,limited,in-person,often,hard,"Passport with entry stamp, proof of foreign address, source-of-funds documents, sometimes a bank reference; full accounts usually need a DIMEX residence card.","Simplified non-resident accounts typically capped around USD 1,200-2,000 in monthly deposits; opening deposit and fees not published.",Banco de Costa Rica (BCR) offers limited non-resident accounts; private banks such as BAC Credomatic case-by-case.,Non-resident accounts carry monthly deposit caps and limited products; strict AML/KYC under SUGEF; branch acceptance is inconsistent.,Wise or Revolut for CRC transfers; keep funds in a home-country account.,,,,"Banco de Costa Rica simplified non-resident accounts cap monthly deposits at about USD 1,200-2,000, but no opening fee, minimum deposit or monthly fee is published, so all three are null.",medium,https://www.riotimesonline.com/banking-costa-rica-foreigners-2026/; https://crie.cr/additional-services/bank-account/; https://aglegal.com/openning-a-bank-account-in-costa-rica/
Panama,limited,remote,no,hard,"Passport plus second ID, one or two bank reference letters, professional reference, proof of address, proof of income, source-of-funds statement, CV; remote applications usually need notarised or apostilled copies.","Varies widely; guides cite about USD 1,000-10,000, some banks up to USD 250,000 for non-residents; fees not published.",Specific accepting banks not confirmed from official pages; acceptance is bank-by-bank and often via a local attorney introduction.,Heavy AML/KYC due diligence and frequent unexplained rejections; FATCA forms for US persons; dollarised economy so USD accounts are standard.,Wise or Revolut; Panama-based EMIs not established for non-residents.,,1000,,"Guides cite USD 1,000-10,000 (some banks up to USD 250,000) minimum for non-residents, low end used and already in USD; opening and monthly fees are not published.",medium,https://globalbanks.com/panama-bank-account-for-foreigners/; https://goldenharbors.com/articles/bank-account-in-panama
Colombia,limited,in-person,often,hard,"Passport plus, at most banks, cedula de extranjeria (requires visa over 3 months), Colombian address and phone, proof of income; branch visit required.",Personal accounts reported from about USD 50 initial deposit; non-resident fees not published.,Bancolombia and Davivienda generally require cedula; BBVA Colombia reportedly opens some accounts in person with passport only.,SARLAFT AML screening lets banks refuse non-residents; foreign-exchange registration rules (Banco de la Republica) for inbound funds; 4x1000 financial transactions tax.,Nequi and Daviplata digital wallets accept passports with low limits; Wise or Revolut for international transfers.,,50,,"Personal accounts are reported to open with about USD 50 initial deposit (secondary sources, roughly COP 200,000 at COP 4,000 = USD 1); Bancolombia, Davivienda and BBVA Colombia do not publish non-resident opening or monthly fees.",medium,https://colombiamove.com/blog/open-bank-account-colombia-foreigner; https://nexo.legal/bank-colombia-foreigners-cedula-extranjeria-2026/
Venezuela,no,not available,yes,very hard,"Venezuelan cédula de identidad and RIF tax ID, local proof of address, proof of income and personal/bank references; in-branch processing.",Not published.,"None known for non-residents; Banco de Venezuela, Banco Mercantil and BNC require local cédula/RIF and Venezuelan address.","US OFAC and other sanctions on the government and state banks, severe correspondent-banking de-risking, hyperinflation history and exchange controls; USD access largely via cash or Zelle-type informal channels.","Foreigners typically use home-country accounts with cash USD, Zinli/Binance P2P or employer-managed accounts; no mainstream fintech local details.",,,,"Non-residents cannot realistically open a personal account here, so no opening fee, minimum deposit or monthly fee applies or is published.",medium,https://wheretoemigrate.io/blog/banking-in-venezuela-expat-guide-2026; https://www.bossrevolution.com/en-us/blog/account-in-the-banco-de-venezuela; https://ofac.treasury.gov/faqs/1247
Ecuador,limited,in-person,often,hard,"Passport, usually a valid visa or cedula, proof of address, employment certificate or RUC, personal reference from an Ecuadorian citizen.",not published,"Banco Pichincha (passport plus visa reported), BanEcuador (accepts passport), some savings cooperatives.",Most banks require a cedula (residency); economy is dollarised so accounts are in USD; strict AML checks on foreign funds.,Savings and credit cooperatives; Wise/Revolut for USD; foreign cards at ATMs.,,,,"Banco Pichincha, BanEcuador and cooperatives publish no non-resident opening fee, minimum deposit or monthly fee (web search budget exhausted in pass 2, so figures come from the existing min_deposit_fees text and were not re-verified against a bank tariff).",low,https://www.riotimesonline.com/banking-ecuador-foreigners-2026/; https://www.expat.com/en/forum/south-america/ecuador/859712-opening-a-bank-account.html; https://esim.holafly.com/finance/banks-ecuador-expats/
Peru,limited,in-person,often,hard,"Passport (at least 6 months validity); most banks want a Carné de Extranjería, Peruvian address proof (rental contract, utility bill) and local phone.",Not published for non-residents; basic accounts typically have no minimum deposit.,"BCP, Interbank, BBVA Peru, Scotiabank Peru (mostly residents; passport-only basic accounts case-by-case).",Most banks require residency in practice; a 2025 SBS rule reportedly allows passport-only basic accounts but with limits; physical presence needed.,"Wise, Revolut; local wallets Yape/Plin need a Peruvian bank account.",,0,,"Basic soles savings accounts at BCP, Interbank and BBVA typically have no minimum deposit (PEN 3.7/USD), but no non-resident fee schedule is published for opening or monthly fees.",medium,https://wise.com/au/blog/opening-a-bank-account-in-peru; https://www.riotimesonline.com/moving-to-peru/
Bolivia,no,in-person,yes,very hard,"Passport, foreigner ID card (carnet de extranjero) from temporary residence, NIT, local proof of address.","Reported about USD 50-1,000 (often ~USD 100) initial deposit for residents.","none known for non-residents (Banco Nacional de Bolivia, Mercantil Santa Cruz, BISA serve residents).","Tourists cannot open accounts; FX shortages and 2026 currency changes; source-of-funds checks on USD deposits above USD 5,000.",Wise or home-country accounts; local cash.,,,,"Non-residents cannot open personal accounts here, so all cost fields are null; resident accounts reportedly need about USD 50-1,000 (often ~USD 100) initial deposit.",medium,https://www.riotimesonline.com/bank-account-bolivia-foreigners-2026/; https://wheretoemigrate.io/blog/banking-in-bolivia-expat-guide-2026
Guyana,limited,in-person,often,hard,"Passport, proof of address (utility bill), proof of income, Guyana TIN certificate, and a banker's reference for foreign nationals.","Republic Bank Guyana savings minimums cited from GYD 5,000 to GYD 100,000 depending on product.",Republic Bank (Guyana) - foreign national accounts subject to conditions.,TIN required; Republic's non-resident foreign currency account targets those living abroad; foreign currency scarcity and USD account approvals reported.,"Wise, Revolut; remittance services.",,24,,"Republic Bank (Guyana) savings minimums are cited from GYD 5,000 (about USD 24 at GYD 209/USD) up to GYD 100,000 depending on product; opening and monthly fees are not published.",low,https://www.republicguyana.com/personal/foreign-currency-accounts; https://www.riotimesonline.com/bank-account-guyana-foreigners-2026/
Suriname,limited,in-person,often,very hard,"Passport, proof of address, proof of income or employment, foreign bank reference letter, sometimes residence permit and tax ID.",Not published; non-residents may face higher opening capital or minimum balances for USD/EUR accounts.,"De Surinaamsche Bank, Hakrinbank, Republic Bank Suriname (branch visit; no confirmed remote non-resident onboarding).","FX shortages and post-2020 currency crisis, slow onboarding (reports of up to months), correspondent banking limits.",Wise or Revolut held abroad; Mercury/US fintech for business needs.,,,,"No published non-resident figures for DSB, Hakrinbank or Republic Bank Suriname; opening capital and minimum balances for USD/EUR accounts are set case by case.",low,https://www.riotimesonline.com/bank-account-suriname-foreigners-2026/; https://www.trade.gov/country-commercial-guides/suriname-trade-financing; https://republicbanksr.com/node/729
Brazil,limited,remote,often,hard,"Passport, CPF tax number (obtainable from abroad via consulate/Receita Federal), proof of foreign address, foreign TIN, source of funds.","Non-resident (CNR) account fees are high at premium banks, e.g. one guide quotes BTG Pactual at about BRL 24,000 a year; others not published.","Exchange-authorised banks offering the Conta de Nao Residente (CNR), e.g. BTG Pactual; mainstream retail banks rarely open for non-residents.",Non-residents must use the CNR regime regulated by Banco Central do Brasil; retail banks generally require a residence permit (CRNM); annual CPF re-registration reported for non-residents.,"Wise (PIX-enabled transfers), Nomad or similar USD accounts for Brazilians; law-firm assisted remote onboarding.",,,370,"BTG Pactual non-resident (CNR) account reportedly costs about BRL 24,000 a year (BRL 2,000/month, about USD 370 at BRL 5.4/USD) per a third-party guide; opening fee and minimum deposit are not published, so null.",medium,https://www.brazilcounsel.com/blog/forget-opening-a-brazilian-bank-account; https://www.riotimesonline.com/how-to-open-a-bank-account-in-brazil-as-a-foreigner-2026/; https://oliveiralawyers.com/services/cross-border/open-brazil-bank-account-service/
Paraguay,no,not available,yes,very hard,"Paraguayan cedula (national ID) normally required, plus passport, local address, proof of income and source-of-funds/patrimony declaration.",not published,none known for passport-only non-residents; Banco Atlas and Banco Continental require a cedula for full personal accounts.,Since 2026 banks require origin-of-funds and patrimony declarations; tourists generally rejected; non-residents can usually bank only via a Paraguayan company with an RUC.,Obtain residency and cedula first; otherwise Wise or Revolut from abroad.,,,,"Not applicable: passport-only non-residents cannot open personal accounts (Banco Atlas and Banco Continental require a cedula), so no costs apply.",medium,https://www.riotimesonline.com/bank-account-paraguay-foreigners-2026/; https://wheretoemigrate.io/blog/banking-in-paraguay-expat-guide-2026
Uruguay,yes,remote,no,medium,"Passport, proof of foreign address, bank reference letter, proof of income and source of funds; some private banks also want a local tax ID and Uruguayan phone.","BROU reportedly requires new non-resident foreigners to place a USD 5,000 fixed-term deposit for 181 days; Santander non-resident accounts carry high minimum balances (amount not published).","Banco Republica (BROU), Itau Uruguay (non-resident account), Santander Uruguay (online non-resident account), Scotiabank (in person).",No capital controls and USD accounts widely available; strict source-of-funds checks and CRS/FATCA reporting; non-resident accounts may face higher fees.,"Wise, Revolut; Prex and Mi Dinero cards for locals with cedula.",72,5000,24,"BROU non-resident foreigner page: USD 5,000 fixed-term deposit for 181 days, client registration 300 UI plus savings-account opening 150 UI (450 UI, about UYU 2,900) and a non-waivable monthly fee of 150 UI (about UYU 960), at roughly UYU 6.4 per UI and UYU 40 = USD 1.",medium,https://www.riotimesonline.com/bank-account-uruguay-foreigners-2026/; https://finantres.com/abrir-cuenta-bancaria-uruguay/; https://www.realestate-in-uruguay.com/blog/foreigners-guide-to-banking-in-uruguay/
Argentina,limited,in-person,often,hard,"Passport, Argentine tax ID (CUIT/CUIL; CUIT replaced CDI for foreigners from March 2026), local proof of address; DNI needed for full product range and online banking.",Basic accounts (caja de ahorro / cuenta para migrantes at public banks) are free; other fees not published for non-residents.,Banco de la Nación Argentina and other public banks (mandated basic accounts); private banks case-by-case.,Many branches refuse passport-only applicants; non-residents face tighter product limits; FX rules eased from April 2025 but still evolving; FATCA/CRS reporting.,"Wise, Western Union, crypto/USDT apps commonly used; local wallets such as Mercado Pago generally require DNI.",0,,0,"Banco de la Nacion Argentina basic savings account (caja de ahorros) is free to open and maintain under BCRA basic-account rules (ARS 0); no minimum deposit figure is published for non-residents, so that field is null.",medium,https://www.riotimesonline.com/banking-argentina-foreigners-2026/; https://buenosairesherald.com/argentina-101/need-to-open-up-a-bank-account-in-argentina-without-a-dni-heres-how
Chile,no,not available,yes,very hard,"Chilean ID card (cedula de extranjeria) with RUT, visa/residence, proof of local address and often local income.","CuentaRUT has no minimum; checking accounts typically need income around CLP 800,000/month; non-resident fees not published.",none known for non-residents; BancoEstado CuentaRUT and Scotiabank foreigner accounts need residence/visa.,RUT and Chilean ID required; banks generally cannot open accounts from abroad for non-residents.,"Brokerage accounts (high minimums), Wise/Revolut, foreign cards.",,,,"Non-residents cannot open personal accounts here (CuentaRUT and foreigner accounts need a RUT and residence/visa), so no costs apply.",medium,https://www.expat.cl/finance/open-bank-account-chile/; https://wise.com/us/blog/opening-a-bank-account-in-chile; https://www.expat.cl/finance/banks-chile-expat/
Mongolia,yes,remote,no,medium,"Passport (notarised, apostilled copy for remote opening), proof of foreign address, bank reference letter, photo; in-branch opening needs passport only at many banks.",Not published.,"Golomt Bank (remote savings account for people abroad), Khan Bank, TDB (Trade and Development Bank), XacBank (in-branch).",No legal bar on non-residents; remote opening limited to specific products and slow; FATF grey-list exit in 2023 but enhanced due diligence remains.,Wise for MNT transfers; QPay/SocialPay need a local account.,,,,"Golomt, Khan Bank, TDB and XacBank publish no non-resident account fees or minimum deposit (MNT about 3,400/USD), so all figures are unpublished.",medium,https://www.golomtbank.com/en/savings/9033; https://wheretoemigrate.io/blog/banking-in-mongolia-expat-guide-2026
Japan,no,in-person,yes,very hard,"Residence card (zairyu card), registered Japanese address, Japanese phone number, hanko or signature.",Not published; ordinary accounts usually free.,"none known for non-residents (Japan Post Bank, Rakuten, Shinsei/SBI serve residence-card holders).",Under the FX Act foreigners in Japan under 6 months are non-residents; tourists cannot open accounts and non-resident yen accounts are heavily restricted.,Wise JPY account details for receiving funds.,,,,"Non-residents cannot open personal accounts here, so all cost fields are null; ordinary accounts for residence-card holders are usually free.",high,https://studyjapan.jp/en/topics/life/bankaccount.html; https://wise.com/en-jp/blog/best-bank-for-foreigners-in-japan; https://e-housing.jp/post/how-to-open-a-bank-account
South Korea,limited,in-person,often,hard,"Passport, Korean mobile number in own name, proof of purpose (employment/enrolment) and local address; ARC needed for full services.",No minimum deposit typically; fees not published.,"KB Kookmin, Hana Bank, Shinhan, Woori (in branch, mainly for visitors with a clear Korea connection).","Accounts without an ARC are often teller-only with no ATM, online banking or overseas transfer for months; must open in person in Korea; anti-fraud limits on new accounts.","Wise, Revolut; for travellers, prepaid cards such as WOWPASS.",,0,,"Major Korean banks (KB Kookmin, Hana, Shinhan, Woori) typically need no minimum deposit; opening and monthly fees for non-resident accounts are not published.",medium,https://wise.com/au/blog/opening-a-bank-account-in-south-korea; https://www.90daykorean.com/?p=591
China,limited,in-person,often,hard,"Passport with valid visa or visa-free entry stamp, Chinese mobile number, local address, stated purpose of account; many branches still ask for residence permit or temporary residence registration.",Typically no or very low minimum (around CNY 10 card fee); some guides cite USD 500 for a USD account at Bank of China.,"Bank of China, ICBC, Bank of Beijing and other large banks (branch-dependent acceptance of short-term visitors).","Strict capital controls (USD 50,000 annual FX quota), branch discretion, no remote opening for non-residents; tourist-visa applicants often refused.","Alipay and WeChat Pay linked to foreign cards (PBOC 2024 easing); Wise, Revolut abroad.",1.4,0,,"Large banks such as Bank of China and ICBC typically require no minimum for a CNY debit account and charge about CNY 10 for the card (about USD 1.40 at CNY 7.1/USD); some guides cite USD 500 for a USD account, and monthly fees for visitors are not published.",medium,https://www.china-briefing.com/news/china-unveils-new-guidelines-on-optimized-payment-services-for-foreigners-an-overview/; https://wise.com/en-cn/blog/open-bank-of-china-account-as-a-foreigner; https://focus.cbbc.org/how-to-open-a-bank-account-in-china-as-a-foreigner/
Taiwan,limited,in-person,often,hard,"Passport plus secondary ID, a Taiwan Record of ID Number or UBN from the National Immigration Agency, local address and phone; most banks require an ARC.","Small NTD opening deposits typical (often around NTD 1,000); non-resident fees not published.",none known that routinely accept non-residents; some private banks open passport-only accounts at branch discretion.,FSC rules treat the ARC as the key ID; without it acceptance is at bank discretion and accounts may be restricted to limited functions; foreign-currency accounts and FX limits apply.,Wise for TWD transfers; keep home-country account; offshore banking units (OBU) for some foreign clients.,,32,,"Typical small NTD opening deposit of about TWD 1,000 (about USD 32 at TWD 31/USD) at banks that accept passport-only clients at branch discretion; opening and monthly fees for non-residents are not published, so null.",medium,https://globalbanks.com/open-bank-account-taiwan/; https://ecct.com.tw/passports-no-longer-needed-for-arc-holders-to-open-a-bank-account; https://winklerpartners.com/a-first-hurdle-for-foreign-investment-in-taiwan-account-opening-challenges-for-non-resident-responsible-persons/
Hong Kong,limited,remote,no,hard,"Passport, proof of foreign residential address, proof of income/source of funds, purpose of account; some banks also ask for tax residency (CRS) self-certification and an in-person visit.","HSBC One charges non-HKID holders HKD 100/month below HKD 10,000 balance (from Jan 2026); Premier requires a high balance (not published here); other banks not published.",HSBC Hong Kong (international/remote onboarding for residents of designated countries; existing Premier clients qualify automatically); other banks case-by-case.,"No capital controls and HKD/USD freely available, but strict AML/KYC; virtual banks generally require a HKID; many banks require a branch visit and reject non-residents without clear HK nexus.",Wise or Revolut HKD details; Statrys/Airwallex for business only.,,,12.8,"HSBC One charges non-HKID holders HKD 100/month when the balance is below HKD 10,000 (about USD 1,280) at roughly 0.128 USD/HKD; no opening fee or opening minimum is published.",medium,https://www.personal.hsbc.com.hk/international/banking-in-hong-kong; https://www.easyglobalbanking.com/alternative-banking-hubs/hong-kong-banking-risks-and-opportunities-2025/
Macau,limited,in-person,often,medium,"Passport, proof of foreign address, proof of income/source of funds, account purpose; some banks ask for a Macau non-resident worker (Blue) card.",not published,"Bank of China Macau, BNU (Banco Nacional Ultramarino), ICBC Macau; acceptance of non-residents varies by bank and branch.","No legal bar on foreigners, but in-person visit is required and banks apply strict AML due to the gaming sector; MOP pegged to HKD, no capital controls.",Wise or Revolut; Hong Kong banks for a nearby multi-currency option.,,,,"Bank of China Macau, BNU and ICBC Macau do not publish non-resident personal account opening fees, minimum deposits or monthly fees, so all figures are null.",low,https://globalbanks.com/open-bank-account-macau/
Singapore,limited,in-person,often,medium,"Passport, proof of foreign residential address (within 3 months), tax residency/TIN declaration, sometimes source-of-funds or reference; Singapore pass needed for digital (Singpass) opening.","Non-resident accounts often need higher deposits (roughly up to S$5,000 or more at priority tiers); e.g. DBS Multiplier S$3,000 average balance or S$5 monthly fee.","DBS, OCBC, UOB, Citibank Singapore, Standard Chartered, HSBC Singapore (case-by-case, often via priority/wealth tiers).",Strict MAS AML/KYC; many retail products require a pass or local address; non-residents frequently asked to visit a branch in person; CRS/FATCA reporting.,Wise and Revolut provide SGD local account details; YouTrip and other wallets for spending.,,0,3.85,"DBS Multiplier: no initial deposit required, S$5 monthly fall-below fee if average daily balance is under S$3,000 (about USD 2,310) at ~1.30 SGD/USD; no opening fee is published, and non-resident approval is case-by-case.",medium,https://wise.com/sg/blog/foreigner-open-bank-account-in-singapore; https://www.singsaver.com.sg/banking/blog/can-a-foreigner-open-a-bank-account-in-singapore
Malaysia,limited,in-person,often,hard,"Passport with valid long-term pass (employment, student, MM2H), proof of address, reference letter; tourist visas generally not accepted.","Typically about MYR 250-1,000 for savings/current accounts; non-resident fees not published.",Maybank and CIMB cited as foreigner-friendly; HSBC/Standard Chartered premier tiers case-by-case.,Non-residents fall under BNM foreign exchange policy as External Accounts; first account must be opened in branch.,"Wise (may require pass), e-wallets for visitors, international private banking in Labuan.",,60,,"Maybank/CIMB savings accounts reported at about MYR 250 minimum (up to MYR 1,000 for current accounts; USD 1 = MYR 4.2), with non-resident opening and monthly fees not published (web search budget exhausted in pass 2, so figures come from the existing min_deposit_fees text and were not re-verified against a bank tariff).",medium,https://wise.com/my/blog/open-a-bank-account-online-in-malaysia; https://www.worldfirst.com/my/blog/business-bank-insights/can-foreigners-open-bank-account-malaysia/; https://malaysia4u.com/foreigner-banking-guide
Indonesia,limited,in-person,often,hard,"Passport with valid visa; KITAS/KITAP, local address, NPWP tax number and Indonesian phone usually required for full accounts.","Tourist-type accounts reportedly require USD 2,000-50,000 balance with higher fees under USD 10,000; otherwise not published.","BCA, Bank Mandiri, BNI, BRI, CIMB Niaga (passport-only accounts case-by-case at branches).",Without KITAS most banks refuse; tourist accounts are savings-only with limits; remote opening from abroad not permitted.,"Wise, Revolut; Jenius/digital banks need KTP or KITAS.",,2000,,"Tourist-type accounts at banks such as BCA or Mandiri reportedly need a USD 2,000-50,000 balance (IDR about 16,500/USD), with higher fees under USD 10,000; opening and monthly fees are not published.",medium,https://www.cekindo.com/blog/opening-a-bank-account-in-indonesia; https://www.rukita.co/stories/how-to-open-a-bank-account-in-indonesia
Thailand,limited,in-person,often,hard,"Passport with visa, often a work permit or long-term visa, immigration residence certificate or embassy letter, Thai phone number.","UOB non-resident accounts reportedly need THB 50,000; others small or not published.","Bangkok Bank, Kasikorn, SCB, UOB (branch discretion; tourists sometimes accepted).",Bank of Thailand rules on non-resident baht accounts and anti-fraud tightening; practice varies by branch.,Wise THB details; DTV/long-stay visa first.,,1000,0,"Bangkok Bank FCD savings account for non-residents (fee schedule effective 1 Oct 2018): USD 1,000 initial deposit, USD 10/month charged only if the average balance falls below USD 250 (so 0 if maintained); no opening fee is published.",medium,https://www.thethailandlife.com/thai-bank-account-foreigners; https://www.bot.or.th/en/news-and-media/news/news-20230926.html
Vietnam,no,in-person,yes,very hard,"Passport with valid Vietnamese visa or temporary residence card, local address and phone, work permit or labour contract for many banks.",Not published; usually low or none at major banks.,"None known for true non-residents; foreign residents use Vietcombank, Techcombank, HSBC Vietnam, Shinhan Vietnam.",Payment-account rules (Circular 17/2024/TT-NHNN) tie foreigners' accounts to visa/residence validity; savings and foreign-currency deposits by non-residents restricted; biometric verification required.,"Wise, Revolut (no local VND details); foreign portfolio investors use special indirect investment capital accounts.",,,,"Non-residents cannot realistically open a personal account here, so no cost figures apply (all null).",medium,https://www.dfdl.com/insights/legal-and-tax-updates/vietnam-draft-circular-to-amend-regulations-on-payment-accounts/; https://globalbanks.com/?p=17518
Philippines,limited,in-person,often,hard,"Passport, second ID (often ACR I-Card), proof of local address, Philippine mobile number, sometimes reference or proof of income.","BDO about PHP 5,000 and BPI about PHP 3,000 for peso savings; USD accounts often require higher deposits; fees not published for non-residents.","BDO, BPI, Metrobank (case-by-case; non-residents mostly limited to USD/EUR foreign-currency deposit accounts).","BSP KYC rules, ACR I-Card requirement effectively excludes short-term visitors, peso accounts often unavailable to non-residents.",Wise or Revolut for PHP; local e-wallets GCash and Maya need local ID/number.,,52,,"BPI peso savings minimum is about PHP 3,000 (about USD 52 at PHP 58/USD; BDO about PHP 5,000 = USD 86); opening and monthly fees for non-residents are not published.",medium,https://wise.com/ph/blog/foreigner-open-bank-account; https://wise.com/us/blog/opening-a-bank-account-in-the-philippines; https://www.b2bpay.co/how-open-bank-account-philippines-foreigner-2025
Cambodia,limited,remote,often,medium,"Passport (valid 3+ months), passport photo, proof of foreign address; branch openings usually want a long-term visa extension and lease; remote ACLEDA forms must be notarised and embassy-certified or confirmed by SWIFT MT999.","ABA reported at about USD 50 for non-residents; ACLEDA current accounts about USD 1,000; fees low.","ACLEDA Bank (overseas account opening), ABA Bank and Canadia Bank (in-branch with visa).",Most banks require a valid stay extension; USD widely used; remote-opened accounts may be limited to email/phone banking until a local SIM is obtained.,Wise for transfers; Bakong/KHQR wallets need local accounts; Wing and other mobile money mainly for residents.,0,0,0,"ACLEDA Bank standard savings account lists no opening fee, no initial deposit, no minimum balance and no monthly fee (USD-denominated; statements beyond two months cost USD 2/month), though ABA reportedly asks non-residents for about USD 50 and ACLEDA current accounts about USD 1,000.",medium,https://acledasecurities.com.kh/kh/assets/governmentbond/opening-custody-account.pdf; https://community.nomadgate.com/t/how-to-open-bank-account-in-cambodia-remotely-from-overseas-guide/19754; https://ips-cambodia.com/opening-bank-account-as-expat
Laos,limited,in-person,often,hard,"Passport with valid Lao visa, proof of local address in Laos; work permit for some products such as BCEL i-Bank; source-of-funds for investors.","not published; foreign-investor accounts may require USD 10,000 where ministries or the bank require it.",BCEL (Banque pour le Commerce Exterieur Lao) is most cited for foreigners; others not confirmed.,"Bank of Lao PDR rules allow non-resident foreign-currency accounts with a passport, but banks typically want a visa and local address; foreign-currency shortages and exchange controls on kip.",Wise or Revolut from Australia; cash/remittance services.,,,,"Not published: BCEL personal-account opening fees, minimum deposit and monthly fees for non-residents are unpublished (the USD 10,000 figure applies only to some foreign-investor accounts).",low,https://wheretoemigrate.io/blog/banking-in-laos-expat-guide-2026; https://ftp.laotradeportal.gov.la/upload/files/BoL_01_2010_E.pdf; https://aseanbriefing.com/news/laos-implements-mandatory-bank-accounts-for-foreign-investors
Myanmar,no,not available,yes,very hard,"Passport with a valid long-stay visa (3-6 months or more), proof of local address, employer or embassy letter or investment-commission recommendation.","Historical minimums of USD 100-1,000 depending on purpose; current figures not published.","none known for non-residents; KBZ Bank, CB Bank, AYA Bank serve resident foreigners.","FATF blacklist (call for action), US/EU/Australian sanctions on military-linked banks (MFTB, MICB), currency controls and forced FX conversion, no interest paid to foreigners.",none practical; foreigners rely on offshore accounts in Thailand or Singapore.,,,,"Non-residents cannot open personal accounts in Myanmar, so no cost applies (historical resident-foreigner minimums of USD 100-1,000 are not current).",medium,https://wheretoemigrate.io/blog/banking-in-myanmar-expat-guide-2026; https://www.frontiermyanmar.net/en/?p=7200
Brunei,limited,in-person,often,hard,"Passport with valid entry/employment/student/dependent pass and local proof of address (Brunei licence, utility bill or employer letter) for standard accounts.",Baiduri savings account minimum opening deposit BND 100; non-resident terms not published.,Baiduri Bank and BIBD (resident-focused; non-resident case-by-case); Standard Chartered Brunei.,"No exchange controls and non-resident accounts permitted by law, but banks generally want a local pass; US persons face hurdles due to no FATCA IGA.",Wise or Revolut for transfers; BND is pegged 1:1 to SGD so Singapore accounts are a practical substitute.,,77,,Baiduri Bank savings account minimum opening deposit BND 100 at ~1.30 BND/USD (about USD 77); opening and monthly fees for non-residents are not published.,low,https://www.trade.gov/country-commercial-guides/brunei-trade-financing; https://www.baiduri.com.bn/personal/banking/savings-account; https://wheretoemigrate.io/blog/banking-in-brunei-expat-guide-2026
Timor-Leste,limited,in-person,often,hard,"Passport, proof of address, visa or residence documentation, and source of funds; banks follow BCTL KYC instructions.",not published,"BNU (CGD group), ANZ Timor-Leste, BNCTL, Bank Mandiri branch.",Small USD-based banking sector; strict identification under BCTL instructions; non-resident acceptance is case-by-case.,Keep Australian bank account; Wise/Revolut; ANZ group relationship from Australia.,,,,"BNU, ANZ, BNCTL and Mandiri publish no non-resident opening fee, minimum deposit or monthly fee (USD is the local currency) (web search budget exhausted in pass 2, so figures come from the existing min_deposit_fees text and were not re-verified against a bank tariff).",low,https://bancocentral.tl/stats/lic_app/; https://anz.com/content/dam/timorleste/pdf/timor-leste-savings-and-transaction-products-terms-and-conditions.pdf; https://www.aseanbriefing.com/news/step-by-step-guide-to-company-registration-in-east-timor-for-foreign-investors/
Australia,yes,remote,no,easy,"Passport, visa grant and expected arrival date for migrant accounts; ID verified in branch after arrival; TFN recommended (founder's home country, so this is the inbound-migrant view).",Everyday accounts generally have no minimum deposit and no monthly fee for new migrants; interest without TFN taxed at 47%.,"Commonwealth Bank (apply up to 14 days pre-arrival), Westpac (up to 12 months), ANZ; NAB generally in-branch.",Pre-arrival accounts are deposit-only until in-person ID check in Australia; non-visa-holding non-residents without arrival plans generally cannot open everyday accounts.,"Wise or Revolut Australia offer AUD details; founder's home country, so domestic accounts already available.",0,0,2.6,"CommBank Smart Access has no opening fee or minimum deposit and a AUD 4 monthly fee (about USD 2.60 at AUD 0.66), waived if AUD 2,000+ is deposited each month or the holder is under 30.",high,https://wise.com/au/blog/opening-a-bank-account-in-australia; https://blog.orbitremit.com/how-to-open-bank-account-australia-migrant/
New Zealand,limited,in-person,often,hard,"Passport, NZ visa (residence/work/student), overseas address, IRD number or home tax declaration.",Not published; standard accounts typically low or no fee.,"ASB, ANZ, BNZ, Kiwibank (pre-arrival accounts for migrants).",Pre-arrival accounts are limited until in-branch ID verification; programs aimed at people moving with a visa.,Wise NZD account details.,,,0,ASB everyday/Streamline account carries NZD 0 monthly fee with electronic statements per third-party migrant guides (not confirmed on ASB's tariff); opening fee and minimum deposit are not published.,medium,https://www.asb.co.nz/moving-to-new-zealand; https://goingnz.com/moving-to-new-zealand/bank-accounts/
Fiji,limited,in-person,often,hard,"Passport, Fiji TIN letter (compulsory at BSP), Fiji residential address, proof of address, source of funds.",Not published.,"BSP Fiji, ANZ Fiji, Westpac Fiji (case-by-case; Australian bank ties may help).",Exchange controls by Reserve Bank of Fiji; non-resident and foreign currency accounts governed by residency definitions; TIN requirement hampers non-residents.,"Wise, Revolut; keep funds with Australian parent banks (ANZ, Westpac).",,,,"Fiji: not published by the banks named and no official tariff could be found, so all three figures are left null.",low,https://www.bsp.com.fj/media/qoxoxf3h/bsp-new-personal-account-requirements_11-3-24.pdf; https://wheretoemigrate.io/blog/banking-in-fiji-expat-guide-2026
Papua New Guinea,no,in-person,yes,very hard,"Passport, PNG work permit or visa, local address and employer reference; non-resident accounts require compliance with BPNG FE Manual Notice 11.",Not published; BSP foreign-currency accounts carry minimum balances and need BPNG approval.,"BSP, Kina Bank, ANZ and Westpac PNG operations (non-resident personal accounts not generally offered).","Foreign exchange controls, BPNG approval for FCAs, tax clearance needed for transfers abroad, FX shortages.",Keep funds in Australia (ANZ/Westpac) or use Wise; local mobile money such as MiBank/CellMoni needs PNG presence.,,,,"Non-resident personal accounts are not generally offered (BSP foreign-currency accounts need BPNG approval), so no applicable costs.",low,https://bankpng.gov.pg/sites/default/files/2024-10/feguidelines-final-sept-07.pdf; https://www.bsp.com.pg/uploads/2025/03/fca-terms-and-conditions-2015.pdf; https://bsp.com.pg/uploads/2025/03/bpng-fe-manual-2015-regulation.pdf
Samoa,limited,in-person,no,medium,"Passport, proof of foreign address, bank reference and source of funds; in-person branch visit.",ANZ Samoa foreign-currency accounts for non-residents require a minimum of 200 units (e.g. AUD 200 or USD 200); fees not published.,"ANZ Samoa (foreign-currency accounts for non-resident individuals), BSP Samoa (case-by-case).",Exchange controls administered by the Central Bank of Samoa; non-resident offerings are mainly foreign-currency accounts; tala accounts may be restricted.,Wise or remittance services for WST; Digicel/Vodafone mobile money for residents.,,200,,"ANZ Samoa foreign-currency account for non-resident individuals requires a minimum of 200 units (USD 200 used; AUD 200 would be about USD 132 at AUD 1 = USD 0.66); opening and monthly fees are not published, so null.",low,https://anz.com/samoa/en/business/treasury-foreign-exchange/foreign-currency-accounts; https://cbs.gov.ws/media/CBS-Exchange-Control-Information-Booklet-2025-final(1 Aug 2025).pdf; https://wheretoemigrate.io/blog/banking-in-samoa-expat-guide-2026
Tonga,limited,in-person,often,hard,"Passport, proof of local physical address (PO Box not accepted), residence or work permit usually expected, plus AML/CFT source-of-funds information.",Guides cite about TOP 100-300 opening deposit for a standard account; fees not published.,"ANZ Tonga, BSP Tonga, Tonga Development Bank (non-resident policy not published).",Small market with AML/CFT de-risking; non-residents face significant challenges and banks prefer a branch visit in Nuku'alofa.,Wise or Revolut; Australian or NZ bank accounts with remittance to Tonga.,,42,,"Guides cite about TOP 100-300 opening deposit for a standard account at ANZ/BSP Tonga, low end TOP 100 at about 0.42 USD/TOP; opening and monthly fees are not published.",low,https://www.confiduss.com/en/jurisdictions/tonga/business/bank-account-opening/; https://www.jarniascyril.com/?p=15541
Vanuatu,limited,in-person,often,hard,"Passport, proof of foreign address, bank reference, source-of-funds evidence, completed application taken to a branch.",not published,"ANZ Vanuatu, BRED Bank Vanuatu, Bank South Pacific (BSP) Vanuatu, National Bank of Vanuatu; non-resident acceptance case-by-case.","Formerly on EU/FATF grey lists, causing correspondent de-risking; banks restrict non-residents tied to the citizenship-by-investment programme.",Wise or Revolut; Australian or NZ bank account for regional transfers.,,,,"ANZ, BRED, BSP and National Bank of Vanuatu do not publish non-resident personal account opening fees, minimum deposits or monthly fees, so all figures are null.",low,https://anz.com/vanuatu/en/personal/everyday-banking/open-account; https://www.globalcitizensolutions.com/banks-in-vanuatu/
Solomon Islands,limited,in-person,often,hard,"Passport and visa/permit documentation, proof of address, source of funds and references; in-branch identification.",Not published.,"ANZ Solomon Islands, BSP Solomon Islands, Bank of South Pacific; non-resident personal accounts case-by-case.",Central Bank of Solomon Islands exchange controls; foreign-currency accounts need central bank approval; withholding tax on non-resident interest; strict PEP rules.,Wise/Revolut from Australia for transfers; mobile money services limited.,,,,"No bank named publishes a non-resident personal tariff (ANZ and BSP Solomon Islands handle non-residents case-by-case), so all three figures are left null as unpublished.",low,https://runningmybusiness.anz.com/content/dam/solomon-islands/pdf/ANZ-business-investor-guide.pdf; https://www.sibconline.com.sb/?p=56381
Kiribati,limited,in-person,often,hard,"Passport and identification per ANZ terms, residential address, likely purpose of account and local connection.",ANZ foreign currency account fee USD 5/month; other fees per ANZ Kiribati schedule; minimum deposit not published.,"ANZ Bank (Kiribati) Limited, Development Bank of Kiribati.",Foreign currency accounts subject to the Exchange Control Ordinance; very small market with limited non-resident service.,Keep Australian bank (AUD is legal tender); Wise; remittance services.,,,5,"ANZ Kiribati foreign currency account fee of USD 5/month, with opening fee and minimum deposit not published (AUD is the local currency) (web search budget exhausted in pass 2, so figures come from the existing min_deposit_fees text and were not re-verified against a bank tariff).",low,https://www.anz.com/content/dam/kiribati/pdf/country-schedule.pdf; https://www.anz.com/content/dam/kiribati/pdf/kiribati-savings-and-transaction-products-terms-and-conditions.pdf; https://anz.com/kiribati/en/contact-us
Nauru,no,not available,yes,very hard,No published non-resident process; CBA accounts opened via e-form for Nauruans and residents.,Not published.,"Commonwealth Bank of Australia (in-country service since August 2025, replacing the Bendigo Bank agency); no domestic bank.",Nauru uses AUD and has no locally licensed bank; CBA service targets Nauruan residents; realistic option for non-residents is an Australian account.,An Australian bank account (AUD is legal tender); Wise.,,,,"Non-residents cannot open personal accounts here, so no opening fee, deposit or monthly fee applies.",low,https://pina.com.fj/2025/08/12/bendigo-bank-cease-operations-in-nauru-commonwealth-bank-of-australia-opens-today/; https://www.bendigobank.com.au/media-centre/response-to-our-banks-presence-in-nauru/
Tuvalu,no,in-person,yes,very hard,"Passport, local Funafuti address, visa or work permit (reported).",Reported about AUD 50 minimum deposit (unverified).,National Bank of Tuvalu (only commercial bank).,No central bank; uses AUD; correspondent banking ties to Australia at risk per IMF; in-person only.,Keep Australian bank accounts (AUD is legal tender).,,,,"Non-residents cannot open personal accounts here, so all cost fields are null; National Bank of Tuvalu reportedly asks about AUD 50 (~USD 33 at 0.66) minimum deposit from residents (unverified).",low,https://en.wikipedia.org/wiki/National_Bank_of_Tuvalu; https://www.centralbanking.com/node/7826901
Marshall Islands,no,in-person,often,very hard,"Passport, bank reference, proof of address and a clear local connection; requirements not published.",Not published.,Bank of the Marshall Islands (domestic; non-resident personal accounts rare).,Tiny sector reliant on a single correspondent relationship; strong de-risking; offshore IBCs barred from local accounts; USD is local currency.,Wise or Revolut USD details; US bank accounts.,,,,"Non-residents cannot realistically open a personal account here, so no cost figures apply (all null).",low,https://globalbanks.com/bank-account-marshall-islands/; https://bbcincorp.com/offshore/company-formation/marshall-islands/open-bank-account
Micronesia,limited,in-person,often,hard,"Passport, proof of address, likely local address or reference and reason for account; requirements not published.",not published,Bank of the FSM (only locally incorporated commercial bank); Bank of Guam branches (requirements not published).,USD economy; small market with limited correspondent banking; FATCA/US banking rules apply via US-linked banks.,Use US or Australian accounts and Wise; Bank of Guam and US online banks if eligible.,,,,"Bank of the FSM and Bank of Guam do not publish non-resident opening fees, deposits or monthly charges.",low,https://www.federalreserve.gov/boarddocs/press/orders/2005/20051223/attachment.pdf; https://www.jarniascyril.com/expatriation/expatriation-micronesia-complete-guide/banking-financial-management-expat-micronesia/
Turkey,limited,in-person,often,medium,"Passport (translated/notarised if needed), Turkish tax number (vergi numarasi, obtainable from abroad or at a tax office), proof of address (home-country utility bill), Turkish phone number.","not published; some non-resident routes reportedly require around USD 6,000 held for three months.","Ziraat Bankasi, VakifBank, Garanti BBVA, QNB, HSBC Turkey and Kuveyt Turk reported to accept some non-residents, varying by branch.",Many banks increasingly require a residence permit (ID number starting with 99) and have tightened foreigner onboarding; strict AML checks; lira volatility and FX deposit rules.,Wise or Revolut for TRY transfers; Papara-type e-money wallets mostly need Turkish ID.,,6000,,"Some non-resident routes at Turkish banks reportedly require about USD 6,000 held for three months (reported, not from a bank tariff); opening and monthly fees for non-resident personal accounts are not published, so null.",medium,https://www.globalcitizensolutions.com/open-a-bank-account-in-turkey/; https://ozbekcpa.com/opening-a-bank-account-in-turkey/; https://www.expat.com/forum/viewtopic.php?id=1026492
Georgia,yes,remote,no,medium,"Passport, sometimes proof of foreign address and source-of-funds documents; remote opening usually via notarised/apostilled power of attorney.","Low; no significant minimum deposit at retail banks, small annual service fees (not published here); intermediary POA services cost extra.","TBC Bank, Bank of Georgia, Liberty Bank, Space Bank (app onboarding for some nationalities).",No legal bar on foreigners but KYC tightened in 2026 with source-of-funds checks; some nationalities restricted; multi-currency GEL/USD/EUR accounts allowed.,Wise or Revolut; Space Bank app (TBC) for eligible nationalities.,0,0,1.85,"Bank of Georgia Basic package: free current-account opening, no stated minimum balance, GEL 5/month for non-residents (GEL 2 for residents) at about 0.37 USD/GEL.",medium,https://pbservices.ge/blog/georgias-ten-best-banks/; https://www.gegidze.com/post/remote-bank-account-opening-in-georgia-what-s-actually-possi; https://wheretoemigrate.io/blog/banking-in-georgia-expat-guide-2026
Armenia,yes,in-person,no,easy,"Passport (sometimes notarized Armenian translation), local or temporary address, phone number; occasionally purpose of account or source-of-funds proof.","Opening often free to about AMD 10,000; monthly fees not published.","Ameriabank, Ardshinbank, ACBA Bank, Inecobank, Evocabank; most require a first in-person identification for foreign non-residents.",Enhanced due diligence for some nationalities (notably post-2022 Russian inflows); banks do not use IBAN; sanctions screening.,Wise or Revolut; Armenian bank mobile apps once onboarded.,0,,,"Armenian banks such as Ameriabank (which advertises a free Smart account) typically open personal accounts free or for up to about AMD 10,000 (about USD 26 at AMD 390 = USD 1); minimum deposits and monthly fees for non-residents are not published.",medium,https://armenian-lawyer.com/business-immigration/opening-a-bank-account-as-a-non-resident/; https://wheretoemigrate.io/blog/banking-in-armenia-expat-guide-2026
Azerbaijan,limited,in-person,often,medium,"Passport (with notarised Azerbaijani translation if needed); some banks also request local registration, residence permit or tax ID.",Not published.,Kapital Bank (Birbank) and ABB reportedly open accounts for non-residents with passport at a branch; policies vary.,"Central Bank currency regulations allow non-resident accounts in AZN and FX, but banks apply own residence-permit rules; remote onboarding requires ASAN Imza e-signature; CRS reporting.",Wise and Revolut for transfers; few local fintechs open to non-residents.,,,,"No bank named publishes a non-resident personal tariff (Kapital Bank and ABB branch openings with passport), so all three figures are left null as unpublished.",low,"https://birbank.az/en/news/customerbank-en; https://norma.kulis.az/en/news/how-to-open-a-bank-account-in-azerbaijan-as-a-foreigner-110; https://uploads.cbar.az/assets/Regulations%20on%20currency%20operations%20of%20residents%20of%20the%20Republic%20of%20Azerbaijan%20in%20foreign%20currency,%20and%20non-residents%20in%20national%20and%20foreign%20currencies.pdf"
Kazakhstan,yes,in-person,no,medium,"Passport, IIN (obtained in person at a public service centre), Kazakh phone number, document showing legal basis of stay (entry stamp/visa), home TIN for CRS.",Basic card accounts generally free to open; premium tiers higher; specific non-resident fees not published.,"Kaspi Bank, Halyk Bank, Bank CenterCredit, ForteBank, Freedom Bank.",Remote opening closed since 2025; non-resident cards valid max 12 months; sanctions-related scrutiny for Russian flows; CRS reporting.,"Freedom Finance brokerage, Wise, Revolut.",0,0,0,"Kaspi Gold basic card account is free to open with no minimum balance and no monthly service fee (KZT, about 520 per USD); premium tiers cost more and non-resident-specific fees are not published (web search budget exhausted in pass 2, so figures come from the existing min_deposit_fees text and were not re-verified against a bank tariff).",medium,https://wiki.private.law/en/kazakhstan-banks.md; https://wiki.private.law/en/halyk-bank; https://wiki.private.law/en/kaspi-bank
Uzbekistan,yes,in-person,no,medium,"Passport, temporary registration (hotel or passport office), PINFL personal ID number, Uzbek mobile number; some banks ask non-resident questionnaire and source of funds.",Not published; cards often free or low cost.,"TBC Bank Uzbekistan (app plus courier in Tashkent), Ipak Yo'li Bank, KDB Bank Uzbekistan, Asia Alliance Bank, Kapitalbank.",Must be physically in Uzbekistan with temporary registration; currency conversion controls largely liberalised but non-resident account rules apply.,Wise to UZS cards; local wallets Payme/Click once a card is held.,,,,"TBC Bank Uzbekistan and Kapitalbank publish no non-resident opening fee, deposit or monthly fee (UZS about 12,500/USD); cards are said to be free or low cost, but no figure is published.",high,https://tbcbank.uz/ru/landing/non-residents-eng; https://en.ipakyulibank.uz/news/how-can-a-non-resident-become-a-client-of-ipak-yoli-banki-i2409; https://kdb.uz/en/individuals/account-opening
Turkmenistan,no,in-person,yes,very hard,"Passport, visa/registration, local presence; banks may refuse at discretion.",not published,"none known (state banks such as Senagat, Dayhanbank, State Bank for Foreign Economic Affairs).","State-owned banking, strict currency controls, separate TMT and USD/EUR accounts, foreigners rarely onboarded.",none,,,,"Non-residents cannot open personal accounts here, so all cost fields are null; state banks publish no tariff for foreigners.",low,https://wheretoemigrate.io/blog/banking-in-turkmenistan-expat-guide-2026; https://www.healyconsultants.com/turkmenistan-company-registration/formation-support-services/
Tajikistan,limited,in-person,often,hard,"Passport, Tajik TIN, proof of legal stay (visa/registration); foreign documents may need legalisation at a Tajik mission.",Not published.,"Spitamen Bank (states services for residents and non-residents), Amonatbank (requires proof of legal stay).",Physical presence expected; currency controls on somoni; correspondent banking constraints and Russia-related sanctions spillover affect transfers.,"Wise, Revolut (no local details); money transfer systems such as Western Union.",,,,"Tajikistan: not published by the banks named and no official tariff could be found, so all three figures are left null.",low,https://www.spitamenbank.tj/en/personal/products/cash-management-services/opening-an-account; https://wheretoemigrate.io/blog/banking-in-tajikistan-expat-guide-2026
Kyrgyzstan,yes,in-person,no,medium,"Passport (notarised translation sometimes), client questionnaire, signature card, source-of-funds explanation; local phone helpful.",Low or no minimum deposit at most banks; card fees modest; exact non-resident fees not published.,"Bakai Bank, Optima Bank, Demir Bank, Kicb (non-residents accepted with branch visit or notarised power of attorney).",Heightened scrutiny and EU/US secondary-sanctions concerns over Russia-linked flows; some banks restrict USD transfers.,Remote opening via notarised power of attorney through intermediaries; Wise; local e-wallets (MBank) need visit.,0,,0,"Bakai Bank's individual accounts page states account opening has no service fee and no monthly fee (only transactions are charged); its minimum deposit is not published (KICB reportedly charges KGS 100, about USD 1.15 at KGS 87.4/USD, to open).",medium,https://www.bakai.kg/media/no_rez_gzmID0z_ENG.pdf; https://wheretoemigrate.io/blog/banking-in-kyrgyzstan-expat-guide-2026; https://ybcase.com/en/company-services/bank-accounts/otkryt-scet-v-kirgizii-v-2026-godu
Iran,limited,in-person,often,very hard,"Passport with valid visa, in-person application; bank-specific forms.",not published,none known for routine non-resident onboarding; a 2017 Central Bank of Iran directive allows commercial banks to open rial accounts for foreigners in person.,Comprehensive US/EU/UN-related sanctions and FATF blacklist status; Iranian banks are cut off from SWIFT and international cards; Australian sanctions also apply; foreign cards do not work in Iran.,Tourist prepaid debit cards (e.g. Mah Card/tourist cards) loaded with cash in Iran; cash USD/EUR; no access via Wise or Revolut.,,,,"Iranian banks may open rial accounts for foreigners in person under a 2017 central bank directive, but no fees or minimum deposits are published and sanctions block routine use, so all three are null.",low,https://mondovisione.com/media-and-resources/news/central-bank-authorizing-foreigners-to-open-ir-rial-accounts-in-iran-2017214/; https://ofac.treasury.gov/faqs/topic/1551/print; https://wheretoemigrate.io/blog/banking-in-iran-expat-guide-2026
Cameroon,no,not available,yes,very hard,"Cameroonian residence permit, taxpayer card (NIU), passport, proof of local address; non-resident accounts mainly for legal entities.",not published,none known for non-resident individuals.,BEAC/CEMAC foreign-exchange regulation controls non-resident and foreign-currency accounts tightly; residence is the first condition for foreigners per local lawyers.,"Mobile money (MTN MoMo, Orange Money) needs a local SIM and ID; Wise/Revolut from abroad.",,,,"Not applicable: no known bank opens personal accounts for non-resident individuals, so no costs apply.",low,https://kinsmenadvocates.com/uncategorized/open-a-bank-account-as-a-foreigner-in-cameroon; https://www.businessincameroon.com/bank/2803-8989-beac-tightens-conditions-for-opening-a-foreign-currency-account-in-and-out-of-the-cemac-region
Central African Republic,no,not available,yes,very hard,"Biometric passport or consular card plus valid residence card, proof of local address, initial deposit; in-branch opening in Bangui only.",not published,"none known for non-residents; Ecobank Centrafrique, BSIC Centrafrique, Banque Populaire Maroco-Centrafricaine serve residents.",Conflict and security risk; CEMAC/BEAC foreign-exchange regulations restrict foreign-currency accounts; correspondent de-risking; UN arms embargo and sanctions on individuals.,Orange Money or Moov mobile money with local SIM; Cameroon-based CEMAC banks.,,,,"Non-residents cannot open personal accounts in the Central African Republic, so no cost applies and none is published.",low,https://wheretoemigrate.io/blog/banking-in-central-african-republic-expat-guide-2026; https://www.businessincameroon.com/bank/2803-8989-beac-tightens-conditions-for-opening-a-foreign-currency-account-in-and-out-of-the-cemac-region
Chad,no,in-person,often,very hard,"Passport with valid visa or residence card, accommodation certificate, proof of earnings (Chad-specific Ecobank requirement), notarised copies for non-residents.",Not published.,"Ecobank Tchad (non-resident accounts subject to local regulation, branch visit expected); no bank known to routinely open for non-residents.",CEMAC/BEAC foreign-exchange regulation tightly controls foreign-currency and non-resident accounts; XAF-to-FX conversions need justification; high AML scrutiny and de-risking.,"Mobile money (Airtel Money, Moov Money) requires local SIM/ID; foreigners generally rely on home-country accounts and remittance services.",,,,"Non-residents cannot realistically open a personal account here, so no opening fee, minimum deposit or monthly fee applies or is published.",low,https://ecobank.com/personal-banking/everyday-banking/current-accounts/diaspora; https://wheretoemigrate.io/blog/banking-in-chad-expat-guide-2026; https://www.businessincameroon.com/bank/2803-8989-beac-tightens-conditions-for-opening-a-foreign-currency-account-in-and-out-of-the-cemac-region
Republic of the Congo,limited,in-person,often,very hard,"Passport (6+ months validity), visa or residence permit, proof of Congolese address (lease, utility bill or accommodation certificate), TIN if available, initial deposit.",not published,"Societe Generale Congo, BGFIBank Congo, BCI (Banque Commerciale Internationale) cited by guides; non-residents rated difficult.",CEMAC/BEAC foreign exchange regulation restricts transfers out of the zone; heavy KYC for non-residents; XAF accounts.,"Mobile money (MTN MoMo, Airtel Money) needs local SIM/ID; Wise/foreign bank accounts.",,,,"Societe Generale, BGFIBank and BCI Congo publish no non-resident opening fee, minimum deposit or monthly fee (web search budget exhausted in pass 2, so figures come from the existing min_deposit_fees text and were not re-verified against a bank tariff).",low,https://blog.iambeezy.app/fr/etranger-ouvrir-compte-societe-generale-cg-2026/; https://wheretoemigrate.io/blog/banking-in-congo-expat-guide-2026; https://expatarrivals.com/node/12924
Congo (DRC),limited,in-person,often,hard,"Passport with visa, proof of address (foreign and often local host attestation), completed opening forms including FATCA/CRS self-certification; residence card often requested.","No opening fee typically, but banks require a minimum balance; amounts not published.","Rawbank, Equity BCDC, Ecobank RDC, Access Bank RDC, TMB (in-branch identity check required).","Economy heavily dollarised (USD and CDF accounts); conflict in the east, enhanced AML scrutiny (FATF grey list) and correspondent de-risking; no remote opening for non-residents found.","Mobile money (M-Pesa Vodacom, Orange Money, Airtel Money) with local SIM and ID; Wise does not pay out locally.",0,,,Banks such as Rawbank and Equity BCDC typically charge no opening fee but require a minimum balance; the balance and monthly fees are not published (accounts usually in USD).,low,https://wheretoemigrate.io/blog/banking-in-democratic-republic-of-the-congo-expat-guide-2026; https://expatarrivals.com/node/12924
Gabon,limited,in-person,often,hard,"Passport, proof of address, residence permit if any, tax ID if available, initial deposit.",not published,"BGFIBank Gabon, Ecobank, UBA (non-residents finalise at branch or via power of attorney).",CEMAC/BEAC exchange rules; non-resident foreign-currency accounts allowed but cannot go overdrawn.,"Mobile money (Airtel Money, Moov Money) needs local SIM; Wise for sending.",,,,"BGFIBank, Ecobank and UBA Gabon do not publish non-resident opening deposits or account-keeping fees, and the tariff could not be retrieved this pass, so all figures are null.",low,https://wheretoemigrate.io/blog/banking-in-gabon-expat-guide-2026; https://www.citi.com/mss/sa/flippingbook/2021/Emerging-Markets-Rates-and-Currencies-Handbook/146
Equatorial Guinea,no,in-person,yes,very hard,"Passport, residence permit, local proof of address, tax number and initial deposit.",Not published.,"None known for non-residents; local banks include BANGE, Societe Generale Equatorial Guinea, CCEI Bank GE, Ecobank.",CEMAC/BEAC exchange controls (2018 regulation) tightly restrict foreign-currency accounts and transfers; heavy AML scrutiny.,"Wise, Revolut not locally available; use home-country accounts and money transfer services.",,,,"Non-residents cannot realistically open a personal account here, so no cost figures apply (all null).",low,https://wheretoemigrate.io/blog/banking-in-equatorial-guinea-expat-guide-2026; https://www.hsfkramer.com/notes/africa/2019-10/overview-of-the-cemac-regulation-of-21-december-2018-on-exchange-control
Sao Tome & Principe,limited,in-person,often,very hard,"Passport, proof of address, tax number (NIF) and likely residence permit or local justification; requirements not published.",not published,"Banco Internacional de Sao Tome e Principe (BISTP), majority-owned by CGD; acceptance of non-residents unconfirmed.","Central bank controls on foreign-exchange operations, slow correspondent transfers, STN pegged to EUR.","Portuguese banks (CGD, BPI) with non-resident accounts; Wise or Revolut.",,,,"BISTP does not publish fees or minimum deposits, and acceptance of non-residents is unconfirmed.",low,https://en.wikipedia.org/wiki/Banco_Internacional_de_S%C3%A3o_Tom%C3%A9_e_Pr%C3%ADncipe; https://wheretoemigrate.io/blog/banking-in-sao-tome-and-principe-expat-guide-2026; https://www.addleshawgoddard.com/en/doing-business-in-africa/africa-countries-a-z-list/sao-tome-and-principe/
Rwanda,limited,in-person,no,medium,"Passport, passport-size photo, proof of address; source-of-funds information for foreign-currency accounts.",not published,"Bank of Kigali (personal current accounts open to non-Rwandans in RWF, USD, EUR, GBP and others); remote diaspora accounts are for Rwandans.",KYC requires in-person verification at a branch for foreigners; National Bank of Rwanda AML rules apply.,MTN MoMo and Airtel Money mobile money (need local SIM registration); Wise transfers to RWF.,,,,"Bank of Kigali personal current accounts are open to non-Rwandans, but no opening fee, minimum deposit or monthly fee was found in a published tariff, so all three are null.",medium,https://bk.rw/personal/checking-saving/personal-current; https://livinginkigali.com/banking-in-kigali-a-guide-for-expats-foreigners-2026/; https://wheretoemigrate.io/blog/banking-in-rwanda-expat-guide-2026
Burundi,no,in-person,yes,very hard,"Passport, residence permit, proof of local address or residence registration, employment/assignment letter, TIN if available.",Initial deposit varies by bank; not published.,"none known for non-residents; CRDB Bank Burundi, BANCOBU, BCB and KCB Burundi require branch KYC.",Visitor visa not sufficient; strict foreign-exchange controls and chronic USD shortages; diaspora accounts limited to Burundian nationals.,"Mobile money (Lumicash, Ecocash) requires local SIM/ID; Wise/Revolut from abroad.",,,,"Not applicable: non-residents cannot open accounts remotely (branch KYC required at CRDB, BANCOBU, BCB, KCB), and initial deposits are not published.",low,https://wheretoemigrate.io/blog/banking-in-burundi-expat-guide-2026; https://www.jarniascyril.com/?p=18506
Uganda,limited,in-person,often,hard,"Passport plus long-term visa, work permit or residence certificate at most banks; local address, TIN for some accounts, passport photos.",not published,"Stanbic Bank Uganda, Absa Bank Uganda, Standard Chartered Uganda; foreigners with only a short-term visa are commonly refused.",Bank of Uganda KYC rules tie accounts to lawful stay; remote diaspora accounts are for Ugandan nationals only; FX accounts in USD available.,MTN MoMo or Airtel Money with a registered SIM (needs passport and visa); Wise or Revolut for transfers.,,,,"Stanbic, Absa and Standard Chartered Uganda do not publish non-resident personal account costs, and short-term visitors are commonly refused, so all figures are null.",low,https://wheretoemigrate.io/blog/banking-in-uganda-expat-guide-2026; https://www.wohnsitzausland.com/guides/kontoeroeffnung-im-ausland/uganda/
Tanzania,limited,in-person,often,hard,"Passport, visa or residence/work permit (bank-dependent), proof of address, two photos, TRA TIN (non-residents can apply online), opening deposit.",Not published.,"CRDB Bank, NMB Bank, Stanbic, Standard Chartered Tanzania (permit usually requested; case-by-case for non-residents).",Foreign Exchange Regulations 2022 allow residents and non-residents to hold FX accounts locally; many banks still demand a permit; strict KYC.,"Mobile money (M-Pesa, Tigo Pesa/Mixx, Airtel Money) needs local SIM registered with NIDA or passport; Wise transfers into TZS.",,,,"No bank named publishes a non-resident personal tariff (CRDB, NMB, Stanbic and Standard Chartered usually request a permit), so all three figures are left null as unpublished.",low,https://www.riotimesonline.com/bank-account-tanzania-foreigners-2026/; https://bowmanslaw.com/insights/tanzania-key-highlights-of-the-foreign-exchange-regulations-2022/; https://wheretoemigrate.io/blog/banking-in-tanzania-expat-guide-2026
Kenya,limited,in-person,often,hard,"Passport, KRA PIN (or KRA private ruling exemption), local referee/introducer, proof of address, passport photos.",not published,Diamond Trust Bank and Standard Chartered reported anecdotally; Equity and KCB diaspora accounts target Kenyans.,KRA PIN required for any account; each bank sets its own non-resident policy; diaspora products mostly for Kenyan nationals.,"M-Pesa (needs Kenyan SIM registered with passport), Wise, Revolut.",,,,"DTB and Standard Chartered Kenya publish no non-resident terms, and diaspora accounts target Kenyans (web search budget exhausted in pass 2, so figures come from the existing min_deposit_fees text and were not re-verified against a bank tariff).",medium,https://kenyaembassydc.org/wp-content/uploads/Operating-a-bank-account-in-Kenya.pdf; https://ey.com/en_gl/tax-alerts/kenya-exempts-foreign-investors-from-obtaining-kra-pin-under-certain-circumstances; https://transferwise.com/us/blog/opening-a-bank-account-in-kenya
Comoros,limited,in-person,often,very hard,"Passport, proof of address, proof of source of funds, sometimes a professional reference letter; residence permit if applicable.","Reportedly around KMF 10,000 for some local accounts; otherwise not published.","BIC Comores (Banque pour l'Industrie et le Commerce), Exim Bank Comores, Banque de Développement des Comores (case-by-case, in person).",Small cash-based banking system with scarce ATMs; KMF pegged to the euro under French Treasury arrangement; no published non-resident process.,Wise or Revolut held abroad; local mobile money requires a Comorian SIM and ID.,,24,,"Some local accounts at BIC Comores reportedly need about KMF 10,000 (about USD 24 at KMF 420/USD); opening and monthly fees are not published.",low,https://wheretoemigrate.io/blog/banking-in-comoros-expat-guide-2026; https://www.jarniascyril.com/expatriation/moving-to-comoros-as-an-expat-practical-guide/
Madagascar,no,in-person,yes,very hard,"Passport, residence or investor status, landlord attestation, JIRAMA utility bill, photos.","BNI reportedly MGA 400,000 minimum deposit (old forum report).","none known for non-residents (BNI, BOA, BFV/Societe Generale Madagasikara, BMOI serve residents).",Foreigners need established residence or investor status; physical presence required; French-language service.,"Mobile money (MVola, Orange Money) with local SIM.",,,,"Non-residents cannot open personal accounts here, so all cost fields are null; BNI reportedly required MGA 400,000 (~USD 90 at 4,500/USD) minimum deposit from residents per an old forum report.",medium,https://www.trade.gov/country-commercial-guides/madagascar-trade-financing; https://wheretoemigrate.io/blog/banking-in-madagascar-expat-guide-2026
Zambia,limited,in-person,often,hard,"Passport, reference letter, proof of residence, ZRA TPIN, proof of income; many banks also want a work or study permit.",Not published.,"Stanbic Bank Zambia, Zanaco, Absa Zambia, FNB Zambia (mostly require permits; case-by-case for non-residents).",Banks typically ask for a Zambian permit and local address; foreign-currency accounts available but subject to AML checks.,"Wise, mobile money (MTN MoMo, Airtel Money) once locally registered.",,,,"Zambia: not published by the banks named and no official tariff could be found, so all three figures are left null.",low,https://onboardinguat.stanbicbank.co.zm/; https://wheretoemigrate.io/blog/banking-in-zambia-expat-guide-2026
Malawi,no,in-person,yes,very hard,"Passport, residence or work permit, local address, KYC forms; FCDA requires a Kwacha operating account.",not published,"National Bank of Malawi, Standard Bank Malawi (FCDA eligibility limited to exporters, NGOs, Malawians abroad).","Exchange controls, 2024 regulations on FCDAs and mandatory conversion, chronic FX shortages.","Wise or Revolut abroad; mobile money (Airtel Money, TNM Mpamba) needs local SIM and ID.",,,,"Non-residents cannot open personal accounts (FCDA eligibility limited to exporters, NGOs and Malawians abroad), so no applicable costs.",medium,https://natbank.co.mw/corporate/treasury/foreign-currency-account; https://icnl.org/wp-content/uploads/EXCHANGE-CONTROL-HOLDING-FOREIGN-CURRENCY-DENOMINATED-ACCOUNTS-AND-MANDATORY-CONVERSION-OF-FOREIGN-CURRENCY-RECEIPTS-REGULATIONS-2024.pdf; https://mwnation.com/rbm-eases-rules-on-diaspora-accounts/
Mozambique,limited,in-person,often,hard,"Passport with signed non-resident declaration, NUIT tax number, income statement or work contract, reference letter from home bank; foreign documents notarised, legalised by Mozambican consulate and in Portuguese.","First Capital Bank minimum deposit about MZN 1,000; others not published.",Millennium bim (published non-resident document list); First Capital Bank case-by-case.,Bank of Mozambique foreign-exchange controls; foreign-currency accounts require justification such as service contracts; documents must be in Portuguese.,M-Pesa (Vodacom) and e-Mola mobile money with local SIM; Wise transfers not widely supported to MZN.,,16,,"First Capital Bank minimum deposit of about MZN 1,000 (about USD 16 at MZN 64/USD); opening and monthly fees at First Capital Bank and Millennium bim for non-residents are not published, so null.",medium,https://millenniumbim.co.mz/en/mtop/aqui-consigo/opening-an-account; https://www.firstcapitalbank.co.mz/en/wp-content/uploads/2026/03/First-Capital-Bank-Frequently-Asked-Questions.pdf; https://wheretoemigrate.io/blog/banking-in-mozambique-expat-guide-2026
Angola,no,in-person,yes,very hard,"Passport with work or residence visa or resident card, Angolan tax number (NIF), proof of address; investors need BNA-regulated investor account documentation.",not published,none known for ordinary non-resident individuals; non-resident investor accounts possible at local commercial banks.,Non-resident kwanza accounts are regulated foreign-exchange operations under BNA rules (Notice 1/23); visa required for foreigners; FX controls and USD scarcity.,Wise/Revolut from abroad; Unitel Money/e-Kwanza require local ID.,,,,"Not applicable: ordinary non-resident individuals cannot open personal accounts, and no fees are published.",low,https://mondaq.co.uk/financial-services/1287550/new-rules-on-opening-maintaining-operating-and-closing-bank-accounts; https://www.mirandalawfirm.com/en/insights-knowledge/publications/alerts/rules-for-exchange-operations-by-individuals-amended
Botswana,limited,in-person,often,hard,"Certified passport, work or residence permit, Botswana proof of residence (utility bill), proof of income; non-resident files case-by-case.",Absa Botswana personal accounts cite minimum income of BWP 750; non-resident deposits/fees not published.,"Absa Bank Botswana, FNB Botswana, Stanbic Bank Botswana, Standard Chartered Botswana, First Capital Bank; none confirmed to onboard non-residents remotely.","No exchange controls (abolished 1999) and foreign-currency accounts available, but strict KYC tied to local residence.",Orange Money or MyZaka mobile money with local SIM; South African bank non-resident accounts; Wise or Revolut.,,,,"Absa Botswana cites a minimum income of BWP 750 (about USD 55 at BWP 13.6 = USD 1), which is an eligibility test not a deposit; no Botswana bank publishes non-resident opening, deposit or monthly fees.",low,https://wheretoemigrate.io/blog/banking-in-botswana-expat-guide-2026; https://www.absa.co.bw/personal/current-account-treat
Namibia,limited,in-person,often,hard,"Passport with visa endorsement, proof of foreign address, source of funds; in-person FICA verification or notarised documents couriered to the branch.",Not published.,"FNB Namibia (non-resident foreign currency accounts), Bank Windhoek (non-resident accounts with notarised remote route reported).",Common Monetary Area exchange controls administered by Bank of Namibia; non-resident accounts flagged and FX flows reported; FIA AML/KYC requirements.,Wise transfers to NAD; South African bank non-resident accounts usable within the CMA.,,,,"No bank named publishes a non-resident personal tariff (FNB Namibia and Bank Windhoek non-resident accounts), so all three figures are left null as unpublished.",low,https://www.fnbnamibia.com.na/downloads/namibia/forex/investments/ForeignCurrencyFormIndividuals.pdf; https://wheretoemigrate.io/blog/banking-in-namibia-expat-guide-2026
Zimbabwe,limited,remote,no,medium,"Certified passport/ID copy, proof of foreign residence (lease, utility bill, bank statement or affidavit), passport photo, application form.",Steward Bank non-resident FCA: USD 20 opening deposit and USD 5 service fee; others not published.,Steward Bank (non-resident FCA via diaspora banking); other banks case-by-case.,RBZ exchange controls; non-resident FCAs in USD; currency export limits and customs declarations; history of currency instability.,"EcoCash mobile money (local SIM), Wise/remittance services to Zimbabwe.",,20,5,"Steward Bank non-resident FCA with a USD 20 opening deposit and a USD 5 service fee, assumed monthly, while the opening fee is not published (web search budget exhausted in pass 2, so figures come from the existing min_deposit_fees text and were not re-verified against a bank tariff).",medium,https://www.stewardbank.co.zw/diasporabanking/node/9; https://zimembassydc.org/wp-content/uploads/2025/08/GUIDELINES-TO-AUTHORISED-DEALERS-AND-THEIR-CLIENTS-ON-FOREIGN-EXCHANGE-TRANSACTIONS-25-Apr-25-.pdf; https://www.mfw4a.org/news/zimbabwe-zim-banks-impose-tough-conditions-foreign-currency-accounts-opening
Eswatini,no,not available,yes,very hard,"Passport, proof of local residence, residence or work permit, tax number; in-branch verification.",Not published.,"None known for non-residents; Standard Bank Eswatini, FNB Eswatini, Nedbank Eswatini and Eswatini Bank serve residents and permit holders.",Common Monetary Area exchange controls classify non-CMA persons as non-residents; banks require permits; practical workaround is a South African non-resident account usable across the CMA.,"Standard Bank South Africa non-resident account (opened remotely, ZAR usable in Eswatini); Wise; MTN MoMo with local SIM.",,,,"Non-residents cannot open personal accounts here, so no opening fee, deposit or monthly fee applies.",low,https://www.gov.uk/guidance/living-in-eswatini; https://www.standardbank.co.za/southafrica/personal/products-and-services/bank-with-us/foreign-nationals/non-residents/frequently-asked-question
Lesotho,no,in-person,often,hard,"Passport or work permit, proof of residential address, source of funds, employment/income proof, tax details.",not published,none known for non-residents (Standard Lesotho Bank Pro tier open to foreigners with full KYC).,Common Monetary Area with South Africa; KYC assumes local address; Standard Bank SA excludes Lesotho residents from its non-resident accounts.,South African bank accounts; M-Pesa/EcoCash with local SIM.,,,,"Non-residents cannot open personal accounts here, so all cost fields are null; Standard Lesotho Bank tariffs apply only to customers with full local KYC.",low,https://sponsorships.standardbank.com/static_file/Unayo/filedownloads/Lesotho/Unayo_Lesotho_KFDs.pdf; https://wheretoemigrate.io/blog/banking-in-lesotho-expat-guide-2026
South Africa,yes,remote,no,medium,"Certified passport copy, foreign proof of address (under 3 months), 3 months of foreign bank statements, proof of income, signed bank forms.",Standard Bank non-resident account fees per its pricing guide; 0.60% fee on outward payments outside the CMA; minimum deposit not published.,"Standard Bank (dedicated non-resident account, applications by email), FNB, Absa, Nedbank.",Exchange control (SARB) rules apply to non-resident rand accounts; FICA KYC; limited credit products for non-residents.,"Wise ZAR, Revolut; TymeBank/Discovery mainly for residents.",,,,"Standard Bank's 2026 Non-Residents Pricing Guide was found but its account monthly fee and minimum deposit could not be extracted (it lists outward payments outside the CMA at 0.783%, min ZAR 295.65, max ZAR 991.30, about USD 17-57 at ZAR 17.5/USD), so all three are null.",high,https://reporting.standardbank.com/southafrica/personal/products-and-services/bank-with-us/foreign-nationals/non-residents; https://wheretoemigrate.io/blog/banking-in-south-africa-expat-guide-2026
Netherlands,limited,in-person,often,hard,"Passport, proof of foreign address, foreign TIN, reason or tie to the Netherlands; BSN and Dutch address usually required within 90 days at retail banks.",No minimum deposit; ABN AMRO charges a monthly non-resident surcharge on top of standard account fees (higher tier for Australia).,"ABN AMRO (non-residents with a Dutch link, surcharge applies); ING and bunq require EEA residence or Dutch address.","Strict AML/KYC, de-risking of non-EEA residents (ABN AMRO closed ~15,000 non-EEA accounts), CRS reporting.","Wise, Revolut or bunq for EUR IBAN; N26 or other EU neobanks if EEA-resident.",0,0,9.4,"ABN AMRO charges no opening fee or minimum deposit, but its January 2026 non-resident surcharge puts Australia in category 2 at EUR 8.00 per account per month (about USD 9.40 at USD 1.17/EUR), on top of the regular payment-package fee which is not included here.",medium,https://www-et5.abnamro.nl/en/media/Voorwaarden_Surcharge_for_non-residents_tcm18-106949.pdf; https://dutchreview.com/expat/financial/dutch-bank-accounts-without-a-bsn/; https://www.curacaochronicle.com/post/local/bank-halts-process-to-terminate-accounts-pending-law-proposal
Belgium,limited,in-person,often,hard,"Passport, proof of foreign address, foreign TIN, source-of-funds evidence and reason for a Belgian account; online opening generally requires Belgian residence or itsme/eID.",Basic banking service about EUR 1.60/month at BNP Paribas Fortis (EU residents only); non-resident current-account fees not published.,"BNP Paribas Fortis (non-resident clients handled at designated branches, case-by-case); other banks discretionary.",Statutory basic-account right covers only EU legal residents and certain Belgians abroad; banks may refuse non-EU residents for AML reasons; CRS reporting.,"Wise or Revolut (Belgian/Lithuanian IBAN available to many non-residents), N26 for EEA residents.",,,,"BNP Paribas Fortis basic banking service of about EUR 1.60/month applies to EU residents only, and non-resident current-account fees are not published, so all three are null.",medium,https://www.bnpparibasfortis.be/en/public/individuals/daily-banking/accounts/current-account/basic-banking-service; https://www.bnpparibasfortis.be/en/public/article/current-account-open; https://wise.com/gb/blog/opening-a-bank-account-in-belgium
Luxembourg,limited,remote,no,medium,"Passport, proof of foreign address (certificate of residence or utility bill under 3 months), proof of income; some banks want a Luxembourg employment contract or payslips.",Retail accounts have small monthly package fees (not published here); private banks typically require high minimum assets (not published).,Spuerkeess (BCEE) explicitly accepts non-residents incl. digital onboarding; BGL BNP Paribas partially digital; private banks for wealthier clients.,Some banks serve only residents or cross-border workers; digital onboarding excluded for AML/compliance flags; EU AML and CRS reporting to ATO.,"Wise, Revolut (EUR IBAN) without residency.",,,4,"Spuerkeess Zebra package is EUR 3.50/month (EUR 42/year, fee information document dated April 2024) at about 1.15 USD/EUR; no opening fee or minimum deposit is published there.",medium,https://www.spuerkeess.lu/en/private-customers/information-help/can-i-open-an-account-as-a-non-resident/; https://luxtoday.lu/en/knowledge/how-to-open-a-bank-account-in-luxembourg
France,limited,remote,often,medium,"Passport, proof of foreign address, proof of income, foreign tax identification number; some banks require an existing EU/French IBAN for the first deposit.",Non-resident accounts often carry higher monthly fees and minimum deposits; amounts not published consistently.,"BNP Paribas (non-resident/expat service), Societe Generale (branch discretion), CIC and Credit Agricole regional banks for property buyers; Boursobank is mostly resident-only.",No capital controls; CRS/FATCA reporting; non-resident accounts usually lack overdrafts and credit; Banque de France 'droit au compte' covers residents of France (and certain EU cases) only.,"N26, Revolut, bunq or Wise for EUR IBANs opened remotely.",,,,"BNP Paribas, Societe Generale and regional banks charge non-residents higher monthly fees and deposits but do not publish consistent non-resident amounts, so all figures are null.",medium,https://en.selectra.info/banking-france/account/non-resident; https://wheretoemigrate.io/blog/banking-in-france-expat-guide-2026
Germany,limited,in-person,often,medium,"Passport, proof of foreign home address, proof of income/source of funds, tax ID (TIN) declaration; traditional banks often want a Meldebescheinigung; notarised copies if opening remotely.",Not published for non-residents; standard current accounts typically cost a few EUR per month.,"Deutsche Bank, Commerzbank, Sparkassen case-by-case in branch; online banks N26 and bunq require a German/EEA address.","Basic payment account right (Basiskonto) covers persons legally resident in the EU, not non-EU non-residents; strict GwG KYC; CRS/FATCA reporting.",Wise and Revolut offer EUR IBANs to Australian residents; N26/bunq need EEA residence.,,,,"Deutsche Bank, Commerzbank and Sparkassen open non-resident accounts case-by-case with no published non-resident tariff (standard current accounts cost a few EUR per month), so figures are left null as unpublished.",medium,https://n26.com/en-eu/blog/how-to-open-a-bank-account-in-germany; https://allaboutberlin.com/guides/best-bank-germany
Austria,limited,in-person,often,medium,"Passport, proof of address (Meldezettel usually requested; foreign address may be accepted case-by-case), TIN/CRS self-certification, proof of income/source of funds.",Typical current accounts cost roughly EUR 3-10/month; non-resident terms not published.,Erste Bank (branch only for non-residents per guides); others case-by-case.,Online onboarding (e.g. George) restricted to Austrian residents; EU basic account right covers EU legal residents only; strict AML and CRS reporting.,"N26, Revolut, Wise (EUR IBAN; eligibility depends on residence).",,,3.5,"Erste Bank-type current accounts cost roughly EUR 3-10/month, low end shown (EUR 1 = USD 1.17), with non-resident opening fee and minimum deposit not published (web search budget exhausted in pass 2, so figures come from the existing min_deposit_fees text and were not re-verified against a bank tariff).",medium,https://www.workinaustria.com/en/about-us/blog/this-is-how-you-as-a-foreign-national-can-open-a-bank-account-in-austria; https://expatica.com/at/finance/banking/austrian-bank-account-87245; https://wheretoemigrate.io/blog/banking-in-austria-expat-guide-2026
Switzerland,limited,remote,no,medium,"Passport, proof of foreign address, foreign tax ID (CRS), source-of-wealth and income evidence; video identification accepted by Swiss regulation.","Swissquote reportedly requires a first deposit of about CHF/EUR 500; private banks often require CHF 100,000+; non-resident account fees generally higher.",Swissquote and Dukascopy Bank (remote onboarding for many countries); UBS and cantonal/private banks for higher-balance clients.,No banking secrecy for tax (CRS/AEOI with Australia); many retail banks refuse foreign domiciles or US persons; bank-specific excluded-country lists.,"Wise, Revolut; Yuh and Neon are limited to Swiss/EU residents.",0,625,0,"Swissquote's official fee pages list no opening fee and charge custody fees (CHF 20-50 per quarter) only on securities, not cash, while its first deposit is reported at about CHF 500 (about USD 625 at CHF 1.25/USD); non-Swiss tax statements cost CHF 100.",medium,https://globalbanks.com/open-a-swiss-bank-account-online/; https://www.libertymundo.com/swiss-bank-account/
Liechtenstein,limited,in-person,no,hard,"Passport, proof of address, bank reference, detailed source-of-wealth and source-of-funds documentation, tax self-certification.","Reported CHF 100,000-500,000 at LLB and around CHF/EUR 1 million at LGT or VP Bank (unverified).","LGT, Liechtensteinische Landesbank (LLB), VP Bank.",Private-banking model with high minimums; CRS/FATCA reporting; US persons restricted.,Swiss private banks; Wise CHF/EUR accounts.,,125000,,"Minimum is the low end of the reported (unverified) CHF 100,000-500,000 at LLB converted at ~1.25 USD/CHF (LGT/VP Bank reportedly ~CHF/EUR 1 million); opening and monthly fees are not published.",medium,https://kancelaria-skarbiec.pl/en/the-family-office/opening-a-bank-account-in-liechtenstein-a-comprehensive-2026-guide/; https://wise.com/au/blog/opening-a-bank-account-in-liechtenstein
Monaco,limited,in-person,no,very hard,"Two government IDs, proof of foreign address, detailed source of wealth and income, bank references; in-person meeting usually required.","Private banking for non-residents typically EUR 500,000 to EUR 2-3 million; standard accounts cited at EUR 10,000-50,000.","CFM Indosuez, Compagnie Monegasque de Banque, Barclays Monaco, UBS Monaco, Societe Generale Private Banking Monaco.",Accounts effectively private-banking only for non-residents; French residents often refused; intensive AML and CRS reporting.,"Wise, Revolut (EU IBANs); French or Luxembourg banks.",,11700,,"Minimum deposit is the low end of the EUR 10,000-50,000 cited for standard non-resident accounts (about USD 11,700 at USD 1.17/EUR; private banking needs EUR 500,000+); opening and monthly fees are not published.",medium,https://www.hellomonaco.com/how-to/useful-information/monaco-banks-everything-about-bank-accounts-minimum-deposits-and-new-requirements/; https://wise.com/gb/blog/open-bank-account-in-monaco
San Marino,limited,in-person,no,medium,"Passport, proof of foreign address, source-of-funds documentation, tax ID for CRS.","Reported EUR 500-2,000 opening deposit depending on bank; fees not published.","Banca di San Marino, Cassa di Risparmio della Repubblica di San Marino, Banca Agricola Commerciale (private-banking style, case-by-case).","CRS participant, enhanced AML after past grey-listing, account restrictions may apply initially for new non-resident clients.","Italian or other EU banks; Wise, Revolut.",,585,,"Reported opening deposits are EUR 500-2,000 depending on bank (lower bound EUR 500, about USD 585 at USD 1.17/EUR); opening and monthly fees are not published.",low,https://www.b2bpay.co/how-open-bank-account-san-marino; https://esteri.sm/pub1/EsteriSM/en/Servizi-per-utenza/Permessi-di-Soggiorno-e-Residenze.html
Andorra,limited,in-person,no,medium,"Passport, proof of foreign address, recent bank statements, home-country tax return, source-of-funds and source-of-wealth evidence.","Reported opening deposits range from EUR 0-5,000 at some banks, but non-resident offerings are often private banking with six-figure minimums; Creand reportedly charges about EUR 200 to open and EUR 220 per semester.","Andbank, Creand Credit Andorra, MoraBanc, Vall Banc (non-resident accounts case-by-case).",Strict AML and source-of-funds checks; CRS automatic exchange with Australia; accounts in EUR; onboarding takes weeks.,Wise or Revolut for EUR; Spanish or French banks nearby.,232,,43,"Creand Credit Andorra reportedly charges about EUR 200 to open (about USD 232) and EUR 220 per semester (about EUR 37/month, about USD 43) at EUR 1 = USD 1.16; the minimum deposit for non-residents is not published (reported EUR 0-5,000, often six figures for private banking), so null.",medium,https://andorrainsiders.com/en/banks-bank-account/; https://wise.com/gb/blog/open-bank-account-in-andorra; https://esim.holafly.com/finance/open-bank-account-andorra-foreigners/
Poland,yes,in-person,no,medium,"Passport; often a PESEL number (obtainable for tax purposes), proof of foreign address, sometimes tax residence certificate; branch visit or video verification.","Basic accounts often free or low monthly fee (around PLN 0-10, varies by bank); not published for non-residents specifically.","PKO Bank Polski, mBank, Bank Millennium, Santander Bank Polska, Bank Pekao (practice varies).",Many banks insist on PESEL and branch visit; EU AML checks and CRS reporting; no capital controls.,"Wise, Revolut (Polish-licensed EU bank) with PL IBAN.",,,,"Not published for non-residents: basic personal accounts at PKO BP, mBank and others run about PLN 0-10/month (about USD 0-2.7 at 0.27 USD/PLN), but no bank publishes a specific non-resident tariff.",medium,https://www.worldfirst.com/uk/blog/international-transactions/open-bank-account-in-poland-non-resident/; https://www.expat.com/en/guide/europe/poland/14148-opening-a-bank-account-in-poland.html
Czechia,limited,in-person,often,medium,"Passport plus second photo ID, for non-EU citizens often a residence permit or proof of Czech connection (lease, employment, study), Czech phone number.","Some banks ask for an opening deposit of CZK 100-1,000; non-resident fees not published.",Fio banka and Raiffeisenbank sometimes open in branch; Air Bank reportedly no longer opens for foreigners; acceptance case-by-case.,Online opening requires Czech bank ID or residence; banks may refuse non-EU non-residents without local ties; standard EU AML/CRS rules.,"Revolut, Wise, N26 (EUR) and similar EU fintechs.",0,,0,"Fio banka advertises its personal account as free (no opening or monthly fee, CZK 0); other banks may ask an opening deposit of CZK 100-1,000 (about USD 4-43 at CZK 23 = USD 1) and a Fio minimum deposit is not published.",medium,https://www.brnoexpatcentre.eu/services/banking/; https://prikhodko.com.ua/en/services/international-corporate-law/business-registration-and-support-in-the-eu/czech-republic/opening-a-bank-account-in-the-czech-republic/
Slovakia,limited,in-person,often,medium,"Passport plus second ID, proof of home-country address, tax residence certificate/TIN, sometimes residence permit; translations may be required.",Opening generally free; minimum balance may apply; non-resident fees not published.,"Tatra banka, Slovenská sporiteľňa, VÚB and ČSOB open accounts for foreigners in branch; app opening requires Slovak/EU residence.","No legal ban on non-resident accounts (EUR and FX allowed), but banks set their own residence rules; EU AML and CRS/FATCA reporting.",Wise and Revolut provide EUR IBANs usable for SEPA payments.,0,,,"Tatra banka, Slovenska sporitelna, VUB and CSOB generally open accounts free of charge (EUR 0); minimum balances and monthly fees for non-residents are not published, so those are null.",low,https://wise.com/gb/blog/opening-a-bank-account-in-slovakia; https://prikhodko.com.ua/en/services/international-corporate-law/registration-of-business-in-eu-countries/slovakia/opening-a-bank-account-in-slovakia/; https://wheretoemigrate.io/blog/banking-in-slovakia-expat-guide-2026
Hungary,limited,in-person,often,medium,Passport; usually residence permit and address card (lakcimkartya) or proof of rental; some banks accept passport only.,OTP foreign currency accounts reported with no minimum deposit; other fees not published.,OTP Bank and others case-by-case; some banks refuse non-residents by policy.,Physical presence usually required; non-resident accounts may be limited to foreign-currency accounts; CRS reporting.,"Wise, Revolut (EU IBAN).",,0,,"OTP Bank foreign currency account reported with no minimum deposit, with opening and monthly fees not published (HUF about 335 per USD) (web search budget exhausted in pass 2, so figures come from the existing min_deposit_fees text and were not re-verified against a bank tariff).",medium,https://wise.com/us/blog/opening-a-bank-account-in-hungary; https://www.imt.bme.hu/bank/; https://www.flatio.com/blog/opening-a-bank-account-in-budapest
Slovenia,yes,in-person,no,medium,"Passport, Slovenian tax number (davčna številka, obtained via form DR-02 from FURS, by mail or in person), foreign tax number and proof of foreign address.",Not published; standard account fees typically a few euros per month.,"NLB, OTP banka, Intesa Sanpaolo Bank (Slovenia), Addiko Bank, Sparkasse (branch opening).",Some banks cap deposits/withdrawals on non-resident accounts; EU AML and CRS reporting apply; online opening generally needs Slovenian e-ID.,"Wise, Revolut, N26 (EU IBANs, for EEA residents).",,,,"Account packages at NLB, OTP banka and others reportedly cost a few euros a month (EUR 1 = USD 1.16), but no non-resident opening fee, deposit or exact monthly fee is published.",medium,https://wise.com/gb/blog/opening-a-bank-account-in-slovenia; https://www.expat.com/en/guide/europe/slovenia/15858-banking-in-slovenia.html
Croatia,yes,in-person,no,medium,"Passport and Croatian tax number (OIB, issued at a tax office on presentation of passport); sometimes proof of foreign address.",Not published; small or no opening deposit at most banks.,"PBZ, Zagrebacka banka, Erste, Raiffeisen (RBA), OTP.",Non-resident accounts available with OIB; branch visit usually required; euro area since 2023.,"Wise, Revolut (EUR IBAN).",,,1.87,"PBZ euro current account fee EUR 1.61/month per its April 2026 tariff for domestic and foreign individuals (first fee charged 90 days after opening; digital banking EUR 1.59/month extra), converted at ~1.16 USD/EUR; no opening fee or minimum deposit is published.",medium,https://wise.com/au/blog/opening-a-bank-account-in-croatia; https://www.welcome-center-croatia.com/banking-in-croatia/opening-a-bank-account-in-croatia
Bosnia & Herzegovina,limited,in-person,often,medium,"Passport, foreign proof of address, court-certified translation of foreign documents, purpose of account; some banks want a CIPS residence certificate.",Not published.,"Raiffeisen Bank BiH (non-resident accounts under FBiH rulebook), UniCredit Bank BiH, Intesa Sanpaolo Banka BiH.",Non-resident accounts regulated by entity-level rulebooks; documents must be renewed or account is blocked; KM pegged to EUR.,"Wise, Revolut, Paysera.",,,,"Bosnia & Herzegovina: not published by the banks named and no official tariff could be found, so all three figures are left null.",low,https://www.raiffeisenbank.ba/bs/o-nama/media/Novosti/poziv-dostava-dokumentacije-za-azuriranje-racuna.html; https://wheretoemigrate.io/blog/banking-in-bosnia-and-herzegovina-expat-guide-2026
Serbia,yes,in-person,no,easy,"Passport (with court-interpreter translation where needed), stated purpose of account; sometimes proof of address.",No minimum deposit generally; monthly maintenance around EUR 2-10; card issuance fee.,"Banca Intesa Beograd, Raiffeisen Banka, AIK Banka, OTP Banka Srbija, Unicredit Serbia.",No remote opening for non-residents; non-residents can hold dinar and FX accounts; CRS reporting; scrutiny of Russia-linked flows.,"Authorised representative with power of attorney; Wise, Revolut.",,0,2.2,Banca Intesa Beograd's individuals' tariff (May 2024) lists RSD 220 per month for a non-resident dinar payment account (about USD 2.20 at RSD 100/USD) with no minimum deposit; a separate opening fee is not published and card issuance is charged extra.,medium,https://wise.com/gb/blog/how-to-open-bank-account-in-serbia; https://zuniclaw.com/en/non-resident-bank-account-serbia/; https://wiki.private.law/en/serbia-banks
Montenegro,limited,in-person,often,hard,"Passport (original and copy), proof of address, 6-12 months of bank statements, source of income, evidence of economic ties to Montenegro (e.g. property ownership).",not published,CKB (Crnogorska Komercijalna Banka) and other banks case-by-case with proof of local ties.,Banks require a strong basis such as property or business ties; some nationalities restricted; branch visit required; EUR-denominated.,Wise or Revolut for EUR; banks in neighbouring EU states.,,,,"CKB and other Montenegrin banks consider non-residents case-by-case and publish no non-resident opening fee, minimum deposit or monthly fee, so all three are null.",low,https://wise.com/gb/blog/how-to-open-bank-account-in-montenegro; https://tekce.com/blog/buying-guide/opening-a-bank-account-in-montenegro-as-a-foreigner; https://wheretoemigrate.io/blog/banking-in-montenegro-expat-guide-2026
North Macedonia,yes,in-person,no,medium,"Valid foreign passport (or EU/Schengen ID), completed application, source-of-funds information; power of attorney signed abroad must be apostilled.",Small monthly maintenance fees; exact non-resident tariffs not published here.,Komercijalna Banka Skopje (published non-resident conditions); other banks such as Stopanska Banka case-by-case.,Non-resident accounts are FX current accounts (with MKD use permitted) under National Bank rules; remote opening generally unavailable; enhanced due diligence on origin of funds.,Wise or Revolut from abroad.,,,,"Not published: Komercijalna Banka's non-resident general conditions refer to its tariff without giving opening, minimum-balance or monthly amounts.",medium,https://kb.com.mk/content/General-conditions-non-residents.pdf; https://kb.com.mk/content/Documents-required-for-opening-of-non-reresident-account.pdf
Albania,limited,in-person,often,medium,"Passport, proof of foreign address, stated purpose of account; some banks want apostilled documents or an Albanian residence permit.",not published,"Credins Bank (in-branch KYC with passport), Raiffeisen Bank Albania (online only for residents), BKT; policies vary by branch.",Albania removed from FATF grey list in 2023 but banks remain cautious; several banks refuse non-Albanians without residence permit.,Wise or Revolut; Albanian residence permit route for full banking.,,,,"Credins, Raiffeisen Albania and BKT do not publish non-resident personal account opening fees, minimum deposits or monthly fees, so all figures are null.",low,https://www.commenda.io/albania/business-setup; https://exit.al/en/albania-runs-before-it-walks-in-bid-to-attract-digital-nomads; https://www.bankacredins.com/personal/current-accounts/accounts
Moldova,yes,in-person,no,medium,"Passport, Moldovan fiscal code from the State Tax Service (obtained first), proof of foreign address, source-of-funds information; a representative with power of attorney may act.",Not published.,"maib, Moldindconbank, Victoriabank, OTP Bank Moldova, ProCredit Bank (stricter).","Law 62/2008 lets non-residents open accounts without restriction, but Law 308/2017 AML means enhanced due diligence for non-residents; CRS reporting.",Wise and Revolut for transfers; local e-wallets require Moldovan ID.,,,,"maib, Moldindconbank, Victoriabank and OTP Moldova do not publish a non-resident personal account tariff that could be found (only legal-entity schedules), so all three are null as unpublished.",medium,https://ecnl.org/sites/default/files/2022-04/ECNL%20PILnet%20Banking%20Guide%20Moldova.pdf; https://incorpore.md/en/bank-account-opening-in-moldova/; https://wheretoemigrate.io/blog/banking-in-moldova-expat-guide-2026
Ukraine,limited,in-person,often,hard,"Passport (often with notarised Ukrainian translation), tax registration number (RNOKPP), and in practice usually a residence permit.",not published,none known reliably; PrivatBank and others reported to require residence permits in practice.,Martial law since 2022 with NBU currency controls and cross-border transfer limits; non-resident current accounts legally allowed since 2019 but banks often refuse.,"Wise, Revolut, foreign bank accounts.",,,,"No bank reliably opens accounts for non-residents without a residence permit, and no non-resident fees are published (web search budget exhausted in pass 2, so figures come from the existing min_deposit_fees text and were not re-verified against a bank tariff).",low,https://archive.kyivpost.com/business/ukrainian-banks-still-giving-poor-service-to-foreigners.html; https://www.mondaq.com/Article/815730/To-Keep-In-Touch-With-Currency-Liberalization; https://www.unian.info/economics/10504452-national-bank-allows-foreign-companies-to-open-accounts-in-ukrainian-banks.html
Belarus,limited,in-person,no,hard,"Passport with notarised Russian or Belarusian translation, proof of legal stay (visa/registration) at some banks, local phone number for SMS codes.",Reported large frozen minimum balances for non-resident foreign-currency accounts at some banks (e.g. Priorbank); not officially published.,"Priorbank, Belarusbank, Belagroprombank (in person or via notarised power of attorney).","Currency law allows non-resident accounts but banks may refuse; Australian, EU and US sanctions on Belarus and several state banks; restricted SWIFT and foreign-card access.",None practical for an Australian; Wise and Revolut do not support BYN.,,,,"Priorbank and others reportedly require large frozen minimum balances on non-resident foreign-currency accounts (BYN about 3.3/USD), but no official amounts are published.",low,https://gratanet.com/news/opening-of-a-bank-account-by-a-non-resident-in-belarus; https://en.lsl.by/account-opening-by-a-non-resident-with-a-bank-of-belarus/
Romania,yes,in-person,no,medium,"Passport, proof of foreign address, possibly Romanian tax ID (CIF/NIF) and source-of-funds info.",Reported a few hundred to a few thousand RON depending on bank.,"BCR, Banca Transilvania, Raiffeisen Bank Romania.",Remote app-based opening mostly aimed at Romanians abroad; foreigners usually visit a branch.,"Revolut, Wise (EUR/RON details).",,,0,"Banca Transilvania's individual fee sheet lists RON 0 monthly administration for a lei current account (resident terms; non-resident tariff not separately published); minimum deposit is only reported vaguely as a few hundred to a few thousand RON, so null.",low,https://wheretoemigrate.io/blog/banking-in-romania-expat-guide-2026; https://prikhodko.com.ua/en/services/business-scaling-and-migration/romania/opening-a-bank-account-in-romunia/
Bulgaria,limited,in-person,often,medium,"Passport (6+ months validity), Bulgarian address, foreign tax ID, proof of income, sometimes reference letter or criminal record; LNCH helps.",KYC/document-review fees reported at EUR 100-500 for non-residents; minimum deposit not published.,"UniCredit Bulbank, DSK Bank (power of attorney opening possible case-by-case).",Many banks refuse non-EU non-residents without residence permit or D visa; AML/CRS; Bulgaria adopted the euro in 2026.,"Wise, Revolut, Paysera (EU IBANs).",117,,,Opening fee is the low end of the EUR 100-500 KYC/document-review fees reported for non-residents at UniCredit Bulbank/DSK (about USD 117 at USD 1.17/EUR); minimum deposit and monthly fees are not published.,medium,https://www.innovires.com/en/blog/bankova-smetka-chuzhdentsi.html; https://expatarrivals.com/node/15492
Greece,limited,remote,no,medium,"Passport, Greek tax number (AFM, obtainable via tax representative), proof of foreign address, proof of income or employment; translations may be needed.",Low or no minimum deposit; monthly fees typically a few euros; non-resident specifics not published.,"Piraeus Bank (online with video identification, eligibility to be checked), National Bank of Greece, Eurobank, Alpha Bank (usually branch visit).","AFM practically required, CRS reporting, signature may require one in-branch visit; legacy 2015 capital controls now lifted.","Wise, Revolut or other EU neobanks for EUR IBAN.",,,,"Greek banks (Piraeus, NBG, Eurobank, Alpha) quote low or no minimums and monthly fees of a few euros for residents, but non-resident figures are not published.",medium,https://wise.com/au/blog/opening-a-bank-account-in-greece; https://neoskosmos.com/en/2025/10/07/dialogue/opinion/how-to-open-or-update-a-bank-account-in-greece/; https://globalbanks.com/open-a-greek-bank-account-online/
Cyprus,limited,remote,often,hard,"Certified passport copy, proof of foreign address (under 3 months), bank reference, CV, income and source-of-wealth documents, foreign TIN.",not published,Eurobank Cyprus (non-residents case-by-case with enhanced checks); Bank of Cyprus generally prefers residence permit holders.,Heavy post-2013 de-risking and enhanced due diligence for non-residents; CRS reporting; banks may require a clear Cyprus nexus.,Wise or Revolut for EUR; licensed EMIs based in Cyprus offering IBANs.,,,,"Eurobank Cyprus and Bank of Cyprus publish no non-resident personal opening fee, minimum deposit or monthly fee, so all three are null.",medium,https://gk-lawfirm.com/publications/how-to-open-cyprus-bank-account/; https://en.politis.com.cy/in-depth/guides/1010178/opening-a-bank-account-in-cyprus-what-documents-do-you-actually-need; https://www.youroverseashome.com/articles/cyprus-banks-open-account
Malta,limited,in-person,no,hard,"Passport, recent proof of foreign address, bank reference letter, proof of income and source of funds, evidence of ties to Malta and purpose of account.",not published; non-Europeans may face higher fees.,"Bank of Valletta (branch appointment, strict onboarding), HSBC Malta (online start but branch ID check, mainly Malta/EU residents).",Strong de-risking after FATF grey-listing era; 2-8 week processing; non-EU applicants face extra scrutiny and frequent refusals.,"Wise, Revolut (EUR IBAN); Maltese EMIs mainly for business.",,,,"Not published: Bank of Valletta and HSBC Malta do not publish non-resident opening fees, minimum deposits or monthly fees.",medium,https://www.wise.com/gb/blog/opening-a-bank-account-in-malta; https://www.block3finance.com/how-to-open-a-bank-account-in-malta
Ireland,limited,remote,often,medium,"Passport plus second ID at some banks, proof of foreign address, all certified by a solicitor or police officer and in English; PPS number not needed for non-residents.",not published,"Bank of Ireland (non-resident account, certified documents by post), AIB (contact form, branch ID check within 30 days); PTSB mostly resident-only.",No capital controls; CRS/FATCA reporting; banks often expect an Irish link such as property purchase; few remaining full-service banks after Ulster Bank and KBC exits.,"Revolut (Irish-licensed bank with IE IBANs for EEA residents), Wise, N26 or bunq.",,,,"Bank of Ireland and AIB do not publish separate non-resident account opening fees, minimum deposits or maintenance fees in the sources gathered, so all figures are null.",medium,https://wise.com/ie/blog/open-bank-account-in-ireland; https://www.revolut.com/en-IE/blog/post/how-to-open-a-bank-account-in-ireland/
United Kingdom,limited,remote,often,medium,"Passport, proof of overseas address, proof of income or wealth, tax residency/TIN declaration; certified copies for remote opening.","High thresholds: e.g. Lloyds International £50,000 income or £25,000 savings; HSBC Expat from £50,000 balances or £100,000 salary; Barclays International £40/month if balance under £25,000.","HSBC Expat, Lloyds Bank International, Barclays International (Jersey/Isle of Man offshore arms); onshore high-street banks require a UK address.",Standard UK current accounts need a UK address; offshore arms covered by Jersey/IoM deposit schemes not FSCS; strict AML and CRS/FATCA reporting.,Wise and Revolut provide GBP account details to Australian residents; some EMIs offer UK sort codes.,,33250,53,"Barclays International charges GBP 40 a month if balances are under GBP 25,000, and Lloyds Bank International requires GBP 25,000 savings (or GBP 50,000 income), converted at ~1.33 USD/GBP; no separate opening fee is published.",medium,https://wiki.private.law/en/uk-bank-account-non-resident; https://wise.com/gb/blog/best-expat-accounts-uk
Iceland,no,not available,often,very hard,"Passport and Icelandic kennitala (or non-resident system ID from Registers Iceland), electronic ID for app onboarding.",not published,"none known for pure non-residents; Arion, Landsbankinn, Islandsbanki require kennitala.",Kennitala required by all banks; non-resident system IDs usually tied to employment or property; no remote onboarding for non-residents.,"Wise, Revolut; foreign cards widely accepted.",,,,"Non-residents cannot open personal accounts here (Arion, Landsbankinn and Islandsbanki require a kennitala), so no costs apply.",medium,https://www.arionbanki.is/en/articles/did-you-just-move-to-iceland-and-need-a-bank-account; https://www.trade.gov/country-commercial-guides/iceland-trade-financing; https://ozar.me/2021/02/how-to-get-a-kennitala-and-an-electronic-id-in-iceland-for-us-citizens/
Norway,limited,in-person,often,hard,"Passport, D-number or Norwegian national ID number (needed for BankID), proof of foreign address and purpose; some banks order a D-number for the client.",Non-resident accounts often require a large deposit; amounts not published.,Some SpareBank 1 banks and local savings banks case-by-case; DNB reportedly stopped non-resident onboarding.,Without a D-number access is often savings-only; BankID needed for online banking; strict AML/CRS checks.,"Wise, Revolut; Vipps requires a Norwegian bank account.",,,,"SpareBank 1 and local savings banks handle non-residents case by case, often asking for a large deposit (NOK about 10.5/USD), but no amounts are published.",medium,https://wise.com/us/blog/opening-a-bank-account-in-norway; https://www.thelocal.no/20221118/the-key-things-you-need-to-know-about-opening-a-bank-account-in-norway
Finland,limited,in-person,often,very hard,"Passport, registered Finnish address, residence permit or proof of residence; Finnish ID code not legally required for basic services.",Not published; basic accounts carry monthly fees.,"Nordea, OP, Danske Bank (in practice require Finnish address).",Basic-banking right covers EEA residents; banks usually require a Finnish registered address; strong e-ID not given without Finnish ID.,"Wise, Revolut, or EU online banks.",,,3.02,"Nordea Finland basic current account EUR 2.60/month from 1 May 2026 (access codes EUR 0.99 and debit card EUR 2.99 extra), converted at ~1.16 USD/EUR; no opening fee or minimum deposit is published.",medium,https://finanssivalvonta.fi/en/publications-and-press-releases/supervision-releases/2023/thematic-review-of-availability-of-banking-services-to-foreigners-moving-to-finland; https://www.op-media.fi/en/op-uusimaa-en/how-to-open-a-bank-account-in-finland-as-a-foreigner/
Sweden,limited,in-person,often,very hard,"Passport, proof of right of residence or residence permit, often personnummer or coordination number, proof of employment or study.",Not published.,"Handelsbanken, SEB, Swedbank, Nordea (rarely for non-residents; limited service without personnummer).","Without personnummer, BankID and online banking typically unavailable; strict AML; non-EU non-residents usually refused.","Wise, Revolut, N26 (EU IBANs; no Swedish BankID).",,,,"Sweden: not published by the banks named and no official tariff could be found, so all three figures are left null.",medium,https://wise.com/gb/blog/opening-a-bank-account-in-sweden; https://www.thelocal.se/20190507/how-to-set-up-a-bank-account-in-sweden
Denmark,no,in-person,often,very hard,"Passport, CPR number (usually required) or foreign TIN at some banks, Danish address, reason for account.",not published,"Nordea (reportedly accepts foreign TIN in place of CPR), Sydbank (case-by-case); Danske Bank generally requires CPR.","Post-Danske Bank scandal AML tightening, strong de-risking of non-residents, MobilePay requires CPR and Danish number.","Wise, Revolut, Payset or other EMIs offering Danish/EU IBANs.",,,,"Non-residents generally cannot open personal accounts without a CPR number, so no applicable costs.",medium,https://www.thelocal.dk/20180315/is-life-in-denmark-impossible-without-a-personal-registration-number; https://globalbanks.com/opening-bank-account-in-denmark/
Estonia,limited,in-person,often,hard,"Passport, proof of foreign address, documents proving a connection to Estonia (property, employment, business, study), source-of-funds evidence; e-Residency card is not accepted as ID.",not published for personal accounts; banks charge non-refundable review fees for non-resident business applicants (about EUR 300 at LHV/Swedbank).,"LHV Pank, Swedbank, SEB (only with demonstrable Estonian connection).",Non-residents cannot be identified digitally at LHV; e-Residency alone is not a basis for an account; tightened AML after the Danske scandal; special rules for Russian/Belarusian citizens.,"Wise, Revolut, Paysera and other EMIs offering EUR IBANs with remote onboarding.",,,,"LHV, Swedbank and SEB publish no non-resident personal-account fees (the about EUR 300 review fee applies to non-resident business applicants only), so all three are null.",high,https://www.lhv.ee/non-residents; https://www.e-resident.gov.ee/wp-content/uploads/2025/11/e-Res_liveQA_nov_NGO_2025-2.pdf; https://marketplace.e-resident.gov.ee/company/lhv
Latvia,limited,in-person,often,very hard,"Passport, Latvian residence permit or documented connection to Latvia (employment, study, property, business), proof of income and source of funds, tax returns/statements.",Non-resident fees can be high; specifics not published.,"Swedbank, SEB, Citadele (each requires a connection to Latvia for non-residents).",Heavy de-risking of non-resident clients since the ABLV money-laundering cases; remote onboarding only for Latvian ID/eID holders.,"Wise, Revolut, Lithuanian EMIs.",,,,"Not published: Swedbank, SEB and Citadele levy higher non-resident fees but the specific amounts are not published.",medium,https://www.swedbank.lv/private/d2d/accounts/openNewAccount?language=E; https://wise.com/gb/blog/opening-a-bank-account-in-latvia; https://www.globalcitizensolutions.com/pt/banks-in-latvia/
Lithuania,limited,in-person,often,hard,"Passport, questionnaire on account purpose and Lithuanian connection, income and source-of-funds proof; some banks require a residence permit.",Swedbank charges an administration fee for non-EU residents; SEB charges higher monthly fees to non-residents; opening fees reported up to EUR 400.,"SEB, Swedbank, Luminor, Artea Bankas (formerly Siauliu bankas); acceptance of non-EU non-residents is case-by-case.",Very strict compliance after Baltic money-laundering scandals; banks often refuse non-residents without local ties; sanctions screening for Russia/Belarus links.,"Lithuanian-licensed EMIs and Revolut Bank UAB offer LT IBANs remotely; Wise, Paysera.",,,,"Swedbank and SEB charge non-EU residents an administration fee and higher monthly fees, with opening fees reported up to EUR 400 (about USD 465 at USD 1.16 = EUR 1), but no bank publishes a definitive non-resident figure, so values are null.",medium,https://wise.com/gb/blog/opening-a-bank-account-in-lithuania; https://ihvilnius.lt/banking-for-foreigners-in-lithuania-everything-you-need-to-know
Spain,yes,in-person,no,medium,"Passport, NIE plus certificado de no residente (single procedure since May 2025, via police or consulate), proof of home address, proof of income/source of funds.",Not published; non-resident accounts commonly carry monthly maintenance fees.,"Santander (non-resident online account with passport reported), Banco Sabadell, CaixaBank, BBVA, Bankinter (cuenta de no residente).",Banks must verify non-resident status every two years; Ley 10/2010 AML source-of-funds checks; CRS/FATCA reporting; branch practices vary.,Wise and Revolut provide EUR IBANs; Spanish neobanks generally require residence.,,,,"Santander, Sabadell, CaixaBank, BBVA and Bankinter non-resident accounts commonly carry monthly maintenance fees, but no current figure was confirmed from a bank tariff, so all three are null as unpublished.",medium,https://www.thelocal.es/20220214/how-to-open-a-bank-account-in-spain-if-youre-not-a-resident; https://wiki.private.law/en/spain-banks
Portugal,yes,remote,no,easy,"Passport, foreign proof of address, Portuguese NIF (obtainable via fiscal representative), proof of income/source of funds, CRS tax self-certification.",Opening deposit around EUR 250 at some banks; intermediary remote packages roughly EUR 270-700; monthly fees vary.,"Millennium bcp, Caixa Geral de Depositos, Novo Banco, ActivoBank cited by guides.",NIF required first; strict AML and CRS reporting; US persons face FATCA scrutiny.,"Remote-opening intermediaries; Wise, Revolut (EUR IBAN).",,290,,"Opening deposit of about EUR 250 at some banks such as Millennium bcp/CGD (EUR 1 = USD 1.17); the bank opening fee is not published, intermediary remote-opening packages cost about EUR 270-700 (USD 315-820), and monthly fees vary by bank (web search budget exhausted in pass 2, so figures come from the existing min_deposit_fees text and were not re-verified against a bank tariff).",medium,https://www.portugalist.com/open-eu-bank-account; https://idealista.pt/en/news/legal-advice-in-portugal/2026/01/27/73478-how-to-get-a-nif-in-portugal-a-complete-guide-for-expats-and-foreigners; https://portugal.com/moving-to-portugal/how-to-open-a-bank-account-in-portugal-as-a-foreigner
Italy,yes,in-person,no,medium,"Passport, codice fiscale (free from Agenzia delle Entrate or an Italian consulate abroad), proof of foreign address and foreign tax ID.","Not published; conto non residenti fees vary by bank, often a monthly fee plus imposta di bollo.","Intesa Sanpaolo, UniCredit, BNL BNP Paribas, Banco BPM (conto corrente non residenti, branch visit typically required).",Non-resident accounts may have limited services; EU AML and CRS reporting; requirements vary between branches.,"Wise, Revolut, N26 (EU IBANs, for EEA residents).",,,,"Intesa Sanpaolo, UniCredit and others charge varying monthly fees plus the EUR 34.20 annual imposta di bollo on non-resident current accounts, but no standard non-resident tariff is published (EUR 1 = USD 1.16).",medium,https://www.spotahome.com/blog/how-to-open-a-bank-account-in-italy/; https://globalinvestments.net/banking/guides/banking-for-italy-based-expats
Vatican City,no,not available,yes,very hard,"Only eligible categories (Catholic institutions, clergy, Vatican employees/pensioners, diplomats accredited to the Holy See).",not published,none (the IOR does not accept ordinary foreign individuals).,IOR closed lay accounts that fall outside its categories; residents and visitors use Italian banks in Rome.,"Italian banks or EU fintechs (Wise, Revolut).",,,,"Non-residents cannot open personal accounts here, so all cost fields are null; the IOR does not accept ordinary foreign individuals.",medium,https://www.bishop-accountability.org/2013/12/ior-continues-the-process-of-closing-down-lay-clients-bank-accounts/; https://www.business-standard.com/article/pti-stories/vatican-bank-launches-website-in-transparency-drive-113073101138_1.html
Israel,yes,in-person,no,medium,"Passport, second ID, foreign proof of address, foreign bank statements, source of funds; FATCA/CRS forms.",Not published; monthly account fees apply and vary by bank.,"Bank Leumi, Bank Hapoalim, Mizrahi-Tefahot, Discount Bank (non-resident accounts common for property buyers).",Usually requires a branch visit or notarised power of attorney; strict AML and source-of-funds checks; FATCA/CRS reporting.,"Wise ILS, Revolut.",,,2.7,"Monthly fee is Bank Leumi's cheapest paid plan, Digital Leumi at ILS 10/month (plans range ILS 10-35; about USD 2.7 at ILS 3.7/USD), not confirmed for non-resident accounts; opening fee and minimum deposit are not published.",medium,https://wise.com/au/blog/opening-a-bank-account-in-israel; https://wheretoemigrate.io/blog/banking-in-israel-expat-guide-2026
Jordan,limited,in-person,often,hard,"Passport, proof of address (utility bill or tenancy contract), often Jordanian residence permit and personal number; source of funds.",Ahli Bank current account minimum balance JOD 200; others not published.,Housing Bank (HBTF) accepts passports from non-resident non-Jordanians for savings accounts; Ahli Bank and Jordan Islamic Bank require residency.,"CBJ AML/KYC rules, most banks require residency for current accounts, no remote opening for foreigners.","Wise, Revolut; local e-wallets require Jordanian ID or residency.",,,,Housing Bank (the bank accepting non-resident passports) does not publish non-resident savings costs; Ahli Bank's JOD 200 current-account minimum (about USD 282 at JOD 0.709/USD) applies only to residents.,medium,https://hbtf.com/en/faq/category/accounts/saving-account-faq; https://ahli.com/personal/personal-accounts/current-account; https://www.jordanislamicbank.com/en/current-accounts
Lebanon,limited,in-person,no,hard,"Passport, proof of address, home-bank references, purpose of account and source-of-funds declaration; branch visit or lawyer with power of attorney.","Byblos Bank fresh-money account minimum USD 1,000; other banks not published.",Byblos Bank (fresh accounts); BLOM and Bank Audi reported to open fresh accounts case-by-case.,Post-2019 banking crisis with informal capital controls on legacy deposits; only fresh-money accounts are freely usable; FATF grey-listing (2024) and correspondent de-risking; no legal bar on non-residents.,"Cash USD, Whish Money and OMT money transfer services; Wise not supported for LBP payouts.",,1000,,"Byblos Bank fresh-money account minimum of USD 1,000 (USD-denominated, no conversion); opening and monthly fees are not published, so null.",medium,https://www.byblosbank.com/personal/accounts/current/fresh-account; https://trade.gov/country-commercial-guides/lebanon-trade-financing; https://mattarlaw.com/?p=7655
Syria,no,in-person,often,very hard,"Passport with Syrian entry/temporary residence stamp, local address, ID copies; in-person visit in Damascus.","Cham Bank current account minimum SYP 10,000 or FX equivalent; others not published.",none known for remote non-residents; Cham Bank and Bank Audi Syria accept non-Syrians only in person.,"US and EU economic sanctions lifted 2025-2026 and SWIFT reconnected Nov 2025, but correspondent banking and USD access remain very limited; liquidity withdrawal limits.","Realistically bank via Lebanese, Jordanian, Turkish or Gulf banks; Wise/Revolut not available for Syria transfers in most cases.",,,,"Not applicable: remote non-residents cannot open accounts; Cham Bank's in-person current-account minimum is SYP 10,000 or FX equivalent, a negligible amount at current rates.",low,https://wheretoemigrate.io/blog/banking-in-syria-expat-guide-2026; https://english.enabbaladi.net/archives/2025/11/syrian-central-bank-drafts-regulatory-framework-for-swifts-return/; https://chambank.com/en/services/personal-facility-services/finance-accounts/current-account
Iraq,no,not available,yes,very hard,"Passport, Iraqi residency card, salary attestation or employer letter, compliance clearance; in-branch visit required.","Varies by bank; Byblos Bank Iraq term deposits from USD 20,000; current-account minimums not published.","none known for non-residents; Byblos Bank Iraq, Rafidain and Rasheed (state) and Kurdistan private banks serve residents.",US Federal Reserve-driven USD restrictions and bans on many Iraqi banks for dollar transactions; strict CBI KYC; security risks; cash-heavy economy.,"Zain Cash, Qi Card and FIB (First Iraqi Bank app) need local ID; Western Union for transfers.",,,,"Non-residents cannot open personal accounts in Iraq, so no cost applies (Byblos Bank Iraq term deposits from USD 20,000 are for eligible residents).",medium,https://byblosbank.com/english/iraq/current/current-account; https://wheretoemigrate.io/blog/banking-in-iraq-expat-guide-2026; https://mzv.gov.cz/erbil/en/trade_and_economy/business_guide_for_czech_companies/banking_system_and_process_of_opening/index.html
Saudi Arabia,limited,in-person,often,hard,Passport plus Iqama for residents; non-residents need either a Visitor ID (from Sept 2025) or written Ministry of Interior/Foreign Affairs approval routed via SAMA.,Not published.,"Major Saudi banks (e.g. Al Rajhi, SNB) under SAMA rules; visitor-account offerings still emerging.",SAMA rule 200.2.3 bars accounts for non-Saudi non-GCC non-residents without ministry approval; visitor accounts reportedly limited in scope; strict AML/KYC.,Wise transfers to SAR; STC Bank/urpay and other wallets require Iqama or Saudi ID.,,,,"No bank named publishes a non-resident personal tariff (Al Rajhi and SNB visitor-account offerings are still emerging under SAMA rules), so all three figures are left null as unpublished.",medium,https://rulebook.sama.gov.sa/en/node/2544/revisions/24558/view; https://namia.beehiiv.com/p/visitors-can-now-open-bank-accounts-in-saudi-arabia; https://fundingsouq.com/sa/en/blog/can-a-foreigner-or-non-resident-open-a-bank-account-in-saudi-arabia/
Kuwait,no,not available,yes,very hard,"Kuwaiti civil ID, residence visa, employer No Objection Certificate, passport, salary certificate.",not published,"none known for non-resident personal accounts; NBK, Gulf Bank, KFH require civil ID.",Personal accounts tied to residency and civil ID; digital onboarding needs civil ID face match; brokerage accounts (e.g. KMEFIC) may accept embassy-attested passports.,Kuwaiti brokerage accounts; KFH UK subsidiary; Wise/Revolut held abroad.,,,,"Non-residents cannot open personal accounts here (NBK, Gulf Bank and KFH require a Kuwaiti civil ID), so no costs apply.",medium,https://www.expatfocus.com/kuwait/articles/how-to-open-a-bank-account-in-kuwait-6378; https://globalbanks.com/foreign-banks-in-kuwait/; https://kmefic.com/awsat/open-an-account/
Qatar,limited,in-person,often,hard,"Passport, entry visa, recent bank statements, source of wealth declaration; most banks require a Qatar ID (QID) and salary certificate.",Not published.,"QNB (non-resident accounts by direct enquiry), other banks case-by-case.",Standard retail accounts are tied to the QID; reported pre-arrival accounts require a QID within 90 days under QCB rules.,"Wise, Revolut.",,,,QNB handles non-resident accounts only on direct enquiry and publishes no fees or minimum balance (QAR 3.64/USD peg).,low,https://qnb.bank.in/sites/qnb/qnbfs/page/en/enaccountopeningrequirements.html; https://www.ykgglobal.com/local-page/bank-account-opening-in-qatar
United Arab Emirates,yes,in-person,no,medium,"Passport with UAE entry stamp, proof of foreign address, 6 months of bank statements, bank reference letter, proof of income/source of funds.","Reported AED 3,000-5,000 at Emirates NBD and AED 25,000+ at Mashreq for non-residents; some banks AED 100,000+.","Emirates NBD, Mashreq, ADCB, RAKBANK, FAB.",Non-resident accounts usually savings-type with no chequebook or credit; at least one branch visit common; strict AML checks.,Wise AED details; UAE digital banks require Emirates ID.,,817,0,"Emirates NBD current account (Key Fact Statement): AED 3,000 minimum average balance (~USD 817 at 3.6725 AED/USD) with an AED 26.25 (~USD 7.15) monthly fall-below fee only if under that balance, so 0 if maintained; no opening fee is published.",medium,https://gulfnews.com/amp/story/living-in-uae%2Fbanking%2Fmoving-out-of-the-uae-you-can-still-have-a-uae-bank-account-1.1580646884899; https://bestaxca.com/how-open-bank-account-uae-for-non-residents/; https://www.meydanfz.ae/blog/bank-account-in-dubai-for-foreigners
Oman,limited,in-person,often,medium,"Passport, foreign proof of address, bank reference letter, proof of income, photo, initial deposit.",Not published.,"Bank Muscat (dedicated non-resident savings accounts, first account in OMR).",Non-resident products limited to savings accounts at few banks; branch visit required; AML checks.,"Wise, Revolut (no local OMR details).",,260,,Bank Muscat needs no minimum to open a savings account but charges a monthly ledger fee if the daily balance falls below OMR 100 (about USD 260 at USD 2.60/OMR); the fee amount and any opening fee are not published in the sources found.,medium,https://www.bankmuscat.om/en/accounts/Documents/Account_Opening_for_Non-Resident_customers_FAQ.pdf; https://prikhodko.com.ua/en/services/international-corporate-law/oman-en/opening-a-bank-account-in-oman/
Bahrain,limited,in-person,often,hard,"Passport or national ID, proof of foreign address, bank reference/statements from home country, economic reason for account, source of funds.",not published,"National Bank of Bahrain, Bank ABC (non-resident acceptance case-by-case; most retail banks expect a CPR).",CBB rulebook requires enhanced due diligence and documented acceptance criteria for non-residents; remote e-KYC only for Bahrainis.,"Wise, Revolut; GCC private banking for high-net-worth clients.",,,,National Bank of Bahrain and Bank ABC do not publish non-resident personal account fees or minimums.,medium,https://cbben.thomsonreuters.com/node/105316; https://www.expat.com/en/forum/middle-east/bahrain/1054619-opening-a-bank-account-in-bahrain-without-cpr.html; https://wheretoemigrate.io/blog/banking-in-bahrain-expat-guide-2026
Yemen,no,not available,yes,very hard,Passport with Yemeni residence/visa and local address; in-person only.,not published,none known for non-residents.,"Civil conflict with a split Central Bank (Aden vs Sanaa), dual currency rates, cash liquidity shortages; US designations of the Houthis and sanctions on Sanaa-based banks; most foreign banks avoid correspondent relationships.",Hawala and remittance agents (e.g. Al-Kuraimi exchange network); Western Union-type transfers; no fintech access.,,,,"Non-residents cannot open personal accounts at Yemeni banks, so all three are null.",low,https://sanaacenter.org/publications/analysis/7049; https://gfmag.com/economics-policy-regulation/restoring-the-peace-qa-with-ahmed-ghaleb-al-maaqbi-central-bank-governor-of-yemen/; https://www.yemenmonitor.com/en/Details/ArtMID/908/ArticleID/174565
Palestine,no,not available,yes,very hard,"Palestinian or Jerusalem ID typically required, plus residence evidence; foreign companies must be registered with the Companies Registrar.",not published,none known; Bank of Palestine reportedly requires a Palestinian/Jerusalem ID.,Banking depends on Israeli correspondent arrangements and shekel cash constraints; PMA classifies non-residents strictly; Gaza banking severely disrupted by conflict.,Jordanian banks (e.g. in Amman) or Israeli banks serve most cross-border needs; local wallets like PalPay need local ID.,,,,"Not applicable: Bank of Palestine reportedly requires a Palestinian/Jerusalem ID, so non-residents cannot open accounts and no costs apply.",low,https://wheretoemigrate.io/blog/banking-in-palestine-expat-guide-2026; https://regalert.today/document/e6b51a56-a801-4915-86de-a2c43fac27e4
Egypt,limited,in-person,often,hard,"Passport with valid entry visa, proof of address, local mobile number, source of funds; many branches still ask for a residence or work permit.",Initial cash deposit usually required; amounts vary by bank and are not published for non-residents.,"National Bank of Egypt, CIB, HSBC Egypt (branch visit with passport and visa); practice varies between branches.","CBE circular of August 2024 requires banks to open non-resident accounts for foreigners, but with full KYC; FX repatriation and withdrawal documentation rules; currency volatility.",InstaPay and mobile wallets (Vodafone Cash) need a local account or SIM; Wise for transfers.,,,,"National Bank of Egypt, CIB and HSBC Egypt require an initial cash deposit but do not publish amounts or monthly fees for non-residents, so all figures are null.",medium,https://insightplus.bakermckenzie.com/bm/banking-finance_1/egypt-the-central-bank-of-egypt-permits-the-opening-of-non-resident-bank-accounts-to-foreigners; https://www.riotimesonline.com/bank-account-egypt-foreigners-2026/
Sudan,no,not available,yes,very hard,Local ID/residence documents and in-branch presence; no non-resident onboarding documented.,Not published.,"None known for non-residents; Bank of Khartoum, Omdurman National Bank serve locals and diaspora.","Ongoing civil war since 2023, collapsed correspondent banking and international de-risking, residual US sanctions on individuals and entities, severe FX shortages.",Bank of Khartoum's Bankak app and exchange houses for diaspora; foreigners use home-country accounts and remittance providers.,,,,"Non-residents cannot realistically open a personal account here, so no opening fee, minimum deposit or monthly fee applies or is published.",low,https://sudantribune.com/?p=310781; https://pulitzercenter.org/stories/sudan-some-see-signs-pending-us-sanctions-rollback
Libya,no,not available,yes,very hard,Passport and Libyan residence papers; local address and in-branch visit.,not published,"none known for non-residents; Aman Bank, Jumhouria Bank, National Commercial Bank serve residents.","Political division and conflict; Central Bank of Libya FX controls, cash shortages and dual exchange rates; foreigners reported refused locally; heavy de-risking by correspondents.",Offshore/international accounts; Western Union and MoneyGram transfers with limits.,,,,"Non-residents cannot open personal accounts here (local banks serve residents only), so no costs apply.",low,https://expatarrivals.com/node/6706; https://www.expat.com/en/forum/africa/libya/tripoli/49362-how-to-open-a-bank-account-in-libya.html; https://wheretoemigrate.io/blog/banking-in-libya-expat-guide-2026
Algeria,limited,in-person,no,hard,"Passport, proof of foreign residence; banks may ask for further KYC.","Not published; press reports cite DZD 50,000 deposits at some banks for clients without salary domiciliation.","Not published; state banks (e.g. BNA, CPA, BEA) and foreign-owned banks such as Société Générale Algérie and BNP Paribas El Djazair offer foreign-currency accounts.","Bank of Algeria Regulation 09-01 allows non-resident foreigners to hold foreign-currency accounts; strict exchange controls, dinar non-convertible, official rate only.",None practical locally; Wise does not pay out in DZD.,,375,,"Press reports cite DZD 50,000 deposits (about USD 375 at DZD 133/USD) at some banks for clients without salary domiciliation; opening and monthly fees are not published.",low,https://algerie-eco.com/note022018; https://www.algerie360.com/algerie-les-banques-etrangeres-autorisees-a-ouvrir-des-comptes-en-devises/
Tunisia,yes,in-person,no,medium,"Passport, sometimes a Tunisian address, declaration of other accounts; customs declaration of imported foreign cash.",not published,"BNA, Amen Bank, STB, ABC Bank, UBCI, Attijari Bank.",Non-residents may freely open foreign-currency or convertible-dinar accounts without BCT approval; ordinary dinar accounts are subject to exchange controls.,Wise for transfers; few fintech options locally.,,,,"BNA, Amen Bank, STB and others do not publish a non-resident (convertible dinar) account tariff that could be retrieved this pass, so all figures are null.",medium,https://lesafriques.com/2026/09/compte-bancaire-tunisie-diaspora-devises-2026/; https://www.cyriljarnias.com/expatriation/sinstaller-en-tunisie-en-tant-que-expatrie-guide-complet/gestion-financiere-expatries-tunisie-services-bancaires/
Morocco,yes,in-person,no,medium,Passport and proof of foreign residence; banks may request extra KYC documents.,Not published.,"Bank of Africa, Attijariwafa Bank, BMCE/CIH, Societe Generale Maroc (convertible-dirham and foreign-currency accounts).",Non-residents limited to convertible-dirham or foreign-currency accounts funded only from abroad; Office des Changes exchange controls.,"Wise, Revolut (no MAD local details).",,,,"Morocco: not published by the banks named and no official tariff could be found, so all three figures are left null.",high,https://www.oc.gov.ma/en/non-resident-foreigners/currency-account-nrf; https://www.bankofafrica.ma/en/node/1590
Mauritania,limited,in-person,often,very hard,"Passport, proof of local address, photos, often residence permit; foreign-exchange account needed for transfers.",not published,"Attijari Bank Mauritanie, BMCI, Banque Nationale de Mauritanie (non-resident requirements not published).","Foreign-exchange regulation by Banque Centrale de Mauritanie, limited correspondent access, cash-based economy.","Wise or Revolut abroad; local mobile wallets (Bankily, Masrvi) need local SIM and ID.",,,,"Attijari Bank Mauritanie, BMCI and BNM do not publish non-resident personal account fees or minimums.",low,https://www.trade.gov/country-commercial-guides/mauritania-trade-financing; https://wheretoemigrate.io/blog/banking-in-mauritania-expat-guide-2026
Western Sahara,limited,in-person,no,hard,"Passport, proof of foreign residence, funding by transfer from abroad, per Moroccan Office des Changes rules for non-resident convertible-dirham accounts.",not published,"Moroccan banks with branches in Laayoune and Dakhla (e.g. Bank of Africa, Attijariwafa, Banque Populaire) under Moroccan regulation; no Sahrawi (SADR) banks.",Disputed territory administered by Morocco; Moroccan exchange controls apply (non-resident convertible-dirham or foreign-currency accounts only); dirham not exportable; very limited banking outside main towns.,Open a non-resident convertible-dirham account at a Moroccan bank in Rabat/Casablanca; Wise transfers to MAD.,,,,"Moroccan banks with branches in Laayoune and Dakhla publish no non-resident personal-account fees or minimum deposits for this territory, so all three are null.",low,https://www.gov.uk/foreign-travel-advice/western-sahara/money; https://www.oc.gov.ma/en/non-resident-foreigners/foreign-accounts-convertible-dirhams-nrf; https://www.bankofafrica.ma/en/node/1590
Ethiopia,no,not available,yes,very hard,Residence or work permit for foreigners; diaspora FX accounts require Ethiopian nationality or Ethiopian origin (yellow card).,"Diaspora accounts: USD 100 minimum (USD 5,000 fixed deposit); not applicable to other foreigners.",none known for non-resident foreigners without Ethiopian origin; Commercial Bank of Ethiopia and others offer diaspora accounts only.,"Strict NBE foreign-exchange controls; FX accounts limited to resident foreigners, diaspora and approved entities (FDI firms, embassies, NGOs).",Wise/remittance services into Ethiopia; telebirr requires local ID/SIM.,,,,"Not applicable: non-resident foreigners without Ethiopian origin cannot open accounts; diaspora accounts (USD 100 minimum, USD 5,000 fixed deposit) do not apply.",medium,https://nbe.gov.et/wp-content/uploads/2023/04/fxd-68-2020.pdf; https://www.combanketh.et/cbeapi/uploads/Diaspora_Account_English_6044b9cc67.pdf
Eritrea,no,not available,yes,very hard,Passport and proof of residence for in-branch opening in Asmara; no published non-resident procedure.,not published,none known for non-residents; Commercial Bank of Eritrea (state-owned) is the only full retail bank.,"Strict currency controls, nakfa withdrawal limits, foreign currency must be exchanged at official rate; isolated banking system with minimal correspondent links.",none; Wise and remittance services have very limited coverage.,,,,"Non-residents cannot open personal accounts in Eritrea, so no cost applies and the Commercial Bank of Eritrea publishes no tariff.",low,https://en.wikipedia.org/wiki/Banking_in_Eritrea; https://wheretoemigrate.io/blog/banking-in-eritrea-expat-guide-2026; https://worldtravelguide.net/guides/africa/eritrea/money-duty-free
Djibouti,limited,in-person,often,hard,"Passport, residence permit or long-stay visa, local address proof, proof of income, two photos; enhanced source-of-funds above about DJF 1 million.",Minimum opening deposit required; amounts not published.,"BCIMR (BRED group), International Investment Bank (IIB, reported remote opening for non-residents with strict KYC).",DJF pegged to USD with free convertibility; AML/CFT rules require in-person verification at most banks; high barriers for non-residents.,D-Money and Waafi mobile wallets require local SIM/ID; Wise transfers limited.,,,,"BCIMR and IIB require a minimum opening deposit for non-residents but publish no amount, opening fee or monthly fee, so all three are null as unpublished.",low,https://www.jarniascyril.com/expatriation/moving-to-djibouti-as-an-expat-complete-guide/expat-banking-services-djibouti-financial-management/; https://wheretoemigrate.io/blog/banking-in-djibouti-expat-guide-2026
Somalia,no,not available,often,very hard,"Passport or national ID, proof of address; Central Bank of Somalia requires national ID for new accounts in Banadir region.",not published,"none known for non-Somali foreigners; Dahabshil Bank, Premier Bank, Salaam Somali Bank, IBS target Somalis and diaspora.",High-risk jurisdiction with limited correspondent banking; Al-Shabaab-related sanctions/AML scrutiny; economy largely USD and mobile money.,"Mobile money (EVC Plus, Zaad) and hawala remittance (Dahabshiil) via local SIM/contacts.",,,,"Non-residents cannot open personal accounts here (banks serve Somalis and the diaspora, not other foreigners), so no costs apply.",low,https://wheretoemigrate.io/blog/banking-in-somalia-expat-guide-2026; https://mobileidworld.com/tag/somalia/
Somaliland,limited,in-person,often,very hard,"Passport or other ID approved by the Central Bank of Somaliland, physical address, source of funds and purpose of account declaration.",Not published.,"Dahabshil Bank International, Premier Bank, IBS Bank (products mainly target residents and Somali diaspora).",Unrecognised territory with limited correspondent banking and heavy de-risking; economy runs largely on USD mobile money; no published non-resident foreigner process.,Zaad mobile money (Telesom) and eDahab with local SIM; Dahabshiil money transfer.,,,,"Dahabshil Bank International, Premier Bank and IBS Bank publish no non-resident fees or minimum deposit (accounts mainly in USD).",low,https://en.wikipedia.org/wiki/List_of_banks_in_Somaliland; https://dahabshilbank.com/sole-proprietor-business
South Sudan,no,in-person,yes,very hard,"Passport, residence or work permit, local address, in-person KYC.",not published,"none known for non-residents (KCB, Equity Bank operate in Juba for residents and organisations).","Conflict-affected, severe currency instability and USD shortages; de-risking by correspondents.","Mobile money (m-Gurush, MTN MoMo) with local SIM; hawala.",,,,"Non-residents cannot open personal accounts here, so all cost fields are null; KCB and Equity Bank serve only residents and organisations.",low,https://wheretoemigrate.io/blog/banking-in-south-sudan-expat-guide-2026; https://www.healyconsultants.com/south-sudan-company-registration/
Seychelles,limited,remote,often,hard,"Passport, proof of address, proof of income, notarised documents; banks usually want a GOP or residence permit.","Not published officially; one guide cites about USD 35,000 minimum balance at Absa Seychelles for non-residents.",Absa Bank Seychelles (reported to accept non-residents with notarised documents).,Banks require proof of economic link; strong de-risking of offshore clients; residence/work permit usually required.,"Wise, Revolut; Mauritius or Dubai banks.",,35000,,"Minimum balance is the roughly USD 35,000 for non-residents at Absa Seychelles cited by one third-party guide, not an official tariff; opening and monthly fees are not published.",low,https://www.gov.uk/guidance/living-in-seychelles; https://wheretoemigrate.io/blog/banking-in-seychelles-expat-guide-2026
Mauritius,yes,remote,no,medium,"Passport (certified), proof of foreign address, bank reference or statements, source-of-funds evidence, occupation details.",Not published; non-resident and private-banking accounts often expect a meaningful USD/EUR/GBP balance.,"MCB, SBM Bank, Absa Mauritius, AfrAsia Bank (non-resident accounts; some accept courier or introducer applications).","Strict KYC after FATF grey-list exit, CRS reporting; foreign-currency accounts widely available, no exchange controls.","Introduction via licensed management company; Wise, Revolut.",,3000,8.3,"An unofficial reproduction of MCB's non-resident terms cites a USD 3,000 minimum balance to open and a USD 100 annual maintenance fee (about USD 8.30/month) plus a USD 10 penalty below minimum; the opening fee is not published and figures are unconfirmed by an official tariff.",medium,https://real-estate-mauritius.mu/en/open-private-bank-account-mauritius-dubai/; https://www.expat.com/en/forum/africa/mauritius/855209-bank-accounts.html; https://wheretoemigrate.io/blog/banking-in-mauritius-expat-guide-2026
India,limited,in-person,no,hard,"Passport with valid Indian visa, proof of overseas address, photograph, PAN or Form 60, and in-person KYC at an authorised dealer bank branch in India.",not published,"Authorised dealer banks may open NRO savings/current accounts for visiting foreign nationals of non-Indian origin under FEMA; few banks advertise this, and NRE/FCNR products are restricted to NRIs/OCIs.","FEMA Deposit Regulations 2016 allow NRO deposits from persons resident outside India; for foreign visitors the account must be funded from abroad or by sale of foreign exchange brought in, and the balance is freely reconvertible on departure only if held 6 months or less with no local credits (otherwise RBI approval needed).",UPI One World prepaid wallets for foreign visitors; Wise or Remitly transfers to INR.,,,,"Authorised dealer banks may open NRO accounts for visiting foreign nationals of non-Indian origin, but no bank publishes fees or minimum balances for that route, so all three are null.",medium,https://rbi.org.in/commonman/english/Scripts/Notification.aspx?Id=543; https://www.rbi.org.in/Scripts/BS_ViewMasDirections.aspx?id=10325; https://rbi.org.in/scripts/BS_ViewMasCirculardetails.aspx?id=9885
Pakistan,limited,remote,no,medium,"Passport, proof of non-resident status (foreign visa/residence, entry/exit stamps), proof of profession and source of funds, CRS/FATCA forms.",Roshan Digital Accounts have no or low minimum balance; fees not published for foreign nationals.,Roshan Digital Account banks including HBL (NRAN account lists foreign nationals as eligible) and Standard Chartered Pakistan; others mainly require Pakistani CNIC/NICOP/POC.,"SBP rules allow non-resident foreign nationals into RDA, but many banks limit products to Pakistani-origin customers; FX controls on outward remittances; FATF scrutiny.",Wise to PKR accounts; JazzCash/Easypaisa need a Pakistani CNIC.,,,,"Not published: Roshan Digital Accounts (e.g. HBL) are described as having no or low minimum balance, but opening and monthly fees for foreign nationals are not published.",medium,https://www.sbp.org.pk/RDA/index.html; https://www.hbl.com/personal/rda/ebanc-roshan-digital-account/hbl-nran-non-resident-rupee-account-non-repatriable
Bangladesh,limited,in-person,often,hard,"Passport, visa, proof of purpose of stay or employment, photographs, KYC form; NFCD accounts for foreign nationals per Bangladesh Bank FE rules.","A secondary guide cites USD 25,000 minimum for foreign-national NFCD accounts; ordinary account fees not published.","Standard Chartered Bangladesh, HSBC Bangladesh, Eastern Bank and other authorized dealer banks; non-resident foreigner acceptance not confirmed.",Foreign exchange regulations restrict taka accounts for non-residents to approved purposes; FX reserve pressure and repatriation controls.,bKash or Nagad mobile money require a local SIM and national ID or passport; Wise for inbound transfers.,,25000,,"A secondary guide cites a USD 25,000 minimum for foreign-national NFCD accounts (already USD); opening and monthly fees for non-resident foreigners are not published.",low,https://www.nsave.com/bangladesh/ncfd; https://thefinancialexpress.com.bd/national/bangladesh-bank-issues-clarification-on-operating-foreign-currency-accounts-1652277563
Sri Lanka,yes,in-person,no,medium,"Passport, proof of foreign address, source of funds; PFCA eligibility covers non-nationals visiting or intending to visit Sri Lanka, while Inward Investment Accounts (IIA, ex-SFIDA) cover non-nationals resident abroad.",Not published; varies by bank and currency.,"DFCC Bank, Nations Trust Bank, National Savings Bank, Commercial Bank, Sampath Bank, People's Bank.",Foreign Exchange Act and CBSL Direction No 04 of 2021 govern permitted credits/debits; IIA funds tied to investment purposes; post-2022 crisis capital-flow controls easing.,Wise transfers to LKR; local wallets need Sri Lankan NIC.,,,,"No bank named publishes a non-resident personal tariff (DFCC, Nations Trust, NSB, Commercial, Sampath and People's Bank charges vary by bank and currency), so all three figures are left null as unpublished.",medium,https://www.dfcc.lk/products/inward-investment-accounts-iia; https://www.nationstrust.com/personal/global/foreign-currency-accounts
Nepal,limited,in-person,no,medium,"Passport with valid Nepal visa, photos, application form, proof of address; account validity tied to visa period.",not published,Commercial banks licensed by Nepal Rastra Bank case-by-case; Machhapuchchhre Bank offers NRN foreign-currency accounts for those of Nepali origin.,NRB rules: tourist accounts valid only until visa expiry; NPR not freely convertible; foreign-currency withdrawal limits.,Wise and remittance services; eSewa/Khalti wallets need local ID.,,,,"Commercial banks open case-by-case and publish no non-resident opening fee, minimum deposit or monthly fee, and NRN accounts are for people of Nepali origin (web search budget exhausted in pass 2, so figures come from the existing min_deposit_fees text and were not re-verified against a bank tariff).",low,https://www.expat.com/en/forum/asia/nepal/112417-opening-a-bank-account-in-nepal.html; https://www.machbank.com/products/nrn-banking/mbl-nrn-saving-deposit-account-(fcy); https://www.sharesansar.com/newsdetail/central-bank-eases-withdrawals-from-foreign-currency-accounts
Bhutan,no,not available,yes,very hard,Foreign nationals must reside in Bhutan long-term (with work permit) for a foreign currency account; remote Remit Bhutan route is for non-resident Bhutanese only.,Not published.,None known; Bank of Bhutan and Bhutan National Bank serve residents and Bhutanese nationals.,Royal Monetary Authority circular (2012) barred banks from opening deposit accounts for non-resident foreigners; tourist payments go through licensed tour operators.,None; pay via tour operator or international cards.,,,,"Non-residents cannot open personal accounts here, so no opening fee, deposit or monthly fee applies.",medium,https://thebhutanese.bt/non-resident-foreigners-bank-accounts-in-country-is-money-laundering-rma-governor/; https://www.bob.bt/?p=1827; https://www.thimphutech.com/2012/03/important-rma-circular-is-offline-only.html
Afghanistan,no,in-person,yes,very hard,"Passport, Afghan visa and local presence; Tazkira for locals.",not published,none known for non-residents.,Taliban-run central bank under sanctions pressure; weekly withdrawal caps; most foreign correspondents refuse transfers.,"Western Union, MoneyGram (up to USD 5,000 per transaction), hawala.",,,,"Non-residents cannot open personal accounts here, so all cost fields are null.",medium,https://amu.tv/115454/; https://kakaradvocates.com/content/Insights/bank-transfers-to-and-from-afghanistan-explained; https://files.acquia.undp.org/public/migration/iicpsd/Policy-Brief-Afghan-Banking-and-Financial-System-Situation-Report.pdf
Maldives,limited,remote,no,medium,Passport and supporting KYC documents submitted digitally; no work permit needed for MIB non-resident accounts.,MIB non-resident foreigner account: USD 100 annual fee.,"Maldives Islamic Bank (Non-Resident Foreigners Deposit Account, USD only).",Non-resident accounts USD-only; most banks including Bank of Maldives require a valid visa or work permit.,"Wise, Revolut (no MVR local details).",,,8.33,MIB Non-Resident Foreigners Deposit Account charges USD 100 a year (shown as USD 8.33/month); opening fee and current minimum deposit are not published (the USD 100-250 minimums dated from MIB's 2011 launch).,medium,https://mib.com.mv/personal-deposits/non-resident-foreign-account; https://help.mib.com.mv/portal/en/kb/articles/requirements-for-accounts-for-foreigners
Nigeria,no,in-person,yes,very hard,"Passport, residence permit (CERPAC), proof of Nigerian address, BVN enrolment, reference letters, passport photos.",Low minimums for savings and domiciliary accounts; non-resident fees not published.,"Access Bank, GTBank, Zenith Bank open accounts for resident expatriates; 2025 non-resident BVN platform is for diaspora Nigerians only.","Mandatory BVN, CBN FX restrictions and naira volatility, domiciliary account withdrawal limits.","Brokers' foreign-investor accounts; Wise for NGN payments; fintechs (Opay, Moniepoint) need BVN/NIN.",,,,"Foreign non-residents cannot open personal accounts (the 2025 non-resident BVN platform is for diaspora Nigerians only), so no applicable costs.",medium,https://mondaq.com/nigeria/financial-services/1287672/requirements-for-opening-a-bank-account-as-a-foreigner-in-nigeria; https://www.riotimesonline.com/bank-account-nigeria-foreigners-2026/; https://doingbusinessinnigeria.beehiiv.com/p/how-diaspora-nigerians-can-get-non-resident-bvn
Ghana,no,not available,yes,very hard,"Passport plus Non-Citizen Ghana Card (issued only to foreigners resident at least 90 days, needing a residence permit and in-person biometrics), proof of Ghana address, and work/employment documents where applicable.","Reported 2026 tariffs: Societe Generale Ghana GHS 50 current account, OmniBSIC USD 50 FX current account, Stanbic GHS 500 opening and USD 5/month on FX accounts.","none known for short-stay non-residents; Absa, Stanbic, GCB, Ecobank and Standard Chartered serve foreigners once they hold a Non-Citizen Ghana Card and residence permit.","Bank of Ghana notice BG/GOV/SEC/2025/36 (effective 1 Dec 2025) reportedly bars financial transactions for customers without a Ghana Card or Non-Citizen Card, limiting visitors under 90 days to one-off transactions; FCA/FEA foreign-currency account rules apply.","Wise or Remitly transfers to GHS; mobile money (MTN MoMo, Telecel Cash) requires a Ghana Card-registered SIM.",,,,"Non-residents cannot open personal accounts without a Non-Citizen Ghana Card and residence permit, so all three are null (resident tariffs reported for 2026: Stanbic GHS 500 opening, about USD 45 at GHS 11/USD, and USD 5/month on FX accounts).",medium,https://www.riotimesonline.com/bank-account-ghana-foreigners-2026/; https://wise.com/gb/blog/opening-a-bank-account-in-ghana; https://www.absa.com.gh/diaspora-banking/
Côte d'Ivoire,limited,in-person,often,hard,"Passport, proof of address, residence permit or carte de sejour usually requested, source-of-funds; non-resident and foreign-currency accounts need BCEAO/Treasury formalities.",not published,none known for non-WAEMU non-residents; diaspora accounts (BCEAO Notice 001-03-2026) cover WAEMU nationals only.,BCEAO exchange controls; foreign-currency accounts require Finance Ministry/BCEAO authorisation; non-resident operations subject to prior authorisation.,"Mobile money (Orange Money, MTN MoMo, Wave) requires local SIM and ID; Wise from abroad.",,,,"Not published: no known option for non-WAEMU non-residents, and no bank publishes non-resident fees.",low,https://www.ecofinagency.com/news-finances/2303-53987-west-africa-targets-diaspora-funds-with-new-banking-access-rules; https://tresor.gouv.ci/tres/wp-content/uploads/2018/03/PRESTATION-COMPTE-EN-DEVISE.pdf
Benin,limited,in-person,often,hard,"Passport, embassy/consular card or carte de sejour (residence permit), proof of local address, TIN if available, initial deposit.",not published,"Ecobank Benin, Bank of Africa (BOA) Benin, Orabank; branch visit required and non-resident acceptance case-by-case.",BCEAO/WAEMU foreign-exchange regulations limit non-resident accounts in XOF; strict KYC; beware remote-account scams.,MTN MoMo or Moov Money with local SIM; Wave; Wise for XOF payouts.,,,,"Ecobank Benin, BOA Benin and Orabank do not publish non-resident personal account opening fees, minimum deposits or monthly fees, so all figures are null.",low,https://wheretoemigrate.io/blog/banking-in-benin-expat-guide-2026; https://www.expat.com/en/forum/africa/benin/112354-opening-a-bank-account-in-benin.html
Togo,limited,remote,often,hard,"Passport or residence card, local address proof, Togolese phone number, sometimes TIN and proof of income, two photos; certified copies by post for diaspora accounts.","Initial deposit required, amount varies by bank and is not published.","Ecobank Togo (Diaspora account, online with couriered originals), Coris Bank International Togo (diaspora account), Orabank Togo (branch).",UEMOA/BCEAO exchange regulation (Regulation 06/2024) governs non-resident accounts with heightened documentation since 2025; diaspora products aimed mainly at Togolese abroad.,"Mobile money (Flooz/Moov, T-Money) requires local SIM; Wise transfers to XOF.",,,,"Ecobank Togo and Coris Bank diaspora accounts require an initial deposit whose amount varies by bank and is not published, and no opening or monthly fee is published, so all three are null.",low,https://www.goafricaonline.com/tg/articles/1103-ouvrir-compte-bancaire-togo-etranger; https://wheretoemigrate.io/blog/banking-in-togo-expat-guide-2026; https://www.cyriljarnias.com/?p=41486
Burkina Faso,limited,in-person,often,very hard,"Passport, proof of address, and justification of purpose under BCEAO non-resident account rules; details not published by banks.",not published,none known specifically; Coris Bank International and Ecobank Burkina operate but publish no non-resident terms.,BCEAO Instruction 09/07/2025/RFE governs non-resident foreign accounts and FX accounts; military government and security situation; heightened AML scrutiny.,"Mobile money (Orange Money, Moov Money) with local SIM; Wise/remittance services.",,,,"Coris Bank International and Ecobank Burkina publish no non-resident opening fee, minimum deposit or monthly fee (web search budget exhausted in pass 2, so figures come from the existing min_deposit_fees text and were not re-verified against a bank tariff).",low,https://www.labase-lextenso.fr/l-essentiel-droits-africains-des-affaires/2025-n9/reforme-du-controle-des-changes-au-sein-de-l-uemoa-des-precisions-sur-l-ouverture-des-comptes-en-devises-DAA203g8; https://burkina.coris.bank/wp-content/uploads/2020/01/condition-general-de-banque-cbi-burkina-pdf.pdf
Mali,no,not available,yes,very hard,"Passport, Malian residence certificate and in-branch opening.",Not published.,None known for non-residents; BDM (Banque de Développement du Mali) and Ecobank Mali serve residents.,UEMOA exchange control (BCEAO instruction 09/07/2025/RFE on non-resident accounts effective August 2025); security crisis and travel warnings make in-person opening impractical.,Orange Money Mali or Moov Money with local SIM and ID; Wise does not support Mali payouts.,,,,"Non-residents cannot open personal accounts here, so no opening fee, deposit or monthly fee applies.",low,https://wheretoemigrate.io/blog/banking-in-mali-expat-guide-2026; https://www.labase-lextenso.fr/l-essentiel-droits-africains-des-affaires/2025-n9/reforme-du-controle-des-changes-au-sein-de-l-uemoa-des-precisions-sur-l-ouverture-des-comptes-en-devises-DAA203g8
Guinea,no,in-person,yes,very hard,"Passport with visa or residence card, proof of local accommodation or residence certificate, in-person KYC.",not published,"none known for non-residents (Ecobank Guinee, BICIGUI, Orabank, AFG Bank serve residents).",Exchange controls on Guinean francs; branch visit and local residence documents expected.,Orange Money/MTN MoMo with local SIM.,,,,"Non-residents cannot open personal accounts here, so all cost fields are null; local banks serve residents only.",low,https://wheretoemigrate.io/blog/banking-in-guinea-expat-guide-2026; https://www.ecobank.com/businessaccountrequirements.aspx
Guinea-Bissau,no,in-person,yes,very hard,"Passport, local address, residence or professional link to the country; requirements not published.",Not published.,"None known for non-residents; local banks include Ecobank Guine-Bissau, Orabank, Banco da Uniao.",BCEAO/WAEMU exchange controls; 2026 non-resident CFA account rule covers only WAEMU citizens abroad; very low banking penetration.,Mobile money (Orange Money) once locally registered; Wise not available locally.,,,,"Non-residents cannot realistically open a personal account here, so no cost figures apply (all null).",low,https://www.ecofinagency.com/news-finances/2303-53987-west-africa-targets-diaspora-funds-with-new-banking-access-rules; https://www.jarniascyril.com/?p=15272
Senegal,limited,in-person,often,hard,"Passport, proof of address, often residence proof, notarised or certified ID for non-resident applications; initial deposit.","Monthly maintenance roughly XOF 1,000-6,000; opening deposit varies by bank, not published.","Ecobank Senegal (possible non-resident opening with certified documents), CBAO Attijariwafa, Societe Generale Senegal, Bank of Africa Senegal.","BCEAO/UEMOA foreign-exchange regulation of non-resident accounts, XOF pegged to EUR, branch visit usually needed.","Wave and Orange Money mobile wallets (need local SIM/ID); Wise, Revolut.",,,1.8,"Monthly maintenance at Senegalese banks is roughly XOF 1,000-6,000 (lower bound about USD 1.80 at XOF 560/USD); opening fees and deposits at Ecobank Senegal are not published.",low,https://wheretoemigrate.io/blog/banking-in-senegal-expat-guide-2026; https://www.trade.gov/country-commercial-guides/senegal-trade-financing
Gambia,limited,in-person,often,hard,"Passport, proof of address, residence or work permit at most banks, Gambia TIN, and notarised ID for non-residents where accepted; branch visit required.",not published (monthly maintenance reportedly around GMD 2-15).,"Ecobank Gambia reportedly considers non-residents with notarised ID, address proof and a Gambia TIN; Access Bank, GTBank and Trust Bank reportedly require residence/work permits or local ID.",No remote non-resident onboarding found; standard KYC expects local ID and in-person visit; small market with limited correspondent banking and USD access.,"Wave and Afrimoney mobile money (local SIM needed); Western Union, MoneyGram and Wise transfers to GMD.",,,0.2,"Monthly maintenance at Gambian banks reportedly about GMD 2-15 (upper bound about USD 0.20 at GMD 72/USD), not from an Ecobank Gambia tariff; opening fee and minimum deposit are not published, so null.",low,https://wheretoemigrate.io/blog/banking-in-gambia-expat-guide-2026
Sierra Leone,limited,in-person,often,hard,"Passport, proof of address, photo, residence permit if applicable, TIN if available; branch visit with ID.",Initial deposit varies by bank; not published.,Rokel Commercial Bank and others require branch visit; Ecobank Sierra Leone policy not published.,"Bank of Sierra Leone permits residents and non-residents to hold foreign-currency accounts, but banks rarely onboard non-residents remotely; AML de-risking.",Orange Money and Afrimoney need local SIM/ID; Wise/remittance services from abroad.,,,,"Not published: Rokel Commercial Bank and others require a branch visit, and initial deposits and fees are not published.",low,https://www.visitsierraleone.org/bccsl-lunch-and-learn-foreign-currency-accounts-acceptable-to-all-ik-lamin-2/; https://wheretoemigrate.io/blog/banking-in-sierra-leone-expat-guide-2026
Liberia,limited,in-person,often,hard,"Passport, proof of address or residence, residence permit if applicable, TIN if available, passport photos, initial deposit; in-branch KYC.",not published,"Ecobank Liberia, LBDI, Afriland First Bank, GT Bank Liberia; no bank confirmed to open personal accounts remotely for non-residents.",Dual USD/LRD economy; correspondent-banking de-risking; Central Bank of Liberia KYC rules; in-person presence usually required.,Orange Money or MTN Lonestar MoMo with local SIM; Western Union/MoneyGram for transfers.,,,,"Ecobank Liberia, LBDI, Afriland and GT Bank Liberia do not publish non-resident personal account opening fees, minimum deposits or monthly fees, so all figures are null.",low,https://wheretoemigrate.io/blog/banking-in-liberia-expat-guide-2026; https://openbankingtracker.com/provider/ecobank-liberia-limited
Niger,no,in-person,often,very hard,"Passport, residence permit or visa, local address proof and income justification; in-branch only.",Not published.,None known for non-residents; Ecobank Niger and Bank of Africa Niger serve residents.,"Military government since 2023 and political isolation, BCEAO Instruction 09/07/2025/RFE tightened non-resident and FX account controls, correspondent-banking de-risking.","Mobile money (Airtel Money, Moov/Flooz) requires local SIM; foreigners rely on home accounts and remittance services.",,,,"Non-residents cannot realistically open a personal account here, so no opening fee, minimum deposit or monthly fee applies or is published.",low,https://alliancesolidaire.org/2026/05/07/union-economique-et-monetaire-ouest-africaine-la-france-attentive-aux-nouvelles-regles-de-transferts-de-fonds-imposees-par-la-bceao/; https://www.leconomistemaghrebin.com/2026/03/25/uemoa-la-diaspora-bientot-en-comptes-fcfa/
North Korea,no,not available,yes,very hard,Not applicable; historically only resident diplomats and aid workers could open foreign-currency accounts (e.g. Narae card).,not published,none known; Foreign Trade Bank and others are UN/US/Australian sanctioned.,"Comprehensive UN, US and Australian autonomous sanctions; dealings with DPRK banks prohibited for Australians; no correspondent banking.",none,,,,"Non-residents cannot open personal accounts here (all banks are under UN/US/Australian sanctions), so no costs apply.",high,https://www.nkinsider.org/north-korea-has-cash-cards/; https://conventuslaw.com/report/us-treasury-department-imposes-new-sanctions-on/; https://www.koreajoongangdaily.com/korea/us-treasury-sanctions-8-banks-26-north-koreans/10194326
Russia,limited,in-person,no,hard,"Passport, valid visa or proof of legal entry, migration card, Russian phone number; INN sometimes requested.",Not published; MIR debit cards typically free to issue.,T-Bank (formerly Tinkoff) issues accounts and MIR cards to any foreigner legally present; Sberbank and others case-by-case.,"Australia is an unfriendly state: Central Bank restrictions on transfers abroad, Western sanctions on major banks (including Australian sanctions), no Visa/Mastercard international use; dealing may breach Australian sanctions law.",None from abroad; Wise and Revolut do not support RUB transfers.,0,,,"T-Bank and other banks typically issue MIR debit cards and accounts free of charge (RUB about 80/USD), but the non-resident minimum balance and monthly fees could not be checked against a current tariff.",medium,https://www.tinkoff.ru/cards/debit-cards/tinkoff-black/form/foreign/eng/; https://russiable.com/open-bank-account-russia/; https://www.cbr.ru/eng/press/event/?id=26827
Cabo Verde,yes,in-person,no,medium,"Passport, Cabo Verdean tax number (NIF, issued at a Casa do Cidadao), local address and phone, signed opening form.",Minimum opening deposit varies by bank; not published.,"Caixa Economica de Cabo Verde, BCA, Banco InterAtlantico, Ecobank.",Non-residents and tourists can open accounts but no standard fully remote route; cards collected at branch; escudo pegged to euro.,Wise EUR account for transfers.,,,,"Caixa Economica, BCA, Banco InterAtlantico and Ecobank do not publish non-resident minimum deposits or maintenance fees retrievable this pass, so all figures are null.",low,https://www.expat.com/en/forum/africa/cape-verde/112460-opening-a-bank-account-in-cape-verde.html; https://www.jarniascyril.com/expatriation/moving-to-cape-verde-expat-complete-guide/financial-management-expats-cape-verde-banks-accounts-transfers/; https://wheretoemigrate.io/blog/banking-in-cabo-verde-expat-guide-2026
Kosovo,limited,in-person,often,medium,"Passport, proof of address (lease or residential proof), purpose of account; branch presence required.",Not published.,"ProCredit Bank Kosovo, Raiffeisen Bank Kosovo, TEB Bank (case-by-case for foreign non-residents).",Banks expect a branch visit with proof of address; online opening aimed at Kosovo diaspora; euro is local currency; Serbian dinar banking curtailed since 2024.,"Wise, Revolut, Paysera (EUR IBANs).",,,,"Kosovo: not published by the banks named and no official tariff could be found, so all three figures are left null.",low,https://teb-kos.com/?p=4886; https://www.ubt-uni.net/en/study/new-students/international-students/life-in-kosovo/banks-and-taxes
Palau,limited,in-person,often,hard,"Passport, proof of address, likely US SSN/ITIN or foreign TIN and local presence; requirements not published.",not published,BankPacific and Bank of Guam (US-chartered banks with Palau offices); non-resident acceptance unconfirmed.,USD economy served by US banks subject to FATCA and US KYC rules; small local banking market.,Keep funds in an Australian bank or Wise; Palau digital residency ID does not confer bank access.,,,,"BankPacific and Bank of Guam do not publish non-resident fees or minimums, and acceptance is unconfirmed.",low,https://www.bankpacific.com/
Greenland,no,not available,often,hard,"Photo ID (passport accepted) showing name, address and an identity number such as a CPR number, or residence/employment documents as substitutes, under Danish AML rules.",not published,none known; Gronlandsbanken and Bankivik (BankNordik's former Greenland site now redirects there) target local residents and newcomers and publish no non-resident personal offering.,"Danish krone and Danish FSA supervision; onboarding geared to CPR-registered residents, and accounts are blocked if ID requirements are not met; non-residents must contact banks case by case.",Wise or Revolut for DKK; a Danish bank account where eligible.,,,,"Non-residents cannot open personal accounts at Gronlandsbanken or Bankivik, which serve local residents only, so all three are null.",low,https://www.banken.gl/en/become-a-customer/; https://www.bankivik.gl/kl/privat/om-os/om-banken/legitimation; https://www.bankivik.gl/
