Country,Google for Nonprofits eligible,Main charitable entity types,Difficulty (AU-resident foreign founder),Key local requirements,Est. cost & time,Notes,Foreign founder (no local presence),Main bottleneck (remote foreign founder),Registration fee (USD),Time to register,Charitable deduction regime,Foreign donor / donation restrictions,Confidence,Sources,Annual compliance & reporting,Tax-exempt status & benefits,Bank account (remote feasibility)
Canada,Yes,"Federal registered charity (CRA), incorporated charity (Canada Not-for-Profit Corporations Act), charitable trust",medium,"No citizenship requirement for trustees, but a Canadian address must be maintained for records and filings (a registered agent suffices).","C$300 (C$100–200 incorporation + C$100 charity registration); incorporation 2–4 weeks, charity registration 35 days–3 months",English/French; no foreign-formation ban; popular with diaspora and dual-citizen charities; ongoing CRA reporting obligations are substantial. | confirm prior - C$200 incorporation (C$300 express) plus C$100 charity fee matches the C$300 total and timeline,partial,Books/records must be kept at a Canadian address (registered agent suffices); CRA charity approval takes months.,~$230 (C$200 incorporation + C$100 CRA charity registration),6-16 weeks (incorporation 1-2 weeks; CRA registration 35 days to 3+ months),Canadian donors get a tax credit of ~25-33% of gift (federal + provincial),none notable - no foreign donor registration; cross-border gifts to registered charities permitted,high,https://www.canada.ca/en/revenue-agency/services/charities-giving/charities/information-about-a-charity.html; https://www.xero.com/ca/guides/starting-a-non-profit/; https://www.canadiancharitylaw.ca/uploads/CRA_Foreign_Activity_Guidance_-Final.pdf,CRA Form T3010 (charity information return) due within 6 months of fiscal year-end; audited financial statements required if program expenditures exceed CAD 1M. Non-filing: registered charity status revoked.,"Separate CRA application (Form T2050) after incorporation for charitable purposes. Benefits: charity income tax-exempt, issues official donor receipts. Time: CRA standard ~9 months, commonly 6-9 months.","Realistic: Canadian banks open non-resident accounts in person, electronically or by phone; some (Scotiabank) start online, but a charity's corporate account typically needs at least one in-person branch visit by a signatory for KYC."
United States,Yes,"State nonprofit corporation (e.g., Delaware, California), private charitable trust, 501(c)(3) tax-exempt organization",easy,Registered agent and state address in the state of incorporation; no residency requirement for directors; English.,"US$50–300 state filing + IRS user fee $275 (Form 1023-EZ) / $600 (Form 1023), paid via Pay.gov; incorporation days–2 weeks, 501(c)(3) determination 6–12 months","The most common foreign-founder pathway: state nonprofit corporation + 501(c)(3); fully remote; no charity regulator, only tax-exempt status. | verified primary: IRS user fees $275 (1023-EZ) / $600 (1023) confirmed verbatim on irs.gov (form-1023-and-1023-ez-amount-of-user-fee), subject to change | Verified: No residency requirement for incorporators/directors; local registered agent required in-state",yes,Registered agent in state of incorporation required (readily purchasable); IRS determination is the long pole.,~$100-700 (state incorporation ~$50-150 + IRS 1023-EZ user fee $275; state-dependent),"Same day to 2 weeks (incorporation, state-dependent); 501(c)(3) determination 3-12 months extra","Deductible for US donors, generally up to 60% of AGI for cash gifts to public charities",none notable - no registration of foreign donors; US persons face OFAC/CFIUS-adjacent limits on giving to sanctioned entities only,high,https://www.irs.gov/charities-non-profits/form-1023-and-1023-ez-amount-of-user-fee; https://www.irs.gov/charities-non-profits/frequently-asked-questions-about-form-1023; https://www.501c3.org/incorporate-nonprofit-delaware/; https://corp.delaware.gov/fee/,"State annual report/entity list filing plus IRS Form 990 (or 990-EZ/990-PF). Penalties after IRS notice up to ~US$27,782; three consecutive missed 990s = automatic revocation of 501(c)(3) status.","Separate IRS application Form 1023 (1023-EZ for small orgs): organized and operated exclusively for exempt charitable/educational/scientific purposes, no private inurement. Exemption + donor deduction. Time unpublished.","Needs a local visit: US banks require in-person branch KYC with passport/visa and an IRS EIN; many also demand a physical US address, so a remote founder needs an in-person signatory trip or local agent."
Cuba,No,No independent NGO sector: only state-recognized foundations and mass organizations authorized by the Communist Party; private charitable entities are not available to foreigners.,very hard,No charitable registration is open to foreign nationals; all civil-society bodies must be state-sanctioned.,"N/A - not available to foreigners; the state controls the creation of all associations, so no registration fees, filings, or official timelines apply.",Foreign formation is effectively barred; use a Canada/US entity and partner with a local state-linked body instead. | confirm prior - no foreign-accessible registration path; use a Canada/US entity partnering with a state-linked body,no,No private charitable sector exists; foreign nationals cannot register any charitable vehicle,none,N/A - not available,none - no private charitable deduction regime,US OFAC embargo blocks most US-person giving; Cuba only accepts state-sanctioned solidarity programs (MESA-style),high,https://ofac.treasury.gov/faqs/topic/1541; https://2021-2025.state.gov/fact-sheet-provision-of-humanitarian-assistance-to-cuba/; https://www.state.gov/report/custom/ff987665fc,No private charity sector exists: only state/Communist-Party-recognized mass organizations and foundations (OPCs) operate. A foreign founder with no local presence cannot practically register or run a charity here.,No separate application: tax law Art. 101 exempts from income tax legally recognized religious/fraternal institutions in the Registro de Asociaciones and international non-profits. No donor-deduction regime.,"Effectively blocked: no independent charity sector exists, and banks serve residents/authorized state entities; even personal MLC accounts require temporary residence permits, not tourist status."
Jamaica,Yes,"Company limited by guarantee (Companies Act 2004, Form 1B); charitable status via Recognized Charitable Organisation under the Charities Act 2013 (Companies Office of Jamaica).",medium,Jamaican registered office and local company secretary/agent; no citizenship requirement for directors; English.,"Registration JMD 27,000 (~USD 150) + name search JMD 500 / reservation JMD 3,000; ~1-2 weeks; a local registered office and agent are required, adding ~USD 1,000-2,000 agent fees.","No formal charity status, regulator, or donation tax-deductibility regime; most foreign founders use a company limited by guarantee + local manager. | prior claim of 'no charity regulator/tax-deduction regime' is outdated: Charities Act 2013 registration (RCOs) exists with tax-deductible status",partial,Local registered office + agent required; deductible status needs Charities Act registration beyond company incorporation.,"~$150 (J$25,000 Companies Office filing; agent fees separate)",2-4 weeks for company; additional months for charity registration,Deductible for Jamaican donors if registered as a charity under the Charities Act (ITA s.13(1)(q)),none notable - foreign gifts permitted; registered charities also get customs/GCT relief,med,https://www.jamaicatax.gov.jm/charitable-donations; https://www.orcjamaica.com/Services.aspx; https://dcfs.gov.jm/docs/Charities/DCFS_CharitiesPolicy.pdf; https://www.miic.gov.jm/register-your-business/,"Charities Act 2013: RCOs file an Annual Return with the Charities Authority (DCFS) by 31 March each year; above revenue thresholds, audited financial statements too. Non-filing: sanctions and risk of losing recognition.","Separate Charities Authority registration (Charities Act 2013); registered charity income exempt (Income Tax Act s.13); Finance Minister gazette approval enables donor deduction, capped at 1/20 of statutory income.","Needs a local visit: banks (NCB, CIBC) open non-resident accounts, but non-residents must be physically present at a branch with passport plus a second ID; no fully remote onboarding."
Bahamas,Yes,"Company limited by guarantee (Companies Act, Chapter 308 (1992, as am.)); domestic company incorporated at the Registrar General's Department; charitable deduction status applied for with IRD.",medium,Bahamas registered office and licensed registered agent; no residency requirement for directors; English.,"Government incorporation fee ~B$200-500 (~USD 100-250) plus name fee; RGD online filing 1-2 days; a licensed Bahamian agent and registered office are required - agent fees ~USD 1,500-2,500/year.","Strong offshore-agent ecosystem; no income tax so no tax-exempt registration is needed; donations are not tax-deductible for donors. | confirm prior - Companies Act, Ch. 308 (1992) CLBG via Corporate Business Registry with licensed agent; no charity tax regime",partial,Licensed Bahamian registered agent must provide the registered office (readily available for hire).,"~$100-250 (gov, B$200-500); ~$300-800 all-in w/ licensed agent",1-3 weeks,"none - no income tax, so no charitable deduction regime",none notable,med,https://rgd.gov.bs/service/foreign-registration-of-companies; https://www.bahamas.gov.bs/corporate-registry; https://www.expanship.com/bs/blog/how-much-does-it-cost-to-incorporate-a-company-in-bahamas; https://www.rgd.gov.bs/service/incorporation-of-a-regular-company,Domestic companies: annual return to the Registrar by 31 March (particulars to 31 Dec); IBCs: return/financials within 10 days of that deadline. Late fees 10-50%; continued default: strike-off.,"Company limited by guarantee (Companies Act, Ch. 308 (1992)) with charitable objects; no separate charitable tax-exempt approval located - status not automatically tax-exempt and no donor-deduction scheme identified in law.","Needs a local visit: Bahamian banks open non-resident accounts under central-bank FATF KYC guidance, but the applicant must appear in person for identity verification; remote opening is rare."
Barbados,Yes,"Company limited by guarantee (Companies Act, Cap. 308 (1982, as am.), CAIPO); tax-deductible charitable status under the Income Tax Act; foreign entities register as external companies (Form 28).",medium,Local registered office + agent; no citizenship requirement for directors; English.,"Registry incorporation fee ~BBD 250-500 (~USD 125-250); 2-4 weeks at CAIPO; a local registered office and Barbadian agent are mandatory - all-in with agent ~USD 2,500-3,000 first year.","No dedicated charity regulator; standard expat path is a company limited by guarantee with a local secretary. | confirm prior - Companies Act, Cap. 308 (1982) CLBG via Business Barbados (CAIPO) with local agent; standard expat path",partial,"Local registered office + agent required; no dedicated charity regulator, so deductible status is limited.",~$300-800 incl. agent,1-3 weeks,limited charitable donation relief under the Income Tax Act for approved donees,none notable,med,https://caipo.gov.bb/corporate-affairs/incorporation/; https://caipo.gov.bb/corporate-affairs/registered-agent/; https://www.expanship.com/bb/blog/how-much-does-it-cost-to-incorporate-a-company-in-barbados,"CAIPO Companies Act: Form 35 Annual Return to the Registrar each year; late filing penalised up to BDS $3,000 (~BDS $10/day). Accounts kept; audit where thresholds met. Persistent default: strike-off.","CAIPO registration with charitable objects; income tax exemption (Income Tax Act Cap.73, amended 2024) only for charities on the First Schedule exemption list; donor deduction for listed charities. Time unpublished.","Needs a local visit: banks accept non-resident accounts, but non-residents must be present for account opening (CIBC rule); online application only pre-fills the branch completion."
Trinidad & Tobago,Yes,"Company limited by guarantee (Companies Act Ch. 74:01, CRO); charitable/tax-exempt status under the Income Tax Act Ch. 79:04; trust deed under the Charities Act as an alternative.",medium,T&T registered office + local agent; no resident-director requirement; English.,"CRO incorporation fee TT$520-560 (~USD 55-60); 1-2 weeks; charitable status adds a few months; a local registered office and agent are required - all-in with agent ~USD 2,000-2,200.",Gifts to approved charitable organizations are income-tax deductible (T&T Income Tax Act); no formal charity status beyond government approval. | confirm prior - Companies Act 2019 CLBG plus separate charitable-status application under Income Tax Act s.76(3)(d),partial,Local registered office + agent required; charitable status needs discretionary Ministry of Finance approval.,~$300-800 incl. agent,2-6 weeks for company; months more for charitable status approval,"Covenanted donations to approved charities deductible, capped at 15% of total income",none notable,med,https://www.finance.gov.tt/services/licenses/application-for-charitable-status/; https://www.ird.gov.tt/approvals-deeds-of-covenants; https://rgd.legalaffairs.gov.tt/laws2/Alphabetical_List/lawspdfs/75.01.pdf; https://legalaffairs.gov.tt/faqs.php,"Companies Act Ch. 74:01: annual return to the CRO within 30 days of incorporation anniversary (directors, office, officers); late default: penalties. Accounts kept; audit where required. Non-filing: strike-off.",Ministry of Finance 'approved charity' status; donors deduct covenanted donations up to 15% of income; charity exempt from income tax (Income Tax Act Ch.79:04). No deduction without approval. Time unpublished.,"Needs a local visit: non-residents must appear at a branch (First Citizens, Republic Bank) with passport, three-month utility bill or lease as address proof; no remote opening."
Antigua & Barbuda,Yes,"Company limited by guarantee (Companies Act 1995 (Act 18/1995), ABIPCO); domestic company; no separate charity registry - charitable purpose stated in the objects; IBCs only via a licensed agent.",medium,Local registered office + registered agent; no residency requirement for directors; English.,"Registry incorporation fee ~EC$500-1,000 (~USD 200-400); 3-7 business days; a local registered office and licensed agent are mandatory - all-in with agent ~USD 2,200 first year.",Established offshore-agent services make remote formation straightforward; no charity tax regime. | confirm prior - Companies Act 1995 CLBG via ABIPCO with licensed agent; remote formation straightforward,partial,Licensed local registered agent required (readily available; strong offshore-agent ecosystem).,~$300-800 incl. agent,1-3 weeks,no significant charitable deduction regime,none notable,med,https://abipco.gov.ag/companies/; https://laws.gov.ag/wp-content/uploads/2018/08/a1995-18.pdf; https://www.expanship.com/ag/blog/incorporation-requirements-in-antigua-and-barbuda,ABIPCO Act 2016 (ss.194/356): annual return plus accounts or solvency certificate within 30 days after the anniversary. Late penalty A$50/day up to 90 days; persistent non-filing: strike-off and dissolution.,"Automatic: Income Tax Act Cap.212 s.8(d) exempts income of ecclesiastical, charitable or educational institutions of public character, as far as not from trade. No separate application; no donor-deduction scheme.","Needs a local visit: banks (Trium, A&B Bank) accept non-resident and corporate accounts with enhanced due diligence, but an in-person branch visit by the signatory is the standard route."
Grenada,Yes,"Company limited by guarantee (Companies Act, Cap. 58A (1994, as am.), CAIPO); domestic private company; charitable/tax-exempt status via GRA application; trust deed under the Trusts Act as an alternative.",medium,Local registered office + agent; no residency requirement for directors; English.,"Registry fees ~US$250 (name reservation US$3.70, incorporation ~US$222, seal US$27); 1-3 days; a licensed local agent and registered office are required - agent fees add ~USD 1,500-2,000/year.","Agent services in English; little charity-specific legislation; company limited by guarantee is the standard vehicle. | confirm prior: CLBG standard vehicle, agent fees included; little charity-specific legislation; no director residency rule",partial,Local registered office/agent required; GFRC files need notarized police clearance for all foreign directors,~$100-200,2-4 weeks,charitable gifts deductible up to 20% of taxable income (approved institutions),none notable,med,https://www.gfrc.cc/fees-help-support/; https://www.gfrc.cc/how-to-register-a-company/learn-what-a-company-is/; https://www.gfrc.cc/important-information/; https://www.multilaw.com/Multilaw/Global_Business_Entities_Guide/Grenada.aspx,"Cap. 58A (GFRC registry): annual return with director/shareholder particulars; change-of-director notices within 15 days. Late fees per filing; persistent default: strike-off, then dissolution. Accounts kept.",Automatic by category: Income Tax Act Cap.149 s.25(1)(q) exempts religious/charitable/educational institutions of public character not trading for profit; donors deduct donations to Comptroller-approved organizations.,"Needs a local visit: banks (Grenada Co-op, Republic Bank) accept non-national accounts with two IDs, but the applicant/signatory must appear in person at a branch; no fully remote route."
St. Kitts & Nevis,Yes,Company limited by guarantee (Companies Act Cap 21.03); Nevis LLC (Companies Ordinance Cap 7.06(N)); exempt company via FSC filing; charitable status via Inland Revenue approval.,medium,Local registered office + registered agent; no residency requirement for directors; English.,"Ordinary company EC$270 (~US$100), exempt EC$540 (~US$200); 1-5 days; annual filing XCD 270; a local registered office and agent are mandatory - agent fees ~USD 1,500-2,000/year.","Strong offshore-agent infrastructure; remote formation in English is practical. | confirm prior: CLBG/ordinary company EC$270 (~US$100) official fee, no resident-director rule, fast with local agent",partial,Must file through licensed corporate service provider; local secretary/agent and registered office mandatory,~$100,1-3 weeks,charitable gifts deductible up to 20% of net income for approved charities,none notable,med,https://www.efiling.fsrc.kn/2015-11-19-14-16-32/237-company-registry-brochure-1/file; https://www.prenticeandco.com/guide-part-5; https://exploreskn.co/downloads/business/ProcedureforIncorporatingaCompany-1.pdf; https://efiling.fsrc.kn,"Cap. 21.03 s.72: annual return within 15 days of incorporation anniversary (directors, registered office). Late fees per section; continued default: strike-off. Domestic and external companies both file.",Income Tax Act Ch.20.22 s.7 lists category exemptions; donations to charities registered with CAIPO are deductible (PwC); the institution's own income-tax exemption is not confirmed in accessible text. Time unpublished.,"Needs a local visit plus enhanced AML diligence: banks apply enhanced due diligence to non-residents (purpose, expected transactions); in-person branch appearance is standard for individual and corporate accounts."
St. Lucia,Yes,"Company limited by guarantee (Companies Act, Chapter 13.01 (1996), Commercial Registry Agency); domestic company; charitable status via Inland Revenue; IBCs prohibited - onshore company only.",medium,Local registered office + agent; no residency requirement for directors; English.,"Government incorporation fee ~US$100-400; 2-5 days at the CRA; a local registered office and licensed agent are required - all-in with agent ~USD 1,500-2,500 first year.","Agent services available; no charity regulator; English-language filings. | confirm prior structure; official certificate of incorporation fee is EC$750 under Companies Act Part 9, higher than implied",partial,Registered office/agent required and a local attorney must make the statutory declaration; higher official fee,"~$100-400 (gov); ~$1,500-2,500 all-in w/ local agent",2-4 weeks,charitable gifts deductible up to 20% of net income (Income Tax Act),none notable,med,https://www.lexadin.nl/wlg/legis/nofr/oeur/arch/stl/int_trust.pdf; http://attorneygeneralchambers.com/laws-of-saint-lucia/international-business-companies-act/section-39; https://esaintlucia.com/pricing; https://www.cra.gov.lc,Commercial Registry (Companies Act): annual return by 1 April (particulars to 31 Dec) for share-capital companies; unlimited companies report annually too. Late penalties; persistent default: strike-off. Accounts kept.,"Donors deduct contributions under deeds of covenant of at least 3 years to approved religious/charitable/medical/educational institutions (Income Tax Act Cap.15.02), capped at 25% of income; own exemption unconfirmed.","Needs a local visit: CIBC and others open non-resident accounts, but non-residents must be physically present with two forms of ID; Bank of St. Lucia runs a dedicated non-national onboarding path."
St. Vincent & Grenadines,Yes,"Domestic company limited by guarantee (Companies Act No. 8 of 1994, CIPO); business companies only via a licensed VFA agent; charitable status via Inland Revenue.",medium,Local registered office + agent; no residency requirement for directors; English.,"Domestic incorporation fee EC$950 (~US$350) + EC$25 per consent notice; ~2-5 days; a local registered office and agent are mandatory - agent fees add ~USD 1,500-2,000/year.","Agent services in English; minimal charity-specific legislation; company limited by guarantee is the standard form. | confirm prior; CIPO official fees: EC$950 incorporation + EC$190 non-profit fee, so official fee higher than ~$300-800 suggests",partial,Local registered office/agent and attorney's statutory declaration required to file with CIPO,"~$350 (gov, EC$950); ~$1,500+ all-in w/ agent",2-4 weeks,charitable gifts deductible up to 20% of net income (Income Tax Act),none notable,med,https://cipo.gov.vc/index.php/domestic-companies-items/54-incorporation; https://fsasvg.com/fees/; https://fsasvg.com/business-companies/,"CIPO Act 1994: Annual Return (Form 28) by 1 April, particulars to 31 Dec. Unregistered external companies doing business fined EC$350/day; late domestic returns incur fees. Persistent default: strike-off.","Automatic: Income Tax Act Cap.435 s.44(o) exempts religious/charitable/educational institutions of public character not from profit business; s.58 donor deduction for covenanted donations, capped 5% of assessable income.","Needs a local visit: banks (BOVSG, Republic) accept non-resident accounts with overseas addresses, but in-person branch appearance by the signatory is standard; offshore desks may be more flexible."
Dominica,Yes,"Domestic company limited by guarantee (Companies Act, Act No. 10 of 1995 (CIPO)); IBC registration prohibited since 1 Jan 2022; charitable status via Inland Revenue.",medium,Local registered office + agent; no residency requirement for directors; English.,"Incorporation fee EC$750 (~US$277) at CIPO; 1-3 days; annual government fee ~US$550; a local registered office and licensed agent are required - agent fees ~USD 1,500-2,500/year.","Offshore-agent ecosystem; English; no formal charity status. | confirm prior: CLBG standard vehicle; official registration fee low (~EC$150), US$300-800 total is mostly agent cost",partial,"Local registered office/agent needed; small registry, filings in person or via agent in English",~$100,2-4 weeks,charitable gifts deductible up to 20% of net income (Income Tax Act),none notable,med,https://investdominica.com/doing-business/start-a-business/; https://cipo.gov.dm/businesses-and-companies/companies; https://www.expanship.com/dm/blog/company-limited-by-guarantee-in-dominica; https://www.cipodominica.com,CIPO Act 1994 (ss.154/155/176/194): annual return plus accounts or solvency certificate by 2 April; EC$200 annual fee. Late penalties; persistent non-filing: strike-off and dissolution. IBCs no longer registrable.,Income Tax Act ch.67:01 s.25 exempts charitable institutions by category; donor deduction only if the institution is on the Cabinet-approved list (last update S.R.O 47 of 2007). Incorporation alone gives no tax status.,"Needs a local visit, easiest of the Caribbean: the FSU requires no local connection; non-resident individual and corporate accounts are accepted with source-of-funds documentation, in person."
Dominican Republic,Yes,"Asociación sin fines de lucro (Ley 122-05 + Reglamento 40-08, filed with the PGR); fundación with own capital; both obtain tax exemption from the DGII.",hard,Notarial deed (acta notarial) — in person or via apostilled special power — local seat and local fiscal; Spanish-language documents.,"PGR filing fee RD$2,500 (~USD 50); notary + DGII exemption add ~USD 300-800; 10-30 business days; minimum 5 founders and a local office; a foreign founder may participate.","Spanish bureaucracy; the notarial deed (in person or certified power of attorney) is the main hurdle; Chamber of Commerce registration and RNC tax ID required. | correct prior: core charitable vehicle is the ASFL (Law 122-05), not the Law 479-08 fundación; notary hurdle confirmed",partial,"Notarial deed requires in-person or apostilled special power of attorney, plus a resident fiscal officer","~$500-1,500",4-8 weeks,donations to registered non-profit (ASFL) institutions tax-deductible; DGII regime under Law 122-05,none notable for cash donations; foreign entities must operate via locally registered organization,high,https://morillosurielabogados.com/en/how-to-establish-a-foundation-in-the-dominican-republic/; https://mepyd.gob.do/mepyd/wp-content/uploads/archivos/asfl/marco-legal/ley-05122-organizaciones-sin-fines-de-lucro.pdf; https://mepyd.gob.do/wp-content/uploads/drive/CASFL/Marco%20legal/Reglamento%2040-08.pdf; https://portal.servicios.pgr.gob.do/ServicioCiudadano/AsociacionSinFinesLucro,"ASFLs (Ley 122-05, Reglamento 40-08, PGR): statute books, minutes and annual reports kept for PGR Title VII inspection; violations fined. DGII tax exemption requires donor receipts and reporting; benefit can be stripped.","PGR registration (Ley 122-05) then separate DGII exemption application (ASFL regime) for ISR + ITBIS exemption and donor deduction (Ley 112-05 art.35, up to 15% of taxable income). DGII time unpublished.","Needs a local visit: major banks (Popular, BHD, Santa Cruz) open non-resident accounts with a valid passport, often without address proof; corporate accounts still need an in-person director visit."
Haiti,Yes,"ONG d'aide au développement (décret du 14 septembre 1989, administered by the MPCE); association sans but lucratif under the Civil Code; both register at the MPCE.",very hard,"Founding deed before a Haitian notary, physical seat in Haiti, local legal representative/director; French.","Registration fees modest (~USD 50-100 at the MPCE); processing 1-3 months, official time unpublished; a foreign founder may apply via a local representative; authorization may be required.","French-language notarial deed plus registration with the public prosecutor; a local partner is effectively required; high security/political risk. | confirm prior: Law 30 of 1943 association plus 1989 NGO decree (MPCE) govern; very hard for remote founder, local partner needed",partial,Notarial deed plus MPCE NGO registration and local legal representative; French documents; local partner needed,"~$500-2,000",4-12 weeks,"no practical regime for foreign donors; gifts to registered NGOs, weak enforcement",foreign NGOs must register with MPCE under 1989 NGO decree; operating without registration is not permitted,med,https://mpce.gouv.ht/registre-des-ong_/; https://centrengo.org/wp-content/uploads/2024/08/1989-Nonprofit-Decree-English-Translation.pdf; https://centrengo.org/wp-content/uploads/2024/08/Formalites-a-Remplir-pour-lobtention-du-statut-legal-dorganisation-Non-Governmentale-ONG-daide-au-developpement-1.pdf; https://mpce.gouv.ht/wp-content/uploads/2025/10/FORMALITES-A-REMPLIR-POUR-LOBTENTION-DU-STATUT-LEGAL-DORGANISATION-NON-GOUVERNEMENTALE.pdf,"Decree 14 Sept 1989 (MPCE-registered ONGs): each year, 15 May-31 August, file next fiscal year's programme and investment budget; activity reports expected. Inactivity/non-compliance: sanctions up to loss of status.",ONG registration under the 14 Sept 1989 decree gives legal status only; DGI grants the corporate income tax exclusion by separate decision - statutory basis not confirmed in accessible text; time unpublished.,"Needs a local visit: per US trade guidance, foreigners can open USD/HTG accounts immediately with passport and a minimum deposit, but the process is in person in Port-au-Prince; no remote KYC."
Mexico,Yes,"Asociación civil (Código Civil Federal, notarial act); fundación with own capital; donataria autorizada status via SAT for tax-deductible donations.",medium,"3+ founders, notarized Spanish-language articles, Mexican legal address; no citizenship requirement, then SAT RFC registration.",Escritura registration MXN 704 (~USD 40) + notary ~USD 300-800; 2-6 weeks; SAT donataria authorization adds 1-3 months; a foreign founder may establish with a local address.,"Donataria autorizada (DA) status with SAT is a separate multi-month step required for tax-deductible donations; English-speaking notary/lawyer services readily available in Mexico City. | confirm prior; AC may be formed by 2+ persons (Federal Civil Code), not 3+; DA status remains the key extra step",partial,"Mexican notarial deed plus local legal address; foreign founder acts via notarized power of attorney, no residency needed.","~$100 (registry/SAT); notary fees separate, ~$300-800",2-6 weeks (AC); donataria autorizada status adds 3-12 months,deductible in MX only with SAT 'donataria autorizada' status (separate multi-month approval),none notable; no FCRA-style regime; foreign grants to charities permitted,high,https://lawzana.com/legal-questions/mexico/what-are-the-steps-to-register-a-nonprofit-civil-association-in-mexico-and-obtain-tax-exempt-status-2692; https://cof.org/content/nonprofit-law-mexico; https://clarknuber.com/articles/four-options-for-tax-deductible-international-giving/; https://sat.gob.mx/terceros_autorizados/donatarias_donaciones/Paginas/autorizacion_donativos.aspx,"Donataria autorizada (SAT): annual income-tax return and annual activity report; keep donor certificate (factura) records. SAT revokes, refuses renewal, or voids authorization for tax obligations not met.","SAT 'donataria autorizada' authorization (Ficha 19/ISR, Anexo 2); SAT resolves within max 3 months. Income from authorized activities exempt from ISR; donors deduct 50% of gift, up to 15% of taxable income (LISR art.23).","Needs a local visit: banks (Scotiabank, BBVA) open non-resident accounts with passport, migratory document and SAT RUT; in-person branch visits are the norm and fully remote opening is rare."
Guatemala,Yes,"Asociación civil (REPEJU, Código Civil); fundación reconocida por el MINGOB; both register at the Registro de Personas Jurídicas.",medium,"Notarized Spanish articles, Guatemalan legal address, Registro de Comercio filing; foreign founders permitted.","Filing fee Q150 (~USD 20) + notary/publications ~USD 300-1,500 all-in; ~10 business days (MINGOB recognition 2-4 months); a local representative address is required for foreigners.","No dedicated charity registry or donor tax-benefit regime; notary and registry processes are slow; everything in Spanish. | correct prior: there IS a dedicated NGO registry (Ley 94-95, MRE) and a donor deduction via SAT tax-exempt status",partial,Resident legal representative required; NGO registry filing (MRE) needed if receiving international funds.,~$100-200 (government); notary/attorney extra,3-8 weeks,deductible for GT donors if entity is SAT-recognized tax-exempt (separate process),NGOs receiving international cooperation must register in Registro de ONG; up to 25% of members may be resident foreigners,med,https://cof.org/country-notes/nonprofit-law-guatemala; https://www.asesoriaglobal.com.gt/blog/civil-association-foundation-ngo-guatemala.html; https://www.bizlatinhub.com/how-to-form-ngo-guatemala/; https://repeju.gob.gt/requisitos-y-documentos/ongs/,REPEJU asociaciones civiles: no routine annual return; keep registered data current (bylaw/address/director amendments filed promptly) and pay AG 404-2011 fees on filings. Inactivity: suspension/cancellation available.,Automatic by category: Income Tax Law exempts NPOs with charitable/educational/cultural objectives from income tax; donor deductions up to 25% of total income. MINGOB reconocimiento is separate from registration.,"Needs a local visit plus RUT: banks require in-person appearance and an active RUT (tax registration, obtainable by foreigners); passport-only accounts are often restricted to legal residents (e.g. BAM)."
Belize,Yes,NGO = company limited by guarantee (Companies Act No. 11 of 2022) with NGO status under NGO Act Cap. 315 RE 2020; domestic company at BCCAR.,easy,"2+ directors (foreigners OK, no residency requirement), local registered office and company secretary via local agent; documents in English.","BZ$100 (~USD 8) NGO application + incorporation ~BZ$250-400 (~USD 20-30); 1-4 weeks; a licensed local agent/registered office is required - agent fees add ~USD 750-1,500/year.","English-speaking, simple Companies Registry; most expats form the non-profit company first and add charity registration later; local service providers handle everything. | confirm prior; standard vehicle is company limited by guarantee (Companies Act Ch. 250); charity status is a later AG licensing step | Verified: NPO status must be separately registered with the Attorney General's Ministry after incorporation",yes,Local registered office and company secretary via Belizean agent; NGO license (AG's Office) for foreign-funded work.,200,2-4 weeks,no broad charitable deduction regime confirmed; treat as limited/uncertain,NGOs receiving foreign contributions need an Attorney General NGO license (Non-Governmental Organizations Act),med,https://beltraide.bz/belize-invest/doing-business-in-belize/company-incorporation/; https://bccar.bz/services/non-governmental-organisations/; https://www.facebook.com/BelizeCompaniesRegistry/posts/frequently-asked-questionswhat-type-of-legal-vehicle-should-a-not-for-profit-org/191133726554188/; https://www.belizefsc.org.bz/wp-content/uploads/2025/04/FSC_BCCAR-NPO-Webinar_23-04-2024.pdf,BCCAR (Companies Act 2022; NGO Act Cap. 315): annual return to the Registrar each year; late filing attracts daily penalties. Accounts kept; audit where required. Persistent default: strike-off.,"Automatic: Income and Business Tax Act Cap.55 exempts earnings of ecclesiastical, charitable and educational institutions; individual donor relief for charitable contributions capped at BZ$250. No separate application.","Needs a local visit: the central bank delegated non-resident account authority to domestic banks (Atlantic, Caye International), which accept non-residents with low minimums; in-person branch visits standard."
El Salvador,Yes,"Asociación sin fines de lucro (Ley de ONG's No. 894 + Reglamento, Registro de Asociaciones y Fundaciones, Ministerio de Gobernación); fundación; tax benefits via the MEF.",medium,"Spanish-language articles, local address, registry filing under the 2011 Associations and Foundations Law; foreign founders permitted.","Registration fee ~USD 50-100 (SVC); ~1-3 months, exact time unpublished; a local office address is required; a foreign founder may participate with local co-founders on the board.","Donor tax benefits are limited; NGOs receiving international funds should also register in the Ministry of Foreign Affairs NGO directory. | confirm prior; fundacion (Ley 2011) can be formed by one foreign founder via local counsel; donor donations are deductible, not 'limited'",partial,"Spanish filings + local address; associations need resident members, foundations allow a single foreign founder via local POA.",~$100-300 (registry),4-8 weeks,deductible for SV donors (LIR) up to ~5% of taxable income for registered non-profit donations,pending 'foreign agents' bill would force registration of foreign-funded NGOs; not in force as of 2026 - monitor closely,med,http://www.oas.org/juridico/spanish/mesicic3_slv_funciones.pdf; https://www.taiia.gob.sv/wp-content/uploads/2020/11/LAS-ORGANIZACIONES-SIN-FINES-DE-LUCRO-SU-TRATAMIENTO-TRIBUTARIO.pdf; https://consortiumlegal.com/wp-content/uploads/Tratamiento-fiscal-de-las-donaciones-en-Centroamerica.pdf; https://www.gobernacion.gob.sv/preguntas-frecuentes/,"Decreto 894 (Ley de Asociaciones y Fundaciones Sin Fines de Lucro): annual filings to the Ministerio de Gobernacion (bylaws, board rosters, reports). Non-compliance/inactivity: registration cancelled (Art. 55 et seq.).",Separate DGII 'calificacion' as public-utility entity required for ISR exemption (LAFSFL art.7); registration alone confers no tax status; donations to such entities deductible. 2025 law: 30% levy on foreign NGO funds.,"Needs a local visit: major banks (Banco Agrícola, Cuscatlán) accept foreigners; a passport may open a basic savings account, but full access typically needs a Salvadoran NIT and in-person KYC."
Honduras,Yes,"Fundación or asociación con personalidad jurídica (Ley Especial de Fomento para ONGD), granted by the Secretaría de Justicia y Derechos Humanos (DIRRSAC).",medium,"Spanish articles, local registered office, Registro de Personas Morales plus Registro de ONGD (Chancillería) filing for NGOs.",Registry fees modest (~USD 50-150) + notarial deed ~USD 200-500; ~15 days after a complete file; official fees unpublished; a local legal representative is required for foreigners.,International ONGDs must register in the Registro Público de ONGD; moderate bureaucracy; all filings in Spanish. | confirm prior; personality granted by Poder Judicial (Chancilleria) under the 2011 OSC law covering asociaciones and fundaciones,partial,Chancilleria legal-personality filing plus local address/representative; all filings in Spanish.,~$100-200 (government fees),4-8 weeks,limited: donations to registered OSCs eligible for income-tax credit (LIR); verify current cap,international ONGDs must register in the Registro Publico de ONGD (DIREF) and report agreements with the State,med,https://www.sgjd.gob.hn/institucion/dependencias/subsecretaria-de-justicia/direccion-de-regulacion-registro-y-seguimiento-de-asociaciones-civiles-dirrsac; https://diref.gob.hn/; https://consortiumlegal.com/2022/09/21/que-se-debe-tener-en-consideracion-si-desea-constituir-o-incorporar-una-ongd-en-honduras/; https://sgjd.gob.hn/servicios-y-gestiones-web/requisitos/servicios-de-atencion-al-ciudadano/personalidad-juridica/fundaciones,"Ley Especial de Fomento ONGD (Decreto 32-2011): keep SEIP/DIREF personality records current and file annual reports to the secretariat. Inactivity, dissolution or breach: personality and registration cancelled.",No separate published charitable tax-exempt application; incorporation with charitable objects gives legal personality only. Donations to charitable/educational institutions deductible up to 10% of net taxable income.,"Needs a local visit: banks require the applicant to appear with passport, residency/visa proof and an NIT (tax registration); a remote founder would need a local agent or an in-person trip."
Nicaragua,Yes,"Asociación (DL 1346/1983, Registro Central de Personas Jurídicas); fundación (DL 1346/1983 + Ley 147/1992); fideicomiso (Ley 741/2010).",very hard,"Spanish articles, local address, Registro Nacional filing; formally open to foreign founders.",US$300–800; 4–8 weeks if granted. Notary for the public deed adds ~US$100–300; official processing time unpublished; foreigners need no local residence.,"Avoid: government has dissolved 5,700+ NGO legal personalities since 2018, including foreign-funded ones; laws target foreign-financed civil society, so an Australian-founded charity faces extreme cancellation/political risk. | confirm prior 'very hard'; add Ley 1115 (2022) as the controlling OSFL regulation; mass cancellations by Ministry of Governance decrees continue",partial,"Extreme political risk: 5,700+ NGO legal personalities cancelled since 2018; state controls authorization and registry of OSFLs.","~$100-300 (registry fees, if granted)",4-8+ weeks with high denial/delay risk,deductible for NI donors to tax-exempt OSFLs (moot if operating),"Ley 1115 (2022) gives the government broad control, supervision and cancellation power over OSFLs; foreign-funded NGOs systematically targeted",high,http://legislacion.asamblea.gob.ni/normaweb.nsf/09cf45d6fc893868062572650059911e/bfed6e3afb3d8fbf06258ae10075cd64; https://www.icnl.org/wp-content/uploads/Nicaragua_perjurid.pdf; http://legislacion.asamblea.gob.ni/normaweb.nsf/($All)/1A61F4734310A53406258A5400520EC1?OpenDocument=; https://nicaragua.justia.com/nacionales/decretos-ley/ley-sobre-asociaciones-y-registro-central-de-personas-juridicas-nov-21-1983/gdoc/,Legal personality is granted by the Asamblea Nacional and is revocable for legislative non-compliance. No published annual filing deadline; the Interior Ministry registry monitors compliance.,"Not automatic: apply to the DGI (Ministry of Finance) proving income serves charitable purposes (LCT art. 32, 2024 reform) for ISR exemption; no general donor deduction; approval time unpublished.",In-person visit required; non-resident foreigners need passport plus a second photo ID and typically two personal/professional references; remote opening not offered.
Costa Rica,Yes,Asociación (Ley 218 de 1939); fundación sin fines de lucro; fideicomiso — personalidad via Registro de la Propiedad / Ministerio de Educación y Cultura.,medium,"Notarized Spanish articles, local registered office, Registro de Comercio; 3+ members for an asociación, single founder for a fundación.","US$1,000–2,500 incl. notary; 4–8 weeks for registration, tax exemption takes months. Notary fee ~US$300–600; official timelines unpublished.","Stable, professional services widely available in English; donor tax exemption requires separate Ministry of Finance (MINFIN) approval. | correct prior: asociacion requires 5+ founders (Ley 218), not 3+; donor deduction needs the interes publico decree, MINFIN covers entity exemption",partial,"Public deed before a CR notary + local office; asociaciones need 5+ members, so a fundacion (single founder) is the practical path.","~$1,000-2,500 (notary + registry; government portion modest)",4-8 weeks (entity); interes publico decree adds months,donor deduction requires 'interes publico' decree (Consejo de Ministros); entity tax exemption via MINFIN (separate),none notable; foreign founders and members permitted; no FCRA-style regime,med,https://pgrweb.go.cr/scij/Busqueda/Normativa/Normas/nrm_texto_completo.aspx?nValor1=1&nValor2=32764&nValor3=83259&param1=NRTC&strTipM=TC; https://www.icoder.go.cr/fileadmin/documentos/tramites/caja_de_herramientas/leyes_y_sus_reglamentos/Ley_N__218_Ley_de_Asociaciones.pdf; https://bufetedecostarica.com/ley-de-asociaciones-de-costa-rica-218/,"Since 2024, OSFL must register in the Banco Central's RTBF transparency registry (beneficial owners) and file annual financial/AML reports. Sanctions for non-compliance; statutes govern associations.",Separate application: file with the Dirección General de Hacienda via Exonet (Ley 10.286/2022) for ISR exemption of income devoted to charitable aims. Donors deduct 100% (Ley 9.637). Approval usually months.,"Most banks require DIMEX residency per SUGEF KYC rules; non-residents can open only a simplified in-person account with low monthly deposit caps, unsuitable for a charity."
Panama,Yes,"Fundación de interés privado (Ley 25/1995; min endowment US$10,000); asociación; fideicomiso (Ley 1/1984).",easy,"Spanish articles and name, local registered office, board of 3+ members, IFPF registration; single foreign founder permitted, no local nationals required.","US$2,500–4,500 incl. notary; ~US$400/yr maintenance; 4–8 weeks. Foreigners may establish a FIP (not barred); official timelines unpublished.","The FIP (Ley No. 8 de 2000) is the most popular expat foundation vehicle in Latin America; IFPF is a specialized fast registry; strong English-language support. | correct prior: FIP is governed by Ley 25 de 1995 (not 'Ley 8 de 2000'); registered in Registro Publico de la Propiedad, not 'IFPF' | Verified: Personero legal extranjero debe residir en Panamá; acta protocolizada en notaría y Tasa Única B/.400",partial,Panamanian registered office plus public deed before a Panama notary; registry work handled by a local firm (remote founder fine).,400,2-6 weeks (FIP is fast),deductible for PA donors up to ~5% of taxable income for approved charitable entities; entity exemption via MINA (separate),none notable; no residency requirement; single foreign founder and foreign board permitted,high,https://www.organojudicial.gob.pa/uploads/wp_repo/blogs.dir/cendoj/CIVIL/ley_25_de_1995_fundaciones_de_interes_privado.pdf; https://laglex.net/nuestros-servicios/fundaciones-de-interes-privado/; https://www.rglawfirmpa.com/fundaciones-privadas-en-panama; https://www.gacetaoficial.gob.pa/; https://docs.panama.justia.com/federales/leyes/25-de-1995-jun-14-1995.pdf,"FIPs must pay the annual tasa única (~USD 300) to the Registro Público via e-Tax 2.0 each year by 15 July, keep ledgers current, and notify the registry of changes. Non-payment forfeits legal status.",Non-profit income exempt under the Código Fiscal if devoted to its purpose (DGI verifies at filing). Donor deductions require a separate DGI authorization; DGI revoked such benefits in 2025; timing unpublished.,"Non-residents may open accounts in-person with passport, foreign address proof, home-bank reference and income proof; AML Law 23 KYC and an interview apply; no residency needed."
Colombia,Yes,"Fundación (Código Civil, arts. 88-97); asociación (Código Civil); corporación (personas jurídicas de derecho privado) — registro ante Cámara de Comercio.",easy,"No nationality requirement for board; Colombian registered address, Colombian lawyer to execute the public deed and register with the Cámara de Comercio; filings in Spanish.",US$300–600 incl. lawyer; 2–6 weeks at Cámara de Comercio. Notary for the deed ~US$50–150; official timelines unpublished.,"Most expat-friendly in the region; foreigners can be president/directors; Bogotá has strong English-speaking legal market; donation tax deductions require separate DIAN certification; 2023 NGO-law reforms (Ley 2287/2022) added transparency reporting for foreign-funded entities. | Prior context confirmed; deduction is a separate DIAN certification step, not automatic; Ley 2287/2022 adds transparency duties | Verified: Constitution deed must be signed before a Colombian notary; remote founders need an apostilled poder especial",partial,Colombian registered address + local lawyer for public deed & Cámara de Comercio registration; Spanish filings,150,2-4 weeks,Separate DIAN certification (calificación) required; donations to certified entities are deductible,Ley 2287/2022 NGO transparency regime: annual reporting + public disclosure of foreign contributions; no licensing,med,https://www.ccb.org.co; https://neo-project.github.io/global-blockchain-compliance-hub/colombia/colombia-registry-requirements.html; https://www.whydonate.com; https://www.minjusticia.gov.co/programas-co/LegalApp/Paginas/Que-debo-hacer-para-constituir-una-fundacion.aspx; https://www.ccb.org.co/processes-and-consultations/about-registrations/registration-non-profit-entities/non-profit-entities-common-regime,"Foundations and associations renew chamber registration and file annual financials, board minutes and activity reports by ~31 March; fines apply for non-filing, prolonged inactivity risks cancellation.",No separate tax step: ESALs are special-regime taxpayers (art. 19 E.T.); DIAN exempts non-distributed income where bylaws show a charitable general-interest purpose. Donors deduct up to 15% of taxable income.,Requires cédula de extranjería (residency ID) plus local address proof; tourist status is rejected; in-person visit at the branch is mandatory.
Venezuela,Yes,"Fundación (Ley Orgánica de Fundaciones, 1961 (am. 1985)); asociación o sociedad civil (Código de Comercio, arts. 158+).",very hard,"Local (Venezuelan) resident officers and registered office, Venezuelan lawyer, notarized deed; severe currency controls (CADIVI/SICR) on bank accounts and foreign donations.","US$1,000–3,000 incl. lawyer; 3–6+ months (ministerial approval). Notary extra ~US$100–200; official timelines unpublished; bureaucracy heavy.","Major political/economic risk; 2010 Ley de ONGs lets the state restrict entities; foreign funding heavily scrutinized; most international NGOs operate through foreign legal entities, not Venezuelan ones. | Prior context confirmed; 2024/2025 law + donor restrictions make it the hardest in the region; most INGOs use foreign entities",partial,"Resident officers + registered office, local lawyer, notarized deed; currency controls; heavy foreign funding scrutiny",~$200-500,3-6 months,No practical charitable donation deduction regime; NPO tax benefits essentially inoperative,2024 law (Gaceta 15 Nov 2024): NGOs need state authorization; aimed at restricting international funding; U.S. freeze,high,https://www.wola.org/analysis/venezuelas-new-ngo-law-and-u-s-funding-freeze-are-a-death-blow-to-the-countrys-civil-society/; https://directoriolegislativo.org/en/categoria/ingles/venezuela-en/; http://www.oas.org/juridico/spanish/mesicic3_slv_funciones.pdf,Personality registers with SAREN; no published annual return deadline. Personality is revocable by administrative resolution for statutory breaches; obligations otherwise set by the statutes.,"ISLR art. 14.3: charitable/social-assistance entities whose gains fund their purpose and never distribute profits are exempt — legal, automatic; SENIAT verifies at filing, no separate certificate.",Effectively blocked for remote foreigners: banks require cédula de extranjero residency and in-person application; no remote opening; currency controls add friction.
Ecuador,Yes,"Fundación (private foundation), Asociación civil (incorporated association), Institución de utilidad pública (IUP, public-benefit institution)",medium,Minimum 3 founders; Ecuadorian resident president/board and local address; Ecuadorian lawyer; 2023 reform (Ley 2023-13 / COEP regime) added registration and foreign-funding reporting obligations.,"US$500–1,500 incl. lawyer/notary; 2–3 months (Ministerio del Interior). Notary ~US$150–300; official timelines unpublished.","Foreign founders permitted as members/board; Spanish-language documents; IUP status adds time and a public-benefit declaration; banking and tax (SRI) onboarding is slow. | Prior context confirmed; 2025 Social Transparency Organic Law adds registration + foreign-funding controls (30% tax, suspension)",partial,"Resident president/board + local address, local lawyer; 2025 social transparency law adds registration & reporting",~$150-400,2-3 months,Donations deductible up to 5% of net taxable income,"2025 Social Transparency Law: special NGO registry, financial reporting, 30% tax on foreign donations, suspension powers",med,https://www.upi.com/Top_News/World-News/2025-08-01/ecuador-NGO-funding-bill-legislature/1921754058618/; https://www.icnl.org/post/analysis/five-things-to-know-ecuadors-2025-organic-law-on-social-transparency; https://www.gob.ec/sites/default/files/regulations/2018-10/Documento_Reglamento-Otorgamiento-Personalidad-Jur%C3%ADdica-Organizaciones-Sociales.pdf,"Foundations register in the SUIOS/SEPS transparency registry under the 2025 foundations law, filing annual activity and financial reports to the supervisory agency; fines apply for non-compliance.","Exemption under LRTI art. 9.5 applies to income of private non-profits devoted to their purpose (circular NAC-DGECCGC24-00000006): no separate status; SRI verifies, entity files annual returns. Donors deduct 50%.","In-person; most banks want an Ecuadorian cédula, but some (e.g. Banco del Pacífico) accept a passport with a valid visa plus reference under Superintendencia de Bancos rules."
Peru,Yes,"Asociación civil y fundación (Código Civil, arts. 109-119, 200-211); instituto de promoción de desarrollo local — registro en SUNARP / Ministerio de Justicia.",medium,Public deed registered with SUNARP; local registered office; president/legal rep should be resident in Peru for banking; filings in Spanish.,US$300–800 incl. lawyer; 2–6 weeks (notary deed + SUNARP registration). Notary ~US$150–250; official timelines unpublished.,"No nationality requirement; foreign founders allowed; tax exemption (exoneración) from SUNAT is separate, discretionary and needs annual reporting; Lima is the practical hub; English not official. | Prior context confirmed; deduction cap is 10% of net taxable income (PwC); SUNAT tax exemption is separate and discretionary",partial,Local registered office + SUNARP public deed; president resident for banking; Spanish filings; separate SUNAT exemption,~$300-800,2-6 weeks,Charitable donations deductible up to 10% of net taxable income (PwC),"None notable; foreign funding permitted, no FCRA-style licensing, standard reporting",med,https://taxsummaries.pwc.com/peru/corporate/deductions; https://nvcabogados.com/how-to-start-an-ngo-in-peru/; https://peru.iom.int/sites/g/files/tmzbdl951/files/documents/2024-01/guia-practica-asociaciones-sin-fines-de-lucro.pdf,Associations and foundations register with Minjus/SUNARP; annual general meeting and statutory compliance are mandatory. No fixed public filing deadline published; persistent breaches can trigger dissolution.,"Separate step: register in the SUNAT “registro de entidades exoneradas del Impuesto a la Renta” (LIR art. 19: educational, scientific, charitable aims). Donors partial deduction; IGV on sales; time unpublished.","In-person; full accounts at major banks need a Carné de Extranjería (residency card); a few banks open passport-only savings for non-residents, generally with limits."
Bolivia,Yes,"Fundación; asociación (Ley 351/2013); cooperativa (Ley 356/2013, Ley General de Cooperativas) — registro de personas jurídicas (Superintendencia de Compañías).",hard,"Resident (Bolivian) officers, local address, notarized deed; 2023 NGO law (Ley 1417, replacing 1993 Ley 1475) requires registration and restricts foreign funding, advocacy and political activity of foreign-funded entities; Spanish only.","US$400–1,000 incl. lawyer/notary; 2–4 months. Notary ~US$100–200; official timelines unpublished.",Foreign NGOs must register with the Ministry of Foreign Affairs (Cancillería); 2023 law caps foreign government funding for certain activities and tightens oversight; heavy Spanish-language bureaucracy; few English speakers. | Prior context confirmed; Ley 1417 (2023) replaces Ley 1475 (1993); foreign NGOs register with Ministry of Foreign Affairs,partial,"Resident officers + local address, notarized deed; 2023 NGO law (Ley 1417) registration + foreign funding restrictions",~$400-1000,2-4 months,Donations to NGOs are tax deductible (Biz Latin Hub),Ley 1417 (2023): registration mandatory; foreign funding restricted; foreign NGOs register with Cancillería,med,https://www.bizlatinhub.com/how-to-form-ngo-bolivia/; https://www.rigobertoparedes.com/en/legal-requirements-to-establish-an-ngo-in-bolivia/; https://www.lexivox.org/norms/BO-L-N351.html,Ley 351 (2013) grants and registers personality for foundations and social orgs; the state can dissolve personality by resolution with asset seizure. No published annual return; duties set by internal statutes.,Not automatic: formalize the IUE (corporate profit) exemption with the SIN (RND 10-0030-05; Ley 843 art. 4) proving charitable purpose and non-distribution. Donor deductions limited (5%/10%); time unpublished.,Blocked for non-residents: banks require a Cédula de Identidad de Extranjero and in-person application (ASFI-regulated); tourist status is not enough.
Guyana,Yes,"Non-profit company (Companies Act cap. 89:01); friendly society (Friendly Societies Act cap. 36:04); co-operative (Co-operative Societies Act Cap. 88:01 (1948, as am.)).",medium,Guyanese registered office and resident directors; English is official; no citizenship requirement for board but a local presence is needed; no restrictions on foreign donations.,US$300–800 incl. lawyer; 1–3 months at DCRA. Filing ~US$100–300; official timelines unpublished; foreign nationals may incorporate.,"Easiest bureaucracy in the sub-region and English-speaking; non-profits face extra scrutiny at formation and take longer than companies; tax exemption is discretionary (Commissioner of Inland Revenue); friendly societies are the most common non-profit form. | Prior context confirmed; English-speaking, easiest bureaucracy in sub-region; tax exemption discretionary; Companies Act 1991",partial,Guyanese registered office + resident directors; English official; no citizenship requirement; no donation restrictions,~$300-800,1-3 months,Donation deduction available; tax exemption discretionary (Commissioner of Inland Revenue),none notable,med,https://www.expanship.com/gy/blog/types-of-companies-in-guyana; https://www.lexmundi.com/guides/social-enterprise-law-surveys/jurisdictions/caribbean/guyana/; https://mola.gov.gy/laws/Volume%2016%20Cap.%2083.01%20-%2089.011695667005.pdf; https://dcra.gov.gy/wp-content/uploads/2017/11/Companies-Act-cap8901.pdf,"Non-profit companies must file an annual return with the DCRA at least once per year, made up to the AGM date, and keep registered-office records current; failure brings fines, persistent default risks strike-off.","No general non-profit exemption: the Income Tax Act grants only specific reliefs; the GRA's Tax Exemption, Processing & Verification Division issues individual exemption certificates to qualifying non-profits.","In-person visit required with passport, address proof, TIN and source-of-funds disclosure; no statutory ban, but offshore non-resident accounts still need a face-to-face meeting."
Suriname,Yes,Stichting (privaat nut) — Dutch-style foundation by notarial deed under the Stichtingenwet of 19 July 1968; also vereniging (association) and coöperatie.,hard,"Surinamese notary (deeds in Dutch), local board/office in practice; 2013 Dutch-style Civil Code permits stichting with foreign elements but a local notary and presence are required in practice; Dutch language barrier.","Official fees unpublished (as of 2026); register fees set by staatsbesluit (Besluit Stichtingenregister G.B. 1970 no. 126, as amended). KKF excerpt SRD 300. Notary ~US$200–500, total ~US$500–1,500; 1–3 months (unofficial estimates).","Dutch is the working language — the main barrier; small legal market; banking requires a local presence; few English-speaking professionals; new Civil Code (in force 2013) modernized foundation law but practice is conservative. | Prior context confirmed; 2013 Civil Code modernized foundation law; notary deed + local presence required in practice | [verified] Stichtingenwet 1968 has no nationality/residence requirement for founder or board, and the seat is the place designated in the articles; but creation requires a notarial deed by a Surinamese notary, so a remote founder needs a notarized power of attorney; banking and practice favor local presence.",partial,"Surinamese notary + Dutch deed, local board/office in practice, small legal market, banking requires local presence",~$500-1500,1-3 months,Charitable donation deduction limited; no broad regime; stichting is tax exempt,None notable; foundation law permits foreign elements (ICNL),med,https://www.offshorecompany.com/company/suriname-private-foundation-spf/; https://www.icnl.org/wp-content/uploads/Suriname_suriname-Muskiet_T.pdf; https://www.doingbusinessdutchcaribbean.com/suriname/structures-for-doing-business-sur/the-foundation-sur/; https://www.notariaatmannes.sr/ondernemen-stichtingen-verenigingen/stichting/; https://www.dna.sr/media/twjew2do/wet_op_stichtingen.pdf,Stichtings are created by notarial deed; no published annual return to the registry. Business activity requires SBN tax registration and annual tax filing. Foundation supervision is by the FIN.,No automatic charitable exemption: a stichting is taxed as an ordinary legal person (35% income tax on business income); individual exemptions must be requested from the Inland Tax Administration (Dib); VAT applies.,"No legal residency restriction on foreigners per central-bank guidance; opening is in-person at the bank with passport, address and (often) a foreign bank reference letter."
Brazil,Yes,Associação (Código Civil); fundação (Código Civil); OSCIP (Lei 9.790/1999) — registro em cartório de registro civil de pessoas jurídicas.,medium,Minimum 2 members (association) or 1 founder (foundation); Brazilian CNPJ and local address; notarial deed registered with a cartório; foreign founder may join the board; filings in Portuguese.,"US$500–1,500 incl. lawyer/notary; 2–4 months (cartório + optional CGJ certification). Official timelines unpublished; foreigners may set up.","Heavy red tape (famous bureaucracy); main hurdles are getting a CPF and a bank account (foreign-inflow/câmbio rules); OSCIP certification gives donation tax deductions; 'instituição de utilidade pública' (federal/municipal) is a long, discretionary extra step. | Prior context confirmed; deduction is 6% individual / 2% corporate; OSCIP certification required for donor deductions",partial,"Local address + CNPJ, cartório deed, resident legal rep for foreign founders, bank account (câmbio rules); Portuguese",~$500-1500,2-4 months,Individuals: up to 6% of IRPF owed (3% child fund + 3% other); corporations: 2% (OSCIP),OSCIP certification (Ministry of Justice) enables donor tax deductions; ITCMD on foreign donor donations (transitional),med,https://brazilfoundation.org/en/get-involved/foundations-and-companies/; https://www.gbflaw.com.br/imposto-de-renda-2025-pague-menos-imposto-fazendo-doacoes/; https://taxsummaries.pwc.com/brazil/corporate/deductions; https://www.planalto.gov.br/ccivil_03/leis/l9790.htm,Associations and foundations register at cartório; no published annual return to the registry. Accounting and tax duties run through a CNPJ with the Receita Federal; internal obligations follow the statutes.,"Income-tax exemption (IRPJ/CSLL/COFINS) for a qualifying non-profit is legal and automatic (Lei 9.532; NFPS) — Receita Federal verifies accounts, no separate recognition. Donor deduction needs utilidade pública/OSCIP.","Effectively blocked remotely: banks require CRNM residency, CPF and a Brazilian address with in-person KYC; non-residents are limited to special non-tax-resident (CDE) products."
Paraguay,Yes,"Asociación civil y fundación (Ley 5833/2017 de OSC); cooperativa (Ley 1929, Sociedades Cooperativas) — Registro Administrativo de Personas y Estructuras Jurídicas (Ley 6446/2019).",medium,Local registered office and a local representative; notarized deed; founder may be foreign; registration with the relevant ministry/civil registry; Spanish documents.,US$300–800 incl. lawyer; 1–3 months (MEF/DGPEJBF). Official timelines unpublished; foreign founders may register with a local representative.,"Under-regulated and relatively tolerant of foreign founders, but the legal market is small and Spanish-only; tax exemption requires separate certification; fewer English-speaking lawyers than neighboring countries; slower administration than Chile/Argentina. | Confirm prior; foundation route needs US$400 min. capital in a capital-integration account; NGO route via Min. Interior fee.",partial,Local registered office and resident local representative required; Spanish-only documents; small English-capable legal market.,"~$70 (Min. Interior Gs 541,000 NGO fee) + notary/lawyer",1-3 months,Donations deductible up to 5% of taxable gross income (renta bruta gravada) to qualifying entities.,none notable,med,https://www.latribuna.com.py/destacado/200761-costo-de-crear-una-ong-en-paraguay-requisitos-y-financiamiento/; https://www.dnit.gov.py/documents/20123/218007/IRP-RSP-Tratamiento+Impositivo+donaciones_Abril.2021.pdf; https://informacionpublica.paraguay.gov.py/public/651218-requisitosIPDF-requisitosI.PDF; https://www.mef.gov.py/es/dependencias/direcciones/direccion-general-personas-estructuras-juridicas-beneficiarios-finales/pf,OSC register with SENADIPJ under Ley 5833/2017; no fixed annual return deadline published. Entities receiving state funds must publish accounts to the Contraloría and face AIFAT audit; transparency bill pending.,Exemption is legal and automatic: Ley 6.380/19 art. 25.2c exempts income of non-profit associations/foundations that do not distribute (DNIT verifies at filing). Donor deduction limited (5% for individuals).,"Requires a Paraguayan cédula (residency ID) and in-person presence; a passport alone is not accepted by the major banks, so remote opening is not possible."
Uruguay,Yes,Asociación civil (Ley 17.163/1999); fundación (Código Civil) — reconocimiento ante la Dirección General de Registro (DGR).,medium,Minimum 3 persons (association); local registered office; foundation requires a local representative; registration with the Registro Nacional de Personas Jurídicas; Spanish filings.,US$200–600 incl. lawyer/notary; 2–6 weeks at DGR. Notary ~US$100–200; official timelines unpublished; foreigners may found.,"Very stable, low political risk; foundations enjoy tax incentives (50% exemption on qualifying income); English reasonably available in Montevideo business circles; 'declaración de utilidad pública' optional. | Confirm prior (association from 3 members; foundation needs local rep; foundations enjoy tax incentives).",partial,Local registered office and resident local representative required; filings in Spanish at Registro Nacional de Personas Jurídicas.,"low (~US$10-30, DGR registration)",2-6 weeks,Donations to qualifying associations/foundations get special tax exemptions/incentives under Ley 18.083 (2006).,none notable,med,https://www.gub.uy/tramites/inscripcion-asociacion-civil-club-fundacion; https://portal.dgr.gub.uy/requisitos/dgr_personas_juridicas_requisitos_insc_documentos.pdf; https://www.impo.com.uy/bases/leyes-originales/18083-2006; https://www.gub.uy/tramites/asociaciones-civiles-fundaciones-reconocimiento,Associations and foundations must inscribe in the DGR (Interior Ministry); no published annual return deadline. Annual general meeting and statutory duties follow the law; internal governance by statutes.,"IRAE exemption of income of qualifying non-profits (educational, cultural, scientific, charitable) is legal and automatic; DGI verifies the purpose. The 75%-refund donor benefit requires listing in the MEF regime.","Most open to non-residents: BROU allows a basic in-person account with home-country address, but requires a US$5,000+ fixed deposit held 181 days for new non-residents."
Argentina,Yes,Asociación civil (Ley 23.851); fundación (CCyC arts. 193-224 y Ley 23.851); fideicomiso (Ley 27.290/2016); cooperativa (Ley 20.337) — registro según Ley 26.047.,easy,Local registered office and resident director/legal rep; foreign founder/trustees allowed; notarial deed registered with the commercial registry (personas jurídicas); Spanish filings.,US$200–500 incl. lawyer; 2–6 weeks (registro de personas jurídicas; provincial o federal según jurisdicción). Official timelines unpublished.,"Most expat-friendly bureaucracy in South America; English widely spoken in Buenos Aires; foreign founders can serve on boards; donation tax exemption is a separate AFIP step ('Ingreso a Régimen de Entidades Exentas', Ley 24.976); 2016 foundation law made fundaciones cheaper and faster than the old regime. | Confirm mostly; foundation basis is now the Commercial Code since the 2019 reform (Ley 27.610) — Ley 27.290 was absorbed into it. | Verified: Sede social en CABA y patrimonio inicial mínimo de 10 salarios mínimos viales y móviles (Res. IGJ 2/2023)",partial,Local registered office and resident legal representative; province-by-province association registration plus AFIP steps.,low (~US$0-100 provincial/registry) + lawyer,"1-2 weeks (typical, officially unpublished)","Donations to qualifying entities deductible up to 5% cap (Ley 24.976, AFIP-exempt entities).",none notable,high,https://portalsocietario.com.ar/blog/cuanto-cuesta-y-cuanto-tarda-crear-una-ong-en-argentina.shtml; https://www.argentina.gob.ar/agricultura/si-queres-ser-donante; https://serviciosweb.afip.gob.ar/Publico/Turnos/Requisitos/Pj_Web_Inscripcion.pdf; https://www.argentina.gob.ar/servicio/constituir-una-fundacion-en-la-inspeccion-general-de-justicia; https://www.argentina.gob.ar/normativa/nacional/ley-26047-108436/texto,"IGJ-registered associations and foundations must file approved financial statements annually, fully digital since mid-2026; non-filing brings fines and IGJ regularization windows for arrears.","Separate certificate required: file DJ 953 with ARCA (ex-AFIP) for “certificado de exención” of Impuesto a las Ganancias (Ley 23.349, reg. 1457) — general or simplified route. Benefits: no income tax, no withholding.","In-person at a branch; non-residents can open an account with passport and CUIT/CUIL under BCRA rules; peso savings available even without a DNI, with tighter limits."
Chile,Yes,Asociación (Código Civil); corporación (Ley 20.500/2011); fundación de derecho privado (Ley 20.839/2015) — Registro Nacional de Personas Jurídicas.,easy,Chilean registered office; board may include foreigners; legal representative should be resident in Chile; public deed registered with the Conservador de Bienes Raíces; Spanish filings.,US$200–500 incl. lawyer; 1–3 weeks at Registro Civil. Official timelines unpublished; foreigners may found with a Chilean representative.,"Fast, clean bureaucracy; the de facto hub for LATAM expats and many run foundations/associations there; English widely used in Santiago legal market; donor tax deduction requires 'calificación' from the tax authority; 2015 law modernized foundations. | Confirm prior (asociación/corporación per Ley 20.500, fundación per Ley 20.839/2015; fast, easy, US$200-500, 1-3 weeks). | Verified: Constitución por escritura pública y domicilio en Chile; desde 2023 se inscribe en la Secretaría Municipal",partial,Chilean registered office and resident legal representative required; public deed + Conservador de Bienes Raíces registration.,~$100 (notary deed + registry fees),1-3 weeks,Ley 19.885: 35% tax credit + 65% deductible expense for certified qualifying donations.,none notable,high,https://www.nss.cl/blog/como-crear-una-fundacion; https://www.midesof.gob.cl/sociedad-civil/donaciones-sociales/beneficios-tributarios-ley-n19-885/; https://www.chileatiende.gob.cl/fichas/11333-inscripcion-en-el-registro-de-personas-juridicas-sin-fines-de-lucro; https://www.registrosciviles.cl/tramites/inscripcion-al-registro-de-personas-juridicas-sin-fines-de-lucro/,OIP organizations must keep the MSGG OIP registry current and file annual activity and financial statements; sanctions include fines. Corporations and foundations file annual accounts to the registry.,No general entity exemption: fundaciones/corporaciones pay IUS on income. Benefit is for donors: Ley 19.885 gives a 15% credit (individuals) if the entity has ministry-recognized interés público status.,In-person; requires a RUT (foreigners with a valid visa can get a provisional one) and ID per ChileAtiende rules; non-residents without RUT/visa are effectively blocked.
Mongolia,Yes,Private foundation (хувийн сан); Association (нийгмийн эвлэл); NGO under the Law on Associations (1997) + Civil Code (2002),medium,"As a Mongolian citizen you register with the Legal Entity Registration Office (LERO, Justice ministry) with a Mongolian-language notarized charter, a local registered address, and a governing board (minimum 5 members for non-membership NGOs); a foundation requires an endowment adequate to its stated purpose.",Modest state fees (tens of USD) plus notarization; typically 2–8 weeks for registration.,"Scored on the local-citizen route, which is straightforward — no foreign-founder bar. The pure foreign-founder route is much harder: a foreigner must usually form a foreign-invested legal entity (LLC, ~$100,000 minimum investment per investor) and rely on a local agent, with in-person Mongolian-language steps and limited English support. | confirm prior: local-citizen route straightforward; pure foreign route requires FIE (~$100k) or rep office; no new NGO-law bar",partial,"No direct foreign-NGO route; needs local partner, rep-office permit (~60 days) or ~$100k foreign-invested entity",~$50,2-8 weeks (local-citizen route); ~60 days for foreign rep office,Charitable donations largely non-deductible in PIT; only narrow statutory exceptions,none notable,med,https://www.icnl.org/resources/civic-freedom-monitor/mongolia; https://taxsummaries.pwc.com/mongolia/corporate/deductions; https://immigration.gov.mn/en/non-government/,NGOs under the Law on Associations (1997) file annual reports with financial statements to the Civil Affairs Department; non-reporting can lead to suspension. Private foundations and associations register with civil affairs.,"The National Tax Authority exempts corporate income of registered non-profits whose income is used for charitable, educational, scientific or social purposes — applied by the tax office, no separate charitable status.","In-person in Ulaanbaatar with passport, visa and registered address proof; opening from abroad typically requires a local lawyer with power of attorney; remote opening not possible."
Japan,Yes,General incorporated association (一般社団法人); Specified NPO (特定非営利活動法人); Unincorporated voluntary group (任意団体),medium,"No nationality or residency bar — a foreign founder can serve as director — but registration requires a Japanese registered office address (serviced/registered-agent office works), Japanese-language articles, and a registered seal (hanko).","Government fees of roughly ¥30,000–50,000 plus office costs; a general incorporated association registers in about 2–4 weeks, while Specified-NPO certification takes 3–6 months.","The fastest expat path is the non-profit general incorporated association (can register in as little as two weeks); Specified-NPO status adds tax-deductible donation treatment but a longer, prefecture-run certification. All documents in Japanese; English support is limited. | confirm prior: no nationality bar for founders/directors; fees ~YEN 30k-50k; 2-4 weeks for nonprofit general incorporated association",partial,"Japanese registered office address (serviced office OK), Japanese-language articles and registered hanko seal required",~$300,2-4 weeks (general incorporated association); 3-6 months for specified-NPO certification,"Specified (teiteki) NPO donations deductible up to 40% of income minus JPY 2,000",none notable,high,https://www.jnpoc.ne.jp/en/nonprofits-in-japan/about-npo-law/; https://cof.org/country-notes/nonprofit-law-japan; https://isvd.or.jp/en/guides/nonprofit-association-setup-complete-guide,"General incorporated associations file an annual report with the supervising authority within 2 months of year-end (3 for foundations); persistent default risks deemed dissolution after 5 years, with fines for officers.","No blanket exemption: NPOs pay corporate tax only on business (shu-eigyo) income; public-benefit certification (prefecture, months) makes public-interest activity income tax-free and donations deductible.","Effectively blocked remotely: non-residents (under 6 months in Japan) cannot open standard accounts; in-person with residence card required, Japan Post Bank being the main exception."
South Korea,Yes,Private foundation (재단법인); Incorporated association (사단법인); Nonprofit corporation (비영리법인),medium,"Foreigners are permitted to establish foundations in Korea with no director-residency requirement; registration (district/city office under the Act on Incorporation of Associations and Foundations) needs a local office address, a Korean-language constitution, and for a foundation a minimum endowment commonly cited at 100 million won (~USD 70,000).",Low official registration fees; with a local agent typically a few weeks to ~2 months once endowment is in place.,Confirmed viable for expats (KOTRA/Invest Korea and formation guides both confirm foreigners can register foundations and NGOs); Korean-language paperwork is the main burden; popular expat-charity route is the 재단 법인 for grantmaking. | confirm prior: foreigners may establish foundations and NGOs (KOTRA/Invest Korea FAQ confirms); Korean-language docs main burden,partial,"Local office address, Korean-language articles and foundation endowment rules; paperwork typically via local agent",low (a few hundred USD with agent),a few weeks to ~2 months,"Donations to foundations: 15% tax credit up to KRW 10m, 30% on excess; ~10% of income cap",none notable,high,https://www.investkorea.org/upload/kotraexpress/2021/12/images/FAQ.pdf; https://elaw.klri.re.kr/eng_service/lawView.do?lang=ENG&hseq=18330; https://taxsummaries.pwc.com/republic-of-korea/individual/deductions,Incorporated associations and foundations file annual reports (activities and financials) with the court of incorporation; persistent non-filing brings fines under the Civil Code and risks revocation.,"No separate application: NTS automatically exempts the public-interest income of a foundation (재단법인) under the Special Tax Benefits Act art. 6, verified at filing. Donors: up to 100% deduction (individuals).","Requires the Alien Registration Card (ARC), i.e. registered residence in Korea, plus in-person application; a remote foreign founder without local presence cannot open an account."
China,No,Public-interest foundation (公募基金会); Non-public-interest foundation (非公募基金会); Private non-enterprise unit (民办非企业单位),very hard,"Registration requires a Chinese supervising/competent unit (主管单位), a Chinese registered address, and a paid-in registered fund of at least 2 million RMB (public-interest foundation) or 800,000 RMB (non-public-interest); foreign individuals generally cannot directly sponsor these entities.","Several months to over a year including the 2-year operational-pilot requirement and approvals; official fees low, agent/legal costs significant.","Direct foreign formation is effectively barred without a local Chinese partner organization; foreign-funded groups must register under the Foreign NGO Law (2+ years of overseas track record) or operate through a local partner — heavy political/supervision risk, no English-language process. | confirm prior: direct foreign formation effectively barred; Foreign NGO Law route needs 2+ yrs track record; heavy political supervision",no,"Foreign individuals cannot form a foundation directly; needs Chinese supervising unit, RMB 2m/800k fund, Foreign NGO Law",low official; $5k-20k+ with agents/legal,several months to over a year,Deduction up to 30% of taxable income for donations to qualified domestic nonprofit organizations,"Foreign NGO Law: 2+ yrs track record, MPS registration, supervising authority; foreign-funded ops tightly regulated",high,https://www.chinalawtranslate.com/en/foundations-regulations-draft/; https://www.svcf.org/sites/default/files/documents/csr/SVCF_ChinaForeignNGOLaw_web.pdf; https://taxsummaries.pwc.com/peoples-republic-of-china/individual/deductions,"Foundations file an annual work report with the registration authority by early March; unapproved work invites a warning, and serious cases risk suspension of activities under the 2004 Foundation Regulation.","Two separate steps after registration: (1) non-profit tax-exemption qualification from local tax + finance (Caishui [2018] No. 107, 5-year); (2) public-donation pre-tax deduction qualification (2020 Announcement 27).","Blocked remotely: PBOC/SAFE real-name rules require physical presence, a non-tourist visa, a Chinese mobile number and local address, with in-person branch verification."
Taiwan,Yes,Private foundation (財團法人); Mutual-benefit association (互益社團法人),medium,"Foreigners can form a private foundation with a local registered office in Taiwan and a deposited minimum capital of 15 million NTD (local-level registration) or 30 million NTD (central-level, Ministry of the Interior); documents in Chinese, board can include foreign directors.",Modest registration fees (a few hundred to a few thousand USD with legal help); typically 4–12 weeks once capital is deposited.,"The 財團法人 (foundation) is the standard expat charitable vehicle; formation guides confirm foreign founders are accepted and foreign staff may be hired; Chinese-language bureaucracy, no direct foreign-ownership ban. | confirm prior: foreign founders accepted; NT$15m (local) / NT$30m (central) minimum capital; 4-12 weeks with legal help",partial,"Local office, deposited capital (NT$15m local / NT$30m central), Chinese-language docs and local counsel","~$1,000-3,000",4-12 weeks,Charitable donations deductible within 30% of taxable income (NT$2m cap for individuals),none notable,med,https://btlaw.com.tw/h/newsinfo?key=2719736319&cont=414464; https://startabusinessintaiwan.tw/book/faqs/setting-up-a-business/is-there-a-minimum-capital-requirement-for-setting-up-a-business-in-taiwan/,"Foundations must submit the business plan, budget and financial statements to the competent authority within 30 days of year-end (early March); late filing is penalized with a deadline to correct.",A private foundation registers with the county/city government; the local tax bureau applies charitable-income exemption (Income Tax Act art. 4) from its bylaws. Donor deduction needs ministry qualification.,In-person at a branch; foreigners need an Alien Resident Certificate (or Gold Card) plus in-branch identity verification; no online/remote opening for non-residents.
Hong Kong,Yes,Company limited by guarantee (no share capital); Charitable trust under deed of trust; Registered society (small member groups),easy,No nationality or residency requirement for directors/members; a Hong Kong registered office address (virtual office works) and company secretary must be in place; charity status for tax benefits is a separate application to the HK Jockey Club (HKJC).,"Government incorporation fees of a few hundred to ~HK$2,000; incorporation in 3–5 days; HKJC charitable registration (for donation tax deductions) takes additional 1–3 months.","The most accessible route in this list; full English-language process; popular expat pathway is the company limited by guarantee, then HKJC charitable status; low political risk. | confirm prior: most accessible route; full English-language process; HK$155-925 incorporation fees; HKJC charitable status separate | Verified: Secretaria de la compañía debe residir en Hong Kong; tarifa de constitución HK$1.545 (electrónica)",partial,HK registered office (virtual office OK) and HK company secretary required; no nationality or residency bar,198,3-5 days to incorporate; +1-3 months for HKJC charitable status,Approved charitable donations deductible up to 35% of assessable income,none notable,high,https://www.cr.gov.hk/en/services/fees.htm; https://www.gov.hk/en/residents/taxes/salaries/allowances/deductions/approveddonation.htm; https://www.ird.gov.hk/eng/tax/ach.htm,"CLG: NAR1 annual return within 42 days of AGM; audited accounts laid before members (Cap.622 Part 9); public-entity fee HK$105, late fees from HK$3,480; s.429 fine up to HK$300,000 and strike-off risk for non-filing.","Separate IRD endorsement under s.88 Inland Revenue Ordinance (charitable purpose, trust deed). Grants profits-tax exemption; donors deduct gifts up to 35% of assessable income. No VAT. Processing time unpublished.","Needs a local visit: non-residents cannot onboard online; banks (HSBC, BOC, SCB) require in-person branch KYC under AML/CDD rules, with tightened non-resident scrutiny since 2023."
Macau,Yes,"Private foundation (Fundação Privada, Civil Code arts. 1642-1667); Association (社團, Civil Code / Law 2/99/M; new associations law in consultation 2026)",medium,"No nationality bar; the foundation can be established by a single founder with a donated endowment and a local office address, via the DSAJ registration process (name certificate, then incorporation with Civil Affairs Bureau); an association requires a minimum of 7 founding members.",Notary and registration costs of a few hundred to a few thousand MOP; typically a few weeks to 2–3 months.,"Formation under the Civil Code (foundations arts. 1642-1667); the associations regime law was still in public consultation in 2026; documents in Chinese or Portuguese — English support is limited; political risk similar to Macau generally. | confirm prior: Law 16/2021 foundation route (in force 2022), single founder with donated endowment; DSAJ name-certificate then registration",partial,"Local office, Chinese/Portuguese documents, notary plus DSAJ registration; limited English support",~$500,a few weeks to 2-3 months,PIT allows capped charitable donation deduction; low-rate system (top rate 15%),none notable,med,https://www.gov.mo/en/services/ps-1069/; https://www.bo.dsaj.gov.mo/cn/entities/assoc,Private foundations (Civil Code arts. 1642-1667): no routine financial-statement filing with the DSF and no published general annual-return requirement; minimal ongoing obligations beyond internal governance and registry updates.,"No general charity tax regime. Foundations/associations apply to DSSCU for case-by-case profits-tax exemption; approval discretionary, timeline unpublished. No donor-deduction scheme exists in Macau.",Needs a local visit: BNU e-Application is limited to Macau ID holders; banks require in-person KYC with Macau residency/tax-residency documents. No remote onboarding for non-residents.
Singapore,Yes,"Registered charity (Charities Act 1994, Registrar of Charities) on top of a CLG (ACRA), society (Societies Act) or trust; company limited by guarantee.",medium,"At least one director/trustee resident in Singapore, local registered office (agent address OK), English-language constitution.","S$315–1,500 (ACRA filing + registered secretary); 1–4 weeks; charity status takes ~1–3 months more. Official timelines published by ACRA/Registrar.",No foreign-formation ban; English-language bureaucracy; most region-friendly setup; separate IRC tax-exempt (s16/s17) and PCDU applications follow incorporation. | Confirm CLG ≥1 resident director; IRC s16 charity registration needs ≥2 of ≥3 board SG citizens/PRs — prior '≥1 trustee' understates,partial,Local resident director (CLG/co) or 2 of ≥3 board being SG citizens/PRs (charity); local registered office,"~$250 (SGD 315 filing; ~$1,100 w/ agent)",1–4 weeks (2 wks typical with agent; IRC charity status adds weeks),No personal income tax deduction for charitable gifts — charities provide no tax benefit,None notable — no FCRA-style register; foreign funding of Singapore charities freely permitted,high,https://www.charities.gov.sg/Pages/Charities-and-IPCs/Register-as-a-Charity/Criteria-for-Registration-as-Charity.aspx; https://sso.agc.gov.sg/SL/CA1994-RG10?DocDate=20230113; https://krestonhelmitalib.com.sg/guide-to-registering-a-charity/,"Annual return to Registrar of Charities/ROC each year; accounts examined by independent examiner at <=S$250k income, audit/examination per Charities Act s.14 above; entries on public register; non-filing risks deregistration.","Separate IPC endorsement from IRAS under s.37 Income Tax Act (Commissioner of Charities applies post-registration): full income-tax exemption; corporate donors get 250%, individuals 100% deduction. No VAT.","Needs a local visit: DBS, OCBC and UOB run enhanced due diligence on foreign-owned charities and typically require an in-person branch appointment; remote onboarding is limited to existing customers."
Malaysia,Yes,"Society (Societies Act 1966, Act 832); charitable trust (Trustee Act 1949); company limited by guarantee (Companies Act 2016) — SSM or Registrar of Societies.",medium,"Local registered office, at least one local resident officer (company: resident director; society: Malaysian officebearers), English filings accepted.","RM100–2,000 with agent; 2–8 weeks. Society registration fee ~RM500; official timelines unpublished; foreigners need a local secretary/member.","Society is the common expat-charity form; registration in English or Bahasa; straightforward via local secretary/agent. | Confirm Societies Act 1966 (Act 32); ≥7 individual members required; ≥1 local resident officer; RM100–2,000 with agent",partial,"≥7 members to register society, ≥1 local resident officer, local registered office; CLBG needs local resident director","~$50–500 (RM100–2,000 incl. agent)",2–8 weeks (society 4–8 wks; CLBG ~1–2 wks),Registered charity gifts deductible up to 10% of chargeable income (50% of gift amount),None notable — no FCRA-style regime; foreign funding of registered societies permitted,high,https://www.mdi.gov.my/wp-content/uploads/2025/06/Akta-832-Akta-Pertubuhan-1966.pdf; https://www.lowpartners.com/our-services/commercial-corporate/start-up-company-incorporation/faq-on-how-to-set-up-a-society-under-societies-act-1966/,"Societies (Act 832, ROS/JPPM): annual return and information to the Registrar (commonly by 1 June); accounts audited as approved by the Registrar; CLGs file with SSM; persistent non-filing risks a provisional dissolution order.","LHDN approval under s.44(6) Income Tax Act 1967 (charitable body, max 10 yrs) for income-tax exemption; approved-body donations deductible (individuals cap 10% of aggregate income). Application 1-3 months.","Needs a local visit: banks gate accounts on visa/residency status, require in-person branch KYC, and often ask for a local resident director or introducer; no remote onboarding for non-residents."
Indonesia,Yes,"Yayasan (foundation, UU 16/2001 as amended by UU 28/2004); perkumpulan (association, KUHPerdata) — AHU online at the Ministry of Law.",very hard,Individual foreign founder must have resided in Indonesia 5 consecutive years; foreign board members need Ministry of Foreign Affairs recommendation; local notary deed required.,"IDR 5–20M (~US$400–1,600) incl. notary; 1–3 months (SK Kemenkum HAM). Official timelines unpublished; foreign founders need an Indonesian proxy.","Effectively foreigners use an Indonesian corporate (PT) or local individual as founder of record, or partner with an existing yayasan; Bahasa Indonesia dominant. | Confirm 5-consecutive-years residence for foreign founder; foreigner may sit on board (pengurus) without residing; all-Indonesian founders min IDR 100M assets",no,Foreign founder must have resided in Indonesia ≥5 consecutive years; in practice local individual/PT is founder of record,"~$400–1,600 (IDR 5–20M w/ notary)",1–3 months (if eligibility met),Gifts to qualified charities (PAWU/PSI) deductible up to 20% of taxable income,None notable — no FCRA-style regime; foreign funding of foundations permitted,high,https://www.arma-law.com/news-event/newsflash/a-guideline-to-foundations-in-indonesia-yayasan; https://mapresourcesindonesia.com/registering-a-non-profit-or-foundation-in-indonesia-as-a-foreigner/; https://emerhub.com/indonesia/foundation-in-indonesia/; https://peraturan.go.id/id/uu-no-16-tahun-2001,Yayasan (UU 16/2001 as amended by UU 28/2004): annual report to the Ministry of Law; no published audit tier; foundation reports made available internally; sustained non-compliance risks suspension or revocation of the foundation deed.,No separate application. Income used directly for non-distributive charitable activity is exempt from PPh (Art.4(3)); donations to recognized bodies deductible; most activities no VAT. Registration confers no tax status.,"Needs a local visit: online onboarding is unavailable to non-residents; banks require an in-person application with KITAS/KITAP, local address and passport under OJK AML rules."
Thailand,Yes,"Foundation (yutthathikam) under the Foundation Act B.E. 2550, registered with the Ministry of Justice; registered association under the Civil and Commercial Code Part 2, with a board of at least 3 members.",hard,"Majority of foundation board Thai nationals, local registered office, Thai-language documents, in-person notarisation steps.","Registry fee ~USD 11 for a foundation (THB 210) and ~USD 68 for an association (THB 2,005); processing a few weeks, unpublished; tax status filed separately with the Revenue Department.","Most foreigners establish a foundation with all-Thai board and act as funder/advisor; high political sensitivity (NGO rules, lèse-majesté) — avoid politically active purposes. | Confirm foundation min assets THB 500k (250k cash); official fee only ~THB 210 — prior THB 30k–100k figure is counsel cost",partial,Thai-national founders of record; ≥THB 500k assets (250k cash); local office; Thai-language docs; in-person notarisation,"~$10 official (THB 210); ~$800–2,800 with counsel",1–3 months,Gifts to registered charities/non-profits deductible up to 10% of taxable income,None notable — no FCRA; foreign funding permitted; lèse-majesté (Art 112) risk if activities touch monarchy,med,https://www.siam-legal.com/Business-in-Thailand/thailand-foundation.php; https://www.thailawonline.com/setting-up-a-foundation-in-thailand/; https://lawgazette.com.sg/practice/global-news/establishing-a-foundation-in-thailand/,"Charitable juristic persons (C&CC ss.110-136, Dept of Provincial Administration/MoI): annual report and audited financial statements to the Registrar; foreign funding triggers AML Act reporting; non-compliance risks sanctions.","Foundation/association applies to Revenue Department for a tax-exemption certificate (income tax) before benefits; donors deduct gifts up to 10% of net income, some foundations double-deducted via e-Donation. No VAT.","Needs a local visit: major banks (SCB, KBank, Bangkok Bank) require in-person application, a long-stay non-immigrant visa, Thai address and local mobile number; tourist-visa holders are refused."
Vietnam,Yes,Non-governmental organization under Decree 125/2020; charitable fund under Decree 03/2026 with citizen founders; foreign NGOs may operate only via a Representative Office under Decree 58/2022.,very hard,Only Vietnamese social organisations can be formed; foreign individuals cannot found a local charity; INGO registration needs MFA/COMINGO approval and foreign funding source.,Foreigners cannot found a local charity; foreign NGOs only via a Representative Office with the Ministry of Foreign Affairs; domestic fundraising needs a separate permit - effectively barred.,"Practical route is partnering with a Vietnamese social organisation or registering in Singapore; strict annual reporting; no local fundraising by INGOs. | Confirm; INGO limited to one rep office (Hanoi, HCMC, Da Nang) and foreign-only funding under Decree 58 (2022)",no,"Individuals cannot found a local charity; INGO rep office needs MFA/COMINGO (Decree 58), single office, foreign-only funding",none,N/A for individual; INGO rep office 3–6 months,Gifts to registered social-charity orgs deductible; personal cap 10% of taxable income,INGO rep-office registration via MFA/COMINGO (Decree 58); funding must come from abroad; no local fundraising by INGOs,high,https://cof.org/country-notes/nonprofit-law-vietnam; https://www.vietnam-briefing.com/news/how-to-set-up-an-ngo-in-vietnam.html; https://www.lexology.com/library/detail.aspx?g=0ae3e360-b74b-4b5b-9894-11aaaeab0220,Foreign NGOs operate under Decree 58/2022/ND-CP; annual activity and financial reports to the competent authority (no fixed public deadline); accounts subject to audit; the operating license is revoked for non-compliance.,"Charitable fund (Decree 03/2026) gets fund income used for charitable purposes exempt from income tax; donors deduct up to 30% of taxable income. Exemption follows license, processed by tax authority within ~15-30 days.","Needs a local visit: under State Bank Circular 23/2014, in-person application with passport plus valid visa or residence card (TRC) is required; since 2022 big banks refuse tourist-visa holders."
Philippines,Yes,"Non-stock non-profit corporation under the Revised Corporation Code, filed with the Securities and Exchange Commission via eSPARC; registered foundation as a variant; DOLE registration for some associations.",hard,At least two-thirds of directors of a non-stock corporation must be Filipino citizens resident in the Philippines; trust trustees likewise Filipino; local office address.,"SEC filing plus notarization roughly USD 100-150, several weeks for the certificate; foreign persons may be members or officers, but the secretary must be a Filipino citizen and resident.",English is an official language — filings in English; popular expat hub; common structure is a Filipino-majority board with the foreigner as incorporator/trust donor. | Confirm 2/3 resident-Filipino director rule (5–15 directors); trust needs Filipino trustees; branch of foreign NSS not tax-exempt,partial,≥2/3 of directors Filipino & PH-resident; local office; SEC + BIR steps; branch of foreign NSS can't get tax exemption,"~$1,100–2,800 (PHP 60k–150k incl. counsel)",2–6 months (SEC + BIR + LGU),Gifts to DONR-accredited NPOs deductible; individuals capped at 10% of gross income,None notable — no FCRA; foreign funding unrestricted; branch offices of foreign NSS don't qualify for tax exemption,high,https://cof.org/content/nonprofit-law-philippines; https://www.divinalaw.com/news-and-updates/choosing-the-appropriate-mode-for-foreign-corporations-to-do-business-in-the-philippines/; https://esparc.sec.gov.ph/; https://esparc.sec.gov.ph/application/overview,SEC non-stock/non-profit: general information statement within 30 days after annual meeting via eFAST; audited financial statements due in 4th/5th month post year-end; delay penalty suspended (SEC MC 16/2024); repeated non-filing risks cancellation.,BIR exemption ruling under s.30(E) NIRC required separately from SEC registration for income-tax exemption of donations; donor deduction capped at 20% of net income (itemized). Weeks to months; time unpublished.,"Needs a local visit: banks (BDO, BPI, Security) require in-person KYC with passport, long-term visa, ACR I-Card (issued only after an extended stay) and local address; no remote onboarding."
Cambodia,Yes,"Association, NGO (Law on Associations and NGOs 2003, as amended), foundation",very hard,Founding members must be Cambodian nationals; local office and national chair; annual renewal and foreign-funding registration (MOFA) for INGO activity.,"N/A for foreign individual founder (≈USD 200 + local sponsor costs, 1–2 months if via Cambodian nationals)",2025 draft/NGO law further tightens controls; notable political risk and periodic clampdowns on foreign-funded NGOs; partner with local nationals as founders of record. | Confirm ≥3 Khmer-national founders (LANGO 2003); foreign NGOs via MOFA 3-yr MOU; 2025 NGO-law amendments further tighten,no,Domestic association: ≥3 Khmer-national founders; foreign NGOs: MOFA 3-yr MOU; 2025 NGO-law amendments tighten controls,~$200 (association route),N/A for foreign individual; 1–2 months via Cambodian nationals,"Gifts to registered charitable NGOs deductible under PIT; regime modest, administration capacity limited",Foreign-funded NGOs must register with MOFA (3-yr MOU); 2025 amendments add controls; periodic clampdowns on donor funding,high,https://cambodia.ohchr.org/sites/default/files/Unofficial_Translation_of_5th_LANGO_ENG.pdf; https://cambodiacounsel.com/ngo-registration/; https://siemreaphub.com/blog/creer-ong-cambodge,"Associations under the 2015 Law (Royal Kram NS/RKM/0815/010), registered with the Ministry of Interior; foreign NGOs under MoU with a line ministry file annual activity/financial reports with MoI; non-compliance risks registration action.",No general charity tax regime. Associations/NGOs registered at Ministry of Interior must apply to GDT (MoEF) for case-by-case income-tax exemption; INGOs get duty-free import status via MoU. No standard donor deduction.,"Needs a local visit but is easy: ABA/ACLEDA open accounts for non-residents in person with passport plus any Cambodian visa, no work permit; no fully remote online option."
Laos,Yes,"Social organisation (Law on Social Organisations and NGOs), INGO representative office",very hard,Founding members must be Lao residents/nationals with a Lao national chair; local office; state registration via Ministry of Home Affairs.,"N/A for foreign individual founder (≈USD 100–300 + legal fees via local partners, 2–6 months)","Heavily state-controlled civil society; Lao language required; INGOs operate only through approved local partners and MFA authorisation. | Confirm state-controlled model; 2023 decree on associations: resident foreigners may join as members, chair must be Lao national",no,"Lao-national chair, majority-Lao founders; MFA operation permit + project MOUs; Lao-language filings",~$100–300 (registration + legal),N/A for foreign individual; INGO permit 2–6 months,None general — PIT allows no standard charitable deduction for registered organisations,INGOs need MFA operation permit (PM Decree 013/2010) and project-by-project MOU with line ministries,med,https://ilawasia.com/blogs/setting-up-ngo-in-lao-pdr; https://www.icj.org/resource/lao-pdr-the-icj-criticizes-new-decree-on-associations/; https://www.wto.org/english/thewto_e/acc_e/lao_e/wtacclao38_leg_1.pdf,"Domestic associations under PMO Decree 115/2009: annual work plans, budgets and activity reports approved by the line ministry; no public audit tier; non-compliance risks suspension of the registration certificate.","No charitable tax-exemption regime in the Income Tax Law. Exemptions only via investment promotion or special government approval, case-by-case; no public donor-deduction scheme. Social organisations pay standard CIT.",Needs a local visit: BCEL/Canadia require in-person KYC with a work permit or stay permit; non-residents with no local presence are generally refused. No remote onboarding available.
Myanmar,No,"Registered charity/association (National Registration Bureau), INGO representative office",very hard,Registration requires a local sponsor/contact and Burmese-language filings; foreign individuals cannot form organisations directly.,"N/A for foreign individual founder (≈USD 100–300 via local sponsor, months if feasible)","High political risk (civil war, sanctions, unstable NCA); most foreign charities operate via international partners or pre-2021 registered bodies only. | 2022 Organization Registration Law (Notification 46/2022) repeals the 2014 ARL cited in context; foreign founder route is effectively closed, INGO route only.",no,ORL 2022: foreign individuals cannot form domestic organizations; INGOs need 40% Myanmar-national executives + junta registration.,~$50-100,3-6 months if feasible via local partner,no charitable donation deduction regime confirmed,"ORL 2022 requires INGOs to register with the junta, 40% Myanmar-national executive committee, criminal penalties for unregistered activity.",med,https://www.icj.org/wp-content/uploads/2022/11/Myanmar-ORL-final.pdf; https://asiacentre.org/the-law-on-organisation-registration/; https://www.dfdl.com/insights/legal-and-tax-updates/myanmar-new-organization-registration-law-enacted/,"Societies registered with the National Registration Bureau: under s.15 of the Societies Act, furnish information and audit accounts as approved by the Registrar annually; the Registrar may issue a provisional dissolution order for non-compliance.","Non-profits register TIN with IRD, then apply to Director General for income-tax exemption certificate (Not 79/2020); donors deduct gifts to approved organisations subject to IRD caps. Months; time unpublished.","Effectively blocked for remote founders: in-person KYC with work visa, local address and often an introducer is required; no remote non-resident onboarding at KBZ, Yoma or AYA Bank."
Brunei,Yes,"Registered society under the Societies Act, Chap. 203, with the Registrar of Societies (Royal Brunei Police, Gadong); charitable societies must adopt a constitution per the Act's Second Schedule.",very hard,"Local registered office, majority of office-bearers Bruneian citizens, in-person registry steps; no online filing.","Registry fee payable in cash after approval but unpublished; weeks to register; foreigners may join but a society must be Brunei-centric in character, limiting practical non-resident access.","Very small, closed registration culture aimed at locals; English is official so language is fine, but foreign-led charities are rare — most operate through existing local bodies. | confirm prior (very hard, local majority/resident officers, in-person); society is deemed established only if an office-bearer/member resides in Brunei (s.6(1) 2005 gazette).",partial,"Societies Act Ch 203: local registered office + resident office-bearer required; paper filing via Registrar (Royal Brunei Police), no online.",~$13 (BND 20),4-12 weeks,no charitable donation deduction regime confirmed,foreigners may join societies but local office and resident office-bearers required; foreign affiliation of societies prohibited.,med,https://www.polis.gov.bn/pendaftar-pertubuhan/; https://www.icnl.org/research/library/brunei-darussalam_societies/; https://www.agc.gov.bn/wp-content/uploads/2026/07/CAP-203-2010-ED-SOCIETIES-ACT.pdf,"Societies (Cap. 66, Registrar of Societies): no published annual-return form; AGM and constitutional filings apply; minimal public reporting for a small charity; persistent non-compliance risks deregistration.",No personal income tax; corporate tax only. Charitable societies gain no automatic tax status on registration under Societies Act; exemption only by Minister's discretion under Income Tax Act. No donor-deduction regime.,"Needs a local visit: banks (Bank Islam, MUFG, OCBC) require in-person application with passport, employment/dependent pass and local address; no remote onboarding for non-residents."
Timor-Leste,Yes,"Non-profit associations and foundations under Decree-Law 5/2005; an association gains juridical personality on registration with the Ministry of Justice, effective against third parties after gazette publication.",hard,"Physical local office, registered local address and national contact officer; filings in Tetum/Portuguese/English; slow manual process.",Registration fee unpublished; gazette publication adds weeks; a foreign NGO must appoint a local permanent representative with full powers to represent it - a hard practical barrier for non-residents.,"Foreign members are permitted under the 2009 law and INGOs do register here; bureaucracy is slow and requires a local agent; less predictable than Singapore/Malaysia. | governing instrument is Decree-Law No. 5/2005 (non-profit corporate bodies), not a 2009 Law on Associations; foreign corporate bodies may register if they prove legal existence and have a permanent local representative.",partial,Foreign bodies must register with a permanent local representative with powers of representation + local address; slow manual Ministry process.,~$50-200 plus legal fees,2-6 months,charitable donation deduction regime not confirmed,"none beyond Decree-Law 5/2005 requirements: permanent local representative, local means; foreign members otherwise permitted.",med,https://www.icnl.org/research/library/timor-leste_decree-law-2005-5/; https://www.mj.gov.tl/jornal/?q=node%2F1414; https://www.migracao.gov.tl/pdf/%5b0503-13%5dDLei.Association(english).pdf,Non-profit corporate bodies under Decree-Law 5/2005 (3 August 2005): no published routine annual-reporting obligation; minimal duties beyond registry upkeep; consequences of non-filing are not publicly specified.,"Associations/foundations register with Ministry of Justice, then apply to the Tax Authority (ATT) for 10% income-tax exemption; approval case-by-case, time unpublished. No general donor-deduction scheme.",Needs a local visit: non-residents open accounts in person at BNCTL/ANZ/BNU with passport plus visa; banks typically require a local tax ID; no remote onboarding available.
Australia,Yes,"Public charitable trust, company limited by guarantee (CLBG), registered association",easy,Australian resident (home jurisdiction); registered office in Australia; 2+ Australian-resident trustees/directors; ABN then ACNC registration for charitable status,"A$0 ACNC fee (confirmed; ASIC CLBG incorporation fee A$403 in Jan-2025 compilation, indexed annually, ~A$514 current), up to 12 weeks allocation + ~15 business days processing (ACNC FAQ 2025-26)","Home setup: register with ACNC (Australian Charities and Not-for-profits Commission) for tax-deductible-gift status; most foreign-linked founders use a charitable trust with local trustees | confirm prior: free ACNC registration, ASIC CLBG A$403-514, up to 12 weeks + ~15 business days, easy",yes,"None material (home jurisdiction): ACNC requires an ABN, a registered office and at least one Australian-resident governing-body member (the founder qualifies); processing time is the main delay.",none for ACNC (~$340 if ASIC-incorporated CLBG),1-4 weeks,"deductible at donor marginal rate, no cap, for registered charities",none notable on inbound donations; organisation itself must be established in Australia for charity status,high,https://www.acnc.gov.au/for-charities/start-charity/you-start-charity; https://www.acnc.gov.au/factsheet-who-can-register-acnc; https://www.acnc.gov.au/tools/guides/registration-application-checklist-and-guide,ACNC: annual information statement within 6 months of financial year end; financial report with review/audit at >=AUD 500k revenue and audit at >=AUD 3m; failure to lodge for two consecutive years leads to deregistration.,"ACNC registration alone confers no tax benefit. ATO endorsement required separately: income-tax exemption, DGR status (donors claim 30% credit), GST/FBT concessions. DGR endorsement weeks to months; time unpublished.","Fully online: an AU-resident founder can open accounts at CBA, Westpac, ANZ or NAB via eKYC with passport or driver licence and overseas address proof; no in-person visit needed."
New Zealand,Yes,Incorporated society under the Incorporated Societies Act 2022 (in force from 6 April 2026) registered with the Companies Office; charitable status is a separate registration with the Charities Commission.,easy,"Charity Commission registration (free, online); NZ-based charity board majority for tax status; no strict local-citizen rule for society incorporation","Registration fee NZ$88.89 plus GST (~USD 75) under the Incorporated Societies Regulations 2023 s7; processing usually a few days to weeks; foreign founders welcome, residency not required.",Very straightforward English-language process; foreign founders commonly use an incorporated society with some NZ-resident officers | confirm prior; verified incorporation fee NZ$88.89 (Incorporated Societies Regulations 2023) and free online charity registration | Verified: Oficina de registro en Nueva Zelanda requerida (Companies Act); los oficiales no necesitan residencia,partial,Incorporated societies must have a New Zealand-resident secretary; donee (deductible) status needs NZ-resident board majority.,25,1-3 weeks (incorporation; donee status separately 2-6 weeks),donee organisations: 30% tax credit plus income tax deduction for donors,none notable,high,https://www.is-register.companiesoffice.govt.nz/help-centre/starting-an-incorporated-society/applying-to-incorporate-a-society/; https://www.legislation.govt.nz/regulation/public/2023/0240/latest/LMS891528.html; https://www.charities.govt.nz/im-a-registered-charity/running-your-charity/tax-information; https://www.charities.govt.nz/ready-to-register/need-to-know-to-register/officer-information; https://is-register.companiesoffice.govt.nz/help-centre/starting-an-incorporated-society/applying-to-incorporate-a-society/,Incorporated Societies Act 2022: file annual financial statements and an annual return with Companies Office within 6 months of year end (exempt if registered with Charities Services); non-filing risks strike-off/dissolution.,Automatic: Charities Services notifies Inland Revenue on charity registration - income-tax exemption on charitable income follows; donee status (33 1/3% donor tax credit) then granted by IRD. Days to weeks; no VAT.,"Possible online: ANZ, ASB, BNZ and Westpac accept non-resident applications with passport plus proof of address, but most banks require an in-person branch visit within ~12 months to activate."
Fiji,Yes,Company limited by guarantee under the Companies Act 2015 - the standard charitable form - registered with the Registrar of Companies; a registered club as a lighter alternative.,medium,"CLBG: 3 directors, 2 ordinarily resident in Fiji; charitable trust: 2+ trustees + local registered address; English widely used","Prescribed fee FJD$45 (~USD 62); a few weeks for the certificate; an officeholder must be an ordinary resident of Fiji, so a non-resident founder needs a local nominee director.",Trusts registered with FRCS/Registrar; CLBG route is the common NGO structure; appointing two resident Fijian directors is the main hurdle | confirm prior: 2-of-3 resident-director rule verified against Companies Act 2015 ss 465-466 guidance,no,"Companies Act 2015: CLBG needs 3 directors, 2 ordinarily resident in Fiji - the main remote-founder hurdle.",~$62 (prescribed FJ$45; up to ~$650 with resident director/agent),2-6 weeks,"deductible for gifts to approved charitable entities, capped at 10% of assessable income",none notable on inbound donations; charitable CLBGs must meet Companies Act 2015 ongoing duties,high,https://www.laws.gov.fj/; https://www.sas.com.fj/commercial-law-updates/how-to-incorporate-a-non-profit-entity-as-a-charitable-trust-or-company-limited-by-guarantee-under-fiji-law; https://www.justice.gov.fj/company/,"Annual return and financial statements to the Registrar of Companies (Companies Act 2015, Part 32 financial reporting); charitable companies must keep full records; persistent non-filing exposes the company to strike-off.",Automatic: entities registered under the Charitable Trusts Act are exempt from income tax without separate application (FRCS). Donors claim deduction for contributions to FRCS-listed approved charities. No VAT.,"Needs a local visit: in-person KYC with passport and a Fijian TIN (FRCS) is required; RBF-regulated banks (BSP, ANZ, Westpac) offer no remote onboarding for non-residents."
Papua New Guinea,Yes,"Company limited by guarantee under the Companies Act 1997 via the IPA registry; associations under the Associations Incorporation Act 2023, whose supporting regulations commence 1 July 2026, replacing the 1966 Act.",hard,Resident company secretary in PNG; 7+ members with 3+ PNG residents for non-commercial company; local registered office,Incorporation fees in the low hundreds of USD (in PNGK); a few weeks; an associations pathway arrives mid-2026; foreign participation in charities is restricted in practice.,"Bureaucracy heavy, English official language but processes slow; most international NGOs register via a PNG partner or use an Australian-registered entity operating cross-border | confirm prior; note new Associations Incorporation Act 2023 replaces 1966 Act, regulations commence 1 July 2026",no,Resident PNG officers/company secretary plus local registered office required; IPA registry slow and mostly in-person.,"~$200-450 (PGK 1,000-3,000)",6-12 weeks,"deductible for gifts to eligible charitable organisations, capped at 10% of assessable income",foreign NGOs operating in PNG must register (Associations Incorporation Act 2023 adds 'overseas association' category),med,https://www.ipa.gov.pg/public/help.aspx?cn=NewAssociationsAct; https://www.ipa.gov.pg/corp/index.aspx; https://www.ipa.gov.pg/Documentation/PG/ActsAndRegulations/Associations%20Incorporation%20Act%202023.pdf,"Annual return each calendar year to IPA (Companies Act 1997, s.215); IPA has issued strike-off notices to non-filers; associations under the 2023 Act file their own annual returns; no published audit tier for charities.",Non-profits must register a TIN with the IRC and apply for income-tax exemption from the IR (charitable purpose); donors deduct gifts of PGK50+ to qualifying charitable organisations. Approval time unpublished.,"Needs a local visit, effectively blocked for pure non-residents: Kinabank Digi requires a PNG driver licence and branches expect local presence; expect a full in-person KYC."
Samoa,Yes,"Company limited by guarantee under the Companies Act 2001, registered with the Ministry of Commerce, Industry and Labour, the standard form for charities and NGOs; trusts under separate trustee rules.",medium,At least 1 director resident in Samoa; local registered office/agent; 2+ trustees for a trust,"Filing fee roughly USD 50-100 (amount unpublished); processing a few weeks; a company must have a Samoan-resident registered office, so non-resident founders need a local agent or resident director.","Small registry, English official; foreign trustees allowed with a local resident officer; SIFA handles international structures (not for local charities) | confirm prior; verified company registration fee WST 250 from MCIL fee schedule (prior WST 100-500 range plausible)",no,At least one Samoa-resident director and a local registered office/agent required; payment at MCIL office.,~$115 (WST 250),4-8 weeks,deductible for gifts to eligible charitable institutions under Samoa Income Tax Act,none notable on inbound donations; foreign-owned companies may need Foreign Investment Act approval,med,https://www.businessregistries.gov.ws/companies/fees-help-support/fees-and-penalties/; https://www.mcil.gov.ws/services/business-registration; https://www.businessregistries.gov.ws/companies/how-to-register-a-company/the-registration-process/,Annual return (Form 12) to the Companies Registry each year; no obligation to file financial statements for a small charitable CLG; persistent non-filing risks strike-off/dissolution of the company.,Income Tax Act 2012 gives donors a 30% tax credit for gifts to approved charitable institutions; the entity's own exemption is handled case-by-case by the Ministry for Revenue - process and time unpublished.,"Needs a local visit: ANZ Samoa and local banks require in-person application with passport, local address and residency/work permit; no remote onboarding for non-residents."
Tonga,Yes,"Registered charitable trust under the Charitable Trusts Act 1993 with the Registrar of Charitable Trusts, incorporated as a Board; company limited by guarantee under the Companies Act.",hard,Resident trustee/director and local office; registration with Ministry of Justice/trust registry,"Trustee fee unpublished; a few weeks for incorporation; a trust must have a Tongan-resident trustee and a local office, so non-resident founders need a local co-trustee - a hard practical barrier.","Small, insular bureaucracy; limited precedent for foreign-registered charities; political sensitivity around foreign NGOs - community consent often expected | confirm prior: resident service agent requirement verified in Companies (Amendment) Regulations 2014",no,Must appoint a Tonga-resident person to accept service and a local registered office; small insular registry.,~$30-150 (TOP 100-500),4-10 weeks,deductible for gifts to eligible charitable institutions under Income Tax Act,none notable,med,https://businessregistries.gov.to/public/howto.aspx?cn=RegisterCompany&ctk=CompanyHowTo; https://businessregistries.gov.to/Documentation/TO/CompaniesAmendmentRegulations2014_Eng_final.pdf; https://www.revenue.gov.to/company-partnership-corporative-society-trust; https://ago.gov.to/cms/images/LEGISLATION/PRINCIPAL/1993/1993-0014/CharitableTrustsAct1993_2.pdf,"Charitable trusts under the 1993 Act, registered with the Business Registry (MCCTIL); no published routine annual-reporting obligation; minimal registry filings; 2026 consultation proposes strengthening trustee disclosure.",Charitable organisations are income-tax exempt (except business income) by Revenue Services under the Income Tax Act; donor deduction for registered charities. Application details and time unpublished.,"Needs a local visit: BSP and other banks require in-person KYC with passport, local address and residency/work permit; no remote onboarding for non-residents."
Vanuatu,Yes,"Company limited by guarantee under the Companies Act 2012, registered with the Financial Services Commission, the main charitable form; trusts registered under trustee regulations.",medium,CLBG needs local registered office/agent; 1+ resident director recommended; English widely used,"Registration fee VT35,000 (~USD 330) via the online registry; processing a few days to weeks; a Vanuatu resident officeholder is required, so a non-resident founder must appoint a local director.","Relatively permissive offshore-friendly registry; post-2021 coup political risk noted by some aid donors | correct prior: verified registration fee is VUV 35,000 (VFSC fee schedule), not VUV 5,000-20,000; 1+ resident director required",partial,Companies Act 2012 requires at least one Vanuatu-resident director and a local registered office.,"~$340 (VUV 35,000)",2-6 weeks,no established charitable donation deduction regime of note,none notable,med,https://www.vfsc.vu/companies-fees-and-penalties/; https://www.vfsc.vu/registering/; https://tradeportal.gov.vu/procedure/711/step/224,"Annual return (Form 14, Companies Act 2012 s.119) to VFSC each year; late fees apply; persistent non-filing leads to strike-off with restoration under s.150; charitable organizations are also registered with VFSC.","No corporate income tax - no entity-level income tax, so registration with the VFSC (also Registrar of Charitable Organisations) needs no tax-exemption application. VAT exemptions cover some charitable supplies.","Relatively easy: RCV-licensed banks (ANZ, NAB, Bank of the Pacific, WES, Melanesia) offer non-resident multi-currency accounts; in-person branch KYC, or via a local representative."
Solomon Islands,Yes,Company limited by guarantee under the Companies Act 2009 with the Solomon Islands Business Registry; charitable trusts under trustee rules; a company limited by guarantee is the standard NGO form.,medium,Charitable trusts must be registered with charitable purpose; local registered office and resident officer recommended; 2+ trustees,"Incorporation fee roughly USD 50-150, paid at the Treasury counter after online application; a few weeks; a resident company secretary is required, so a local agent is needed.","English official, cooperative registry; foreign charitable trusts common (many Pacific-worker charities registered here); political instability occasional | confirm prior: Companies Act 2009 regime, online Company Haus registration plus Treasury fee payment",no,Resident Solomon Islands company secretary and local registered office required; fees paid in person at Treasury.,"~$30-150 (SBD 300-1,500)",4-8 weeks,no notable charitable donation tax-deduction regime,none notable,med,https://www.solomonbusinessregistry.gov.sb/companies/how-to-register-a-company/; https://www.solomonbusinessregistry.gov.sb/companies/how-to-update-a-company/restore-a-company/companies_act_2009-gazettal-as-an-act-18-mar09-2/,"Annual return each year in the allocated month, signed by a director (none in the incorporation year); the Registrar must strike the company off if a return is not filed within 6 months.",Charitable-society income is statutorily exempt under the Income Tax Act (Cap. 123) if applied to charitable purposes - no separate tax application; donations to charities are not deductible; timing unpublished.,"In-person KYC at branch (ANZ, BRED, Westpac) for all accounts; passport plus local ID; foreign-currency accounts possible; no remote onboarding for non-residents."
Kiribati,Yes,"Company under the Companies Act 2021 as amended, registered by the Business and Companies Regulatory Division in Tarawa; associations and trusts under registration rules.",hard,"Local registered office, resident trustee/director; small central registry in Tarawa","Fees unpublished; a few weeks; a Foreign Investment Certificate from the Ministry of Commerce, Industry and Cooperatives is required for foreign incorporation, making non-resident setup hard.","Very small registry with limited published process; English official but slow administration; few foreign charity registrations on record | confirm prior (hard, AUD 200-600, 6-12 weeks); Companies Act 2021 confirmed via ILO NATLEX; resident officer requirement verified",no,Resident director/director and local registered office in Tarawa required; Foreign Investment Certificate for foreign investment; slow small registry,~$200,6-12 weeks,No formal charitable tax-deduction regime; company income taxed locally,none notable,med,https://natlex.ilo.org/dyn/natlex2/natlex2/files/download/113886/KIR113886.pdf; https://remotepeople.com/countries/kiribati/company-registration/; https://www.healyconsultants.com/kiribati-company-registration/incorporation-steps/; https://mcic.gov.ki/business-and-companies-regulatory-division-bcrd/,"Annual return each year in the allocated month (none in the incorporation year); accounts must be audited (fine up to $4,000); the Registrar must strike the company off if a return is not filed within 6 months.",A company or irrevocable trust applies to the tax Commissioner under the Income Tax Act 2023; approved non-profits have exempt income; donations to them are deductible; no VAT relief; timing unpublished.,"In-person at ANZ Kiribati, the only licensed bank (Bairiki/Tarawa branch); non-residents face heavy AML restrictions and no remote onboarding for foreign founders."
Nauru,Yes,"Trusts under the Trusts Act, corporations under the Corporations Act 1972, both registered by the Department of Justice and Border Control; no dedicated charitable registration regime exists.",hard,Minimal corporate framework; no established charitable registration regime; local agent required for any entity,"Trust registration fee unpublished; processing a few weeks; there is no established charitable registration regime and a local agent on the island is required, making foreign incorporation very hard.","No dedicated charity register; foreign founders can only form IBC/trust via offshore service providers; not a practical charity jurisdiction | confirm prior (no charity register; IBC-only via agent); formation often quoted as 2 business days, realistically 2-4 weeks with agent",partial,"No charitable registration regime at all; only IBC/offshore trust via registered local agent, restricted to non-resident activities","~$1,000 via agent",2-4 weeks,No charitable tax-deduction regime; IBC income tax-exempt,none notable on donors; IBC must not carry on local business,high,https://www.offshorecompany.com/company/nauru-ibc/; https://lawstrust.com/en/company-formation/nr; https://ntlinternational.com/press/setup-offshore-company-in-nauru/; https://justice.gov.nr/corporations-partnerships-associations-and-trust-registration-division/,"No broad annual accounts-filing regime is published for associations under the Corporations Act 1972; IBCs pay only an annual fee with no accounts, so ongoing compliance is minimal and largely unpublished.","Separate certification by the Finance Secretary under Business Tax Act 2016 s.6 (charitable/educational/sporting/religious purpose, no profit split); certified non-profits are exempt from business tax.","Effectively blocked for remote founders: CommBank agencies (Aiwo, Ewa) and Bank of Nauru onboard only in person and target residents; no remote onboarding exists."
Tuvalu,Yes,"Company under the Companies Act (Cap 40.08) and the Companies and Business Registration Act, administered by the Ministry of Finance; international companies under a 2009 Act.",very hard,Business registration effectively restricted to Tuvaluan citizens or Tuvalu-based businesses (per Ministry of Finance); local officers and office required,Fees are set by regulation and unpublished; registration is effectively reserved to Tuvaluan nationals and local business - practically barred for a foreign founder without a resident partner.,Explicit non-citizen registration restrictions; no practical foreign charity pathway; use a partner in Fiji/NZ instead | confirm prior (citizen-restricted local registration); adds TVD 100 local fee per Ministry of Finance; 2009 International Companies Act allows offshore IBC,no,Local business/company registration effectively restricted to Tuvaluan citizens/residents; only offshore IBC (2009 ICA) open to foreigners,~$60 local (TVD 100),4-8 weeks,No charitable tax-deduction regime,none notable,med,https://finance.gov.tv/business/; https://tuvalu-legislation.tv/cms/images/LEGISLATION/PRINCIPAL/2009/2009-0014/2009-0014_2.pdf; https://www.offshorecompany.com/company/tuvalu-ibc/,"Annual return signed by a director within 42 days after the AGM, with certified balance sheet, P&L, auditors' and directors' reports; no strike-off provision, so non-filing is a criminal offence for company and officers.","Charitable and benevolent organisation income is exempt under the Income Tax Act 1992 exempt-income schedule (purposive test, no separate tax application); no donor-deduction regime and no VAT; time unpublished.","In-person at National Bank of Tuvalu (Funafuti only, plus rare field visits); passport plus residence proof required; no remote onboarding; ANZ branch closed in 2024."
Marshall Islands,Yes,"Non-resident domestic corporation under the Business Corporations Act 1990 (P.L. 1990-91), with The Trust Company of the Marshall Islands as registered agent; trusts under the Trusts Act 1994.",medium,"Local registered agent (default: The Trust Company of the Marshall Islands, Inc.) for non-residents; no local directors required for most entities","Registry fees plus agent fees, roughly USD 500-1000 in year one; incorporation within a few days to a week; the non-resident domestic route is explicitly designed for foreign founders.","Well-developed English-language trust/registered-agent infrastructure; charitable purposes uncommon but trust structures easy to set up | confirm prior (medium, USD 300-800 incl. agent, 1-3 weeks); registry (IRI) and default registered agent confirmed; agent packages quoted from ~US$2,190",partial,"No charitable register; NRDC route requires a local registered agent (default: The Trust Company of the Marshall Islands, Inc.)",~$300,1-3 weeks,No charitable tax-deduction regime; NRDC income tax-exempt,none notable,high,https://www.register-iri.com/corporate/; https://2009-2017.state.gov/j/inl/rls/nrcrpt/2015/supplemental/239255.htm; https://lawstrust.com/en/company-formation/mh; https://www.register-iri.com/corporate/corporate-faqs/,"No accounts-filing duty; failing to pay the annual fee or keep a registered agent lapses after a year, then 90 days' notice, then proclamation revokes the articles and dissolves the entity.",Not automatic: the Non-Profit Entities Act 2020 requires a non-profit to apply to the Department of Revenue for exemption from the 3% Net Profit Tax; no donor-deduction regime; timing unpublished.,"Local banks (BancFirst, Mid Pacific Bank) require in-person KYC in Majuro; Marshall Islands IBCs are barred from local accounts, so remote foreign founders are effectively blocked."
Micronesia,Yes,"Corporations and non-profit associations under the FSM Corporations Act (FSMC Title 36), registered with the FSM Registrar of Corporations; state-level registration for local business.",medium,Registration in one of 4 states (or federally) with a local registered agent; no local-citizen director requirement,"Filing fee roughly USD 50-200, unpublished in detail; a few weeks; foreign founders may incorporate without local presence, with a registered agent in Pohnpei serving filings.","Small registries, English official; registered-agent services available; charitable framework informal - trust deed is the usual vehicle | confirm prior (medium, USD 200-600, 2-6 weeks); 100% foreign ownership and state-level LLC regime confirmed",partial,No charitable register; must register LLC/corporation in one of 4 states (or federally) with a local registered agent/office,~$300,2-6 weeks,No formal charitable tax-deduction regime,none notable,med,https://www.offshorecompany.com/company/micronesia-llc/; https://www.expanship.com/fm/blog/types-of-companies-in-micronesia; https://chandrawatpartners.com/micronesia-limited-liability-company-llc-key-insights-for-investors/; https://roc.doj.gov.fm/,Annual report to the Secretary of Finance and Administration with a $5 fee; initial report within 60 days; reports are made public. No audit threshold or strike-off deadline is published.,"No separate charitable exemption: FSM corporate income tax hits only 'major corporations' ($1M+ equity), so a small non-profit is out of scope; state-level taxes may apply; no donor deduction; timing unpublished.","In-person at Bank of FSM (Chagol); passport, TIN from Dept. of Finance, local address and initial deposit; no remote onboarding for non-resident foreign founders."
Turkey,Yes,"Foundation (vakif) under the Foundations Law No. 5736 (2008), requiring legal and factual reciprocity for foreigners; association (dernek) under the Associations Law No. 5253 (2004), registered with the provincial governor.",medium,"Foreigner may found a vakıf only under legal/actual reciprocity (Australia has no treaty, so practice relies on case-by-case reciprocity finding); majority of foundation board members must be Turkey residents; a local registered office address is required.","Foundation registration fee around USD 70-140 plus notary and translation, a few weeks to months; an association costs little; foreign founders are allowed for vakif where reciprocity applies.","Vakıflar Genel Müdürlüğü (Foundation Directorate) handles vakıfs; dernek registration is cheaper and simpler (province governor's office, ~1 month). English paperwork accepted with sworn Turkish translation. Political/currency risk (lira volatility) is the main practical concern, not formation law. | Confirm entity types and difficulty; state fees are nominal (no US$500-1,500 official fee — that is legal service cost); add dernek 1-3 month timeline",partial,Board/officer residency plus Turkish registered office; reciprocity finding needed for a foreign vakıf founder,none,"4-12 weeks (dernek faster, vakıf 1-3 months)",No general personal deduction regime; donations to registered vakıfs tax-exempted in limited cases,"No FCRA-style donor registration; 2006 NGO law removed donor registration, but banks monitor foreign transfers (AML rules)",med,https://lawyer-turkey.com/set-up-a-foundation-in-turkey/; https://istanbullawyerfirm.com/blog/legal-requirements-foreign-ngos-operating-turkey; https://a-m.com.tr/non-profit-organization-in-turkey/; https://www.vgm.gov.tr/foundations-in-turkiye/foundations-in-turkiye/how-foreigners-establish-foundation-in-turkiye,Annual activity and income/expense statement to the provincial governorate by end of April (foreign associations by end of February); non-filing draws administrative fines and persistent breach can lead to dissolution.,Vakif registered with the Foundations Affairs Presidency; foundations are exempt from corporate tax on charitable income; donors deduct gifts up to 10% of taxable profit (uncapped for listed); no VAT exemption.,"In-person branch visit; passport, Turkish tax number, local SIM and address proof; non-residents allowed under BDDK/AML rules but no remote route for account opening."
Georgia,No,Association or foundation (non-profit legal entities under Civil Code art. 24); optional public-benefit status; registered by the State Registry Agency (PSDA).,easy,"Single founder (any nationality), a Georgian registered address (virtual/agent addresses accepted), no minimum funding.","State fee 990 GEL + 244 GEL (~$270 total, 2025 rates); online filing at PSDA, 3-10 days to certificate.","Registration via Public Service Development Agency portal; English-language interface and English filings accepted. Most user-friendly regime on this list; popular with foreigners. Watch 2024–25 political instability — no effect on registration itself, but banks may apply enhanced due diligence to new entities. | Confirm prior; fee ~GEL 25 (~$9) state fee confirmed, single foreign founder permitted, online via PSDA portal",yes,None notable; a Georgian registered address is required and virtual/agent addresses are accepted,~$10,"3-10 business days, fully online","Donations to public benefit organizations eligible for deduction; individual deduction capped (30% of taxable income, PBO portion 20%)","None notable; no donor registration, no foreign-agency trigger for standard foreign private donations",high,https://georgia-assistant.ge/en/our-services/business-registration-in-georgia/registration-of-npos-in-georgia/; https://www.gegidze.com/post/company-registration-in-tbilisi-step-by-step-for-foreign-fou; https://matsne.gov.ge/en/document/view/16054,To keep the income-tax exemption the charity must stay registered with the Revenue Service and file annual reports with program information and audited financial statements; no strike-off deadline is published.,"Charitable status confirmed by the State Tax Service (charitable purpose, no profit distribution); charitable income exempt; donors deduct gifts up to 10% of taxable income (art. 117); 1-month decision.","Remote opening possible via notarised power of attorney to a local representative (2-4 weeks, full KYC, refusals possible); in-person alternative also available."
Armenia,Yes,"public organization (հասարակական կազմակերպություն), foundation (հիմնադրամ)",medium,"Foreign citizens may found NGOs; a local (Yerevan/Armenian) registered office is required; documents in Armenian (or Russian, widely accepted in practice).","Minimal state fee (~600 AMD, under US$2), ~10–15 business days","Registration via public services (e-gov) system; apostille/translation of foreign documents needed. Post-2020 South Caucasus realignment has not tightened NGO law; Armenia is one of the more open CIS-adjacent jurisdictions for foreigners. | Correct fee: state duty is 10,000 AMD (~$25), not ~600 AMD (<$2); NGOs need 2+ founders, foundation 1; 10-15 business days confirmed",partial,"Armenian registered office required (agent can provide); docs in Armenian, notarized translations needed",~$25,2-6 weeks with a local agent handling filings,Donations to registered public-benefit NGOs deductible up to 5% of assessable income (individuals),"None notable; no donor registration, no foreign-agency regime for ordinary donations",med,https://armenian-lawyer.com/business-immigration/register-nonprofit-organization-armenia/; https://www.am.business/foundation; https://lawzana.com/legal-questions/armenia/how-do-i-register-a-charity-in-armenia-and-legally-accept-foreign-donations-3799,"Charities file an annual activity report to the Governmental Commission; audit is mandatory above 5,000,000 AMD (raised to 10,000,000 AMD); CSOs receiving public resources must report openly.",NPOs registered with the Justice Ministry; donations and goods for charity are VAT-exempt and charitable activity is profit-tax-privileged; donor deduction capped at 0.25% of taxable profit.,"Partially remote-friendly: Evocabank onboards non-residents fully online via app; other banks (Amria, Converse) require an in-person branch visit or POA under Central Bank AML rules."
Azerbaijan,Yes,"public association (ictimai birlik), foundation (fond)",very hard,"Foreign citizens may formally be founders of a fond, but all board/officer control must be locally resident; August 2025 amendments prohibit banking operations with foreign financial sources for NGOs and add heavy fines, effectively barring foreign-funded charities.","State fee modest (~1,000 AZN equivalent), but real-world processing 1–3+ months with high rejection risk","Azerbaijan is among the most restrictive NGO jurisdictions in Europe/Caucasus: repeated waves of 2024–2025 legislation on foreign funding, de-foreignization of the sector, and administrative fines. Even if a fond is registered, receiving Australian donor funds is practically blocked; political risk is extreme. | Confirm very hard; 2025 restrictions (foreign funding bans, fines) validated; registration technically possible but functionally blocked for foreign-funded charities",no,2025 amendments ban NGO banking operations with foreign financial sources; local resident control plus prior approvals required,~$150,1-3+ months with high rejection risk,No meaningful personal charitable deduction regime for foreign founders in practice,"Foreign donor pre-registration/approval required; foreign-funded contracts need justice ministry registration; heavy fines (1,500-2,500 AZN) for breaches",high,https://www.icnl.org/wp-content/uploads/Article-Guluzade-foreign-funding-in-Azerbaijan-fv.pdf; https://www.instituteforhumanrights.org/post/azerbaijan-tightens-grip-on-ngos-with-new-laws-and-stiffer-fines; https://oc-media.org/azerbaijan-restricts-banking-operations-related-to-foreign-financial-sources/,Annual financial reports to the Ministry of Justice are due by 1 April; the 2000 NGOs Law also requires notifying changes; non-compliance exposes the NGO to administrative penalties; strike-off deadline unpublished.,No automatic income-tax exemption: NCOs pay 20% profit tax; Tax Code art. 106.1.18 adds a limited donor deduction for supporting social-purpose foundations (2023); no VAT exemption.,Central Bank allows non-resident accounts but banks routinely demand a residence permit and an in-person branch visit; no remote onboarding; AML checks strict.
Kazakhstan,Yes,"public association (қоғамдық бірлестік / IiO non-profit partnership), foundation (қор)",medium,Foreign citizens can be founders (foreign legal persons generally cannot); a local registered address in Kazakhstan is required; filings in Kazakh (Russian accepted in practice).,"Small state fee (~500–2,000 KZT), 5–10 business days via single-window registration","Registration with the Justice Committee/region. Kazakhstan's 2023 NGO reform simplified formation, but annual reporting and foreign-funding reporting obligations are strict. A Mongolian dual citizen faces no special preference — treated as a foreign founder. | Confirm prior; small/none state fee, 5-10 business days via single window confirmed; foreign natural persons can be founders, foreign legal persons generally cannot",partial,Kazakh registered address plus notarized Kazakh/Russian translations; foreign-funding reporting obligations apply,none,2-6 weeks with a local agent,Donations to qualifying public-benefit NPOs deductible up to 3% of assessable income (individuals),Foreign funding subject to registration/reporting with authorities; 'foreign influence' triggers reporting (foreign-agent-style rules since 2022),med,https://www.gov.kz/services/3932?lang=en; https://crd.org/2023/10/19/kazakhstan-abolish-the-foreign-funding-register/,Even tax-exempt NPOs must file income tax returns and comply with state reporting and re-reporting under the Tax Code; no charity-specific annual deadline or strike-off consequence is published.,NPOs registered with the Justice Committee under the Tax Code's NPO regime: charitable contributions received are not income and charitable operations are VAT-exempt; donors get a limited deduction (2022).,Since April 2025 non-resident accounts open only via e-Residency partner banks with their own AML/KYC checks; IIN required; in-person card issuance; refusals common.
Uzbekistan,Yes,"public organization (jamoat birligi), charitable foundation (xayriya jamg'armasi)",medium,Uzbek citizens must constitute a core of founders (a sole foreign founder is generally not acceptable for a jamoat birligi; a foundation allows a foreign founder with local participation); local registered office required; Uzbek-language filings.,"Near-zero state fee, ~5 business days via one-stop window (2023 reform)","The 2023 Presidential Decree modernized NGO registration (simplified one-stop process, e-filing), making formation the easiest phase; ongoing supervision and foreign-funding disclosure remain tight. Use a local partner or registered agent; Russian widely accepted in business practice. | Confirm medium difficulty; 2023 reform (Presidential Decree UP-111) streamlined one-stop-shop registration; fee nominal; time 4-10 weeks prior estimate is realistic end-to-end",partial,Registered address in Uzbekistan (agent-provided) plus notarized Uzbek/Russian translations; bank account setup needs local handling,none,2-6 weeks with a local agent,No general personal charitable deduction regime of practical relevance for donors,Foreign grants/donations subject to registration/notification with authorities; NGO activity in regulated areas needs ministry approval,med,https://investmentpolicy.unctad.org/investment-policy-monitor/measures/4559/uzbekistan-introduces-one-stop-shop-and-other-services-to-assist-investors-; https://itpark-uzb.de/en/posts/how-to-register-a-business-in-uzbekistan-a-complete-guide-fo,Tax-exempt non-commercial organizations must still file income tax returns and audited accounts under the Tax Code; entrepreneurial income is taxable; no charity-specific deadline or strike-off rule published.,Registered with the Justice Ministry; 'charitable organization' status itself gives no special benefit - registered NNOs are generally income-tax exempt on non-commercial charitable income.,Remote opening for non-residents allowed under Central Bank procedure in force since May 2023; TBC UZ app supports app KYC with courier signing; in-person also possible.
Turkmenistan,Yes,"Public association (Law No. 70-V of 3 May 2014, as amended) — formed only with state registration consent via the Ministry of Justice; charitable activity may be conducted without an entity under the Law on Charitable Activity (2017).",very hard,NGOs can only be created with the explicit approval of the relevant state organ; there is no independent NGO registration path and no mechanism for a foreigner to found one.,"Fees last published ~86 USD local PA / ~143 national (400+ members) / ~571 international (2004 decree No. 6547, 2010 order, via ICNL 2018); current official fee schedule and processing time unpublished (as of 2026).","Turkmenistan effectively has a state monopoly on civil society; no functioning independent charity sector, no English-language process, and no published cost/time. Not a viable jurisdiction for this founder; do not invest time here. | Escalate difficulty from medium to very hard: prior context understates the closed nature of Turkmenistan's NGO sector; no realistic foreign registration path | [verified] Law No. 70-V Art. 1: public associations are formed by citizens of Turkmenistan only; no foreign-founder route; foreign aid/programs need state registration (2013 presidential resolution). | Correction: Sources column cites ICNL's Tajikistan page; the Turkmenistan report URL is icnl.org/resources/civic-freedom-monitor/turkmenistan.",no,In practice registration of independent civil society organizations by foreigners is not possible; government-only NGO sector,unknown,Not achievable for a foreign founder,None notable; no practical charitable deduction regime,Foreign funding effectively blocked; civil society is state-directed and foreign NGOs operate only under official government auspices,med,https://www.icnl.org/resources/civic-freedom-monitor/tajikistan; https://civicspacebarometer.org/profile/turkmenistan/; https://www.icnl.org/resources/civic-freedom-monitor/turkmenistan,"Associations register with the Ministry of Justice (Turkmen-citizen founders, registration fee); no annual report deadline, audit threshold or strike-off consequence is clearly published under the 2014 law.","Associations need Justice Ministry consent plus state registration; a charity foundation can only be created by government decree (5+ citizen founders); law provides tax benefits, detail sparse.",Effectively blocked for remote founders: no remote onboarding; foreigners need local work/residence status and in-person branch visit with originals under strict currency-control rules.
Tajikistan,Yes,"Public association registered with the Ministry of Justice (Law on Public Associations, art. 21 state registration); foreign participation restricted.",hard,"Foreign citizens may be founders, but registration is in-person in Dushanbe (Ministry of Justice), requires Tajik/Russian-language documents, a local legal address, and notarized/apostilled paperwork.","Registration fee set by government decree, amount unpublished; Ministry of Justice processing time unpublished; foreign founders face extra authorization.","Bureaucratic, Russian/Tajik-heavy process with no e-filing; NGOs operate under a restrictive environment (post-2024 crackdowns on civil society, 'foreign agent'-style pressure). Realistic only with a local law firm handling the file; political risk is significant. | Confirm hard difficulty; state fee nominal, but prior 6-10 week timeline is optimistic — 4-12+ weeks more realistic given co-founder and approval hurdles",partial,"Resident Tajik co-founders/directors expected, Dushanbe office required; foreign funding needs justice ministry registration",none,"4-12 weeks with local support, with rejection risk",No meaningful personal charitable deduction regime for practical donors,NGOs may implement foreign-government-supported programmes only if funding is registered with the justice ministry; draft legislation further tightens rules,med,https://civicsolidarity.org/article/tajikistan-drop-draft-legislation-restricting-ngo-access-to-funding/; https://www.icnl.org/resources/civic-freedom-monitor/tajikistan; https://iwpr.net/global-voices/restrictive-ngo-law-way-tajikistan; https://egov.tj,"All public associations file income tax returns, audited accounts and grant-receipt reports; since 2019 detailed financial reports must also be posted on their websites; penalties apply, strike-off unpublished.",Public associations registered with the Justice Ministry; NPO income from charitable activity and donations is income-tax exempt under the Tax Code (2023 NCO tax guide); no donor deduction.,In-person at local banks (National Bank instruction on account opening); non-residents need full registered-entity documents and signature cards; no remote onboarding.
Kyrgyzstan,Yes,"charitable fund (ылайыктуу фонд / karyte fund), public organization, association (assotsiatsiya)",easy,A fund can be founded by a single person of any nationality; a local registered address (agent addresses work); filings in Kyrgyz (Russian accepted; English with translation in practice).,"State duty ~3,500 KGS (US$40, 2026 index), ~5 business days, e-filing via State Registration Portal","One of the easiest CIS registrations for a foreigner — a single-founder charitable fund with no local citizen requirement. Annual reporting and a local bank account required. Political volatility (2020, 2024) has not touched basic NGO registration law. | Confirm prior: single-founder fund, easy, ~2,000 KGS fee, ~5 days registration; add 2024 foreign-NGO compliance law on funding side | Verified: Foreigners can register an NPO without a local partner; 2024 foreign-representatives law targets foreign reps, not founding.",yes,Local registered address (agent address works) and a local bank account required; filings can be done remotely via e-portal,"~25-40 (state duty 3,500 KGS ~US$40 per 2026 schedule, indexed; previously quoted 2,000 KGS/US$22 is stale)",5 working days (e-filing via State Registration Portal),"Flat 10% PIT; special deductions limited, no prominent general charitable deduction cap","2024 foreign-funded NGO law: registration, onerous financial/governance reporting and monitoring of foreign grants",high,https://www.icnl.org/resources/civic-freedom-monitor/kyrgyz; https://www.legal500.com/en/intelligence/kyrgyzstan/corporate-commercial-law/on-establishing-the-amount-of-fees-for-state-registration; https://www.rferl.org/a/kyrgyzstan-foreign-agents-chill/32893000.html; https://cbd.minjust.gov.kg/4-260/edition/6030/ru,"Tax-exempt NCOs must still file returns and report revenue and property to state bodies; charities make annual reports open to the media, and fund-raisers publish an annual report of amounts collected and used.",Charitable funds registered with the State Registration Service; tax status requires charitable purpose and no profit split; charity profits are income-tax exempt (Tax Code art. 212); no donor deduction.,"23 commercial banks accept non-resident accounts; in-person branch visit with passport, beneficial-owner questionnaire and entity registration documents; no full-remote route."
Iran,No,"non-governmental organization (tashkilat-e ghayre-hozoumi / NGO), public-benefit association (ettehadiye-ye khedmat-e ghalbeye mardom)",very hard,"Registration requires Ministry of Interior (and relevant ministry) approval under the 2005 NGO Law; in practice, only Iranian nationals with an aligned political/religious profile are approved, and a foreign founder's application is not a viable path.",Nominal state fee; process 6–12+ months with a near-certain refusal for a foreigner,"All organizations must be compatible with the constitution and 'the tenets of the Islamic Republic'; independent civil society is heavily restricted and monitored (2024–25 further crackdowns). International sanctions (US/EU) make banking and funding an added hard blocker. Effectively not available to this founder; the standard workaround for Australians is a registered charity in an allied jurisdiction (e.g. Australia, Georgia, or Kyrgyzstan) operating cross-border. | Confirm prior: very hard, near-certain refusal for foreign founder under 2005 NGO law",no,"Ministry of Interior approval is discretionary; only aligned Iranian national applicants are approved, foreign founder path is not viable",none,6-12+ months (refusal near-certain),No general charitable deduction; progressive 5-25% personal income tax,Foreign-funded organizations need MOI approval; US/EU sanctions block most banking/funding channels for foreign donors,high,https://www.icnl.org/resources/research/ijnl/ngo-regulations-in-iran; https://iranhumanrights.org/2013/08/ministry-interior/,"Every registered NGO files an annual report of activities and financial operations to the supervising board, may be ordered to submit periodic reports, and must produce records for inspection at the board's request.","Registered NGOs (Interior Ministry) are exempt on donations, gifts and membership fees under Direct Taxation Act art. 139 if used for charter purposes per National Tax Administration approval.","Money and Credit Council rules allow foreign Rial deposit accounts, but in-person ID verification is mandatory; sanctions/AML environment leaves no realistic remote onboarding."
Cameroon,Yes,Association (Law 90/053 of 1990) and ONG (Law 99/014 of 22 Dec 1999); ONGs need 'reconnaissance' by Interior Ministry; 2017 civil-society law tightened rules.,very hard,"Foreign NGO requires prior Ministry of Interior authorization, a local legal representative and local office; filings in French.","Fees low (legalization a few thousand FCFA, ~$5); 'reconnaissance' decision time unpublished; 2017 law requires prior government approval, restrictive for foreign founders.",2017 civil-society law; heavy discretionary approval; most expats partner with an existing Cameroonian association instead. | Confirm prior. CGI 2024 confirms the 5%-of-turnover corporate deduction cap for local philanthropic bodies,partial,"Pre-authorization by Interior Ministry with heavy discretion, resident legal rep and local office; French filings",~$50-200,3-6 months,Corporate gifts deductible up to 5% of turnover to accredited bodies; no personal deduction,"No donor licensing found; Interior authorization is discretionary, donations to unauthorized NGOs may be barred",high,https://www.impots.cm/en/actualites/general-tax-code-edited-1st-january-2023; https://taxsummaries.pwc.com/republic-of-cameroon/corporate/deductions; https://www.icnl.org/research/library/cameroon_ngo/; https://icnl.org/research/library/cameroon_ngo/,"Associations file a tax return within 3 months of fiscal year-end with OHADA accounting documents; foreign and religious ONGs need Interior authorisation, local non-religious ones declare; no audit threshold.","Association declared with the Interior Ministry; ONG status needs a separate 'agrement'; recognised ONGs are exempt from income tax, registration duties and VAT (Law 99/014 art. 18); no donor-deduction regime.",In-person branch visit under BEAC/CEMAC rules; NGO accounts additionally need Interior Ministry reconnaissance; foreigner onboarding requires passport and physical presence; no remote.
Central African Republic,Yes,"Association declared under civil code; ONG status via 'agrement' (administrative act) under the law governing ONGs, which covers national and international ONGs.",very hard,"Government authorization for foreign associations, local representative and local office; filings in French.",Declaration fee minimal (~$10-20); 'agrement' grant time unpublished; international ONGs need state authorization before operating.,Conflict-affected with weak administration; security risk for on-ground work; few foreign NGOs operate legally. | Confirm prior. FAOLEX law text (caf213189) confirms the ONG statut is conferred by ministerial arrêté to authorized associations,partial,"Ministerial agrément (FAOLEX Art. 18), local rep, office; weak administration, conflict, few foreign NGOs legally",~$50-150,"1-3 months, often longer",No general personal deduction regime found; treat as no standard deduction,none notable,med,https://faolex.fao.org/docs/pdf/caf213189.pdf; https://freedomhouse.org/country/central-african-republic/freedom-world/2024,"ONGs file an annual activity programme by the last working day of November and, 3 months after year-end, an execution report with financial statements; sanctions: 3-month notice, suspension, withdrawal of ONG status.",Association declared under the civil code; ONG status requires the state's administrative 'agrement' (ONG law) to act nationally; the CGI grants limited exemptions to recognised ONGs; detail sparse.,"In-person at local banks (COBAC-supervised, mostly Bangui) after arrival; passport and entity documents; ONG accounts need administrative agrement; no remote onboarding."
Chad,Yes,Association under Ordinance 023/PR/2018 of 27 June 2018; international NGO regime under Law 05/2012 of 17 Feb 2012; registration with Interior Ministry.,very hard,"Foreign NGO needs prior Ministry of Interior approval, resident legal representative and local office; filings in French.","Fees minimal, amounts unpublished; decision time unpublished; INGOs need ministry agreement - foreign founders can only register as INGOs with a local partner.",2017 NGO law replaced the 1967 framework; political instability since 2020; approval is slow and discretionary. | Confirm prior. FAOLEX association law plus Amnesty legal review confirm the authorization regime and regular renewal,partial,"Prior Interior authorization for foreign association (withdrawable anytime), resident legal rep, office",~$50-150,2-6 months,No general personal deduction regime found; treat as no standard deduction,none notable,med,https://faolex.fao.org/docs/pdf/cha208250.pdf; https://www.amnesty.org/fr/wp-content/uploads/sites/8/2021/05/AFR2092402018FRENCH.pdf; https://itie-chad.org/ordonnance-n023-pr-2018-portant-regime-des-associations/,"Associations register under the 1962 ordinance and must report any change of administration, direction or bylaws to the State within 30 days; the tax administration also requires a report disclosing payments made.",Association registered with the Interior Ministry (Ordinance 023/PR/2018); international NGOs need extra authorisation (Law 05/2012); no charitable income-tax exemption - NPO income faces 10% profit tax.,In-person at N'Djamena banks under COBAC rules; NGO accounts require CICA and Interior Ministry agreement; non-resident remote onboarding not available.
Republic of the Congo,Yes,"Association declared under the French law of 1 July 1901 (still in force in Congo-Brazzaville); legal personality on declaration to the prefecture, receipt (récépissé) from the Ministry of Interior; ONG status by ministerial decree.",hard,Ministry of Interior accreditation (agrément) plus local legal representative and local office for foreign NGOs; filings in French.,"Creation tax 15,000 FCFA (~$23) per 2025 local guide; no official fee schedule published; processing time unpublished (as of 2026); ONG decree adds further unpublished administrative delay.","French-language bureaucracy; accreditation is discretionary; stable enough for a registered agent/representative to work. | Confirm prior. JO 2017 issuances show active association declaration regime; prior context thin on specific legal citations | [verified] no statutory bar on foreign founders, but the filing needs a legalized local legal seat and national ID copies for every executive-body member, so a remote founder requires a local office and Congolese executive/representative; filings in French. | Correction: Mechanism confirmed officially (1901 law; prefectural recépissés in JO through 2026); fee 15,000 FCFA per local guide, time unpublished; confidence med.",partial,"Interior accréditation, local rep, office; discretionary; JO 2017 shows active 1901-style association framework","~$23 (creation tax 15,000 FCFA)",1-4 months,No general personal deduction regime found; treat as no standard deduction,none notable,med,https://sgg.cg/JO/2017/congo-jo-2017-37.pdf; https://www.unicongo.cg/document/loi-du-1er-juillet-1901-relative-au-contrat-d_association/,NGOs declared under the 1901-style law follow corporate rules: annual tax return plus CEMAC/OHADA accounting forms; no NGO-specific reporting beyond corporate returns; no strike-off deadline published.,Legal personality is automatic by declaration at the prefecture under the 1901 French law; no automatic charitable tax exemption - income taxed under the CGI; 'reconnaissance d'utilite publique' is separate.,"In-person at CEMAC banks (SG CIB, BICEC etc.); association accounts need prefecture declaration/registration; no remote onboarding for non-resident foreign founders."
Congo (DRC),Yes,ASBL (non-profit association) or EUP (public utility establishment) under Law 004/2001 of 20 July 2001; legal personality granted by the Minister.,very hard,Congolese national legal representative is mandatory; foreign NGO approval from Ministry of Interior; local office.,Fees low (~$10-30 for filing and publication); ministerial decision time unpublished; foreign nationals may be founders.,Slow and heavily scrutinized; security risk in the east; most expats work through an established local partner. | Confirm prior. ICNL and OHCHR sources confirm Justice-ministry registration under the 2002 NGO law framework,partial,"Congolese-national legal rep mandatory, Justice ministry registration plus line-ministry approval, local office",~$100-300,3-9 months,No general personal deduction regime found; treat as no standard deduction,none notable,med,https://www.icnl.org/wp-content/uploads/Democratic-Republic-of-the-Congo_lawcongo.pdf; https://www.icnl.org/resources/civic-freedom-monitor/democratic-republic-of-the-congo; https://www.unocha.org/publications/report/democratic-republic-congo/guide-pratique-pour-la-constitution-des-ong-en-republique-democratique-du-congo; https://www.droitcongolais.info/files/211.07.01-Arrete-du-20-juillet-2001_ASBL.pdf,ASBL/EUP regime (Law 004/2001 of 20 July 2001): a foreign ASBL needs presidential authorization to operate; an annual activity report is expected; sanction for non-compliance is withdrawal of the authorization.,"ASBL/EUP registration (Law 004/2001) makes it a public-utility entity: automatic income-tax exemption on non-commercial activities, customs relief, and donor deduction under DGI rules; no separate application.","Effectively blocked remotely: banks (BCC-supervised) require in-person branch visit, local tax ID (NIF) and local address; no remote onboarding for non-resident entities."
Gabon,Yes,"Association under Law 35-62 of 10 Dec 1962; declared to the prefecture, legal personality on declaration; ONGs need technical 'agrement'.",hard,"Ministry of Interior accreditation, local legal representative and local office; filings in French.","Declaration fees minimal (~$10); legal personality on filing, processing time unpublished; 'agrement' required for ONG scope.",French-language process; post-2023 political transition adds uncertainty to approvals. | Confirm prior. JO confirms loi n°001/2011 governs associations; CGI confirms 0.1%-of-turnover corporate deduction cap,partial,"Interior accreditation (loi 001/2011), local rep, office; French filings; post-2023 transition adds uncertainty",~$50-200,2-6 months,Gabon CGI: gifts to local general-interest bodies deductible up to 1/1000 (0.1%) of turnover,none notable,med,https://www.journal-officiel.ga/19743-00003-msas-cab-m-/; https://cdn-cms.f-static.com/uploads/2021660/normal_5c93abf2ad8a1.pdf; https://www.clientearth.fr/media/ud2pbmtp/1962-12-10-loi-n-35-62-du-10-decembre-1962-relative-aux-associations-gabon-ext-fr.pdf,Associations Law 35-62 (1962): one-time declaration to the prefecture with a 15-day receipt; no recurring annual filing regime is published; the administration or courts can order dissolution of the association.,Declaration to the prefecture gives legal personality (Law 35/62); 2022 tax reform auto-exempts associations from CIT on social/educational/cultural/religious member services. No separate application.,"Needs a local visit: CFA-CEMAC banks (BGFI, BICEC, SGB) require in-person KYC with passport, residence permit and local address; remote opening not available for foreign entities."
Equatorial Guinea,Yes,Association under Law 11/1992; NGO regime under Law 1/1999 of 24 Feb 1999 (national ONGs) - registration with Interior Ministry.,very hard,"Foreign NGO authorization from Ministry of Interior, local representative and local office; filings in Spanish/French.","Fees unpublished; registration time unpublished; restrictive environment, foreign founders face prior-authorization practice.",Highly centralized regime; approval is slow and discretionary; narrow civil-society space; Spanish (and French) bureaucracy. | Confirm prior. Clarence Abogados and ICRC confirm Law 1/1999 NGO regime with Registro Nacional de las ONG,partial,"Law 1/1999: national registry registration plus authorization, local rep, office; highly discretionary and slow",~$100-300,3-12 months,Corporate gifts deductible up to 0.25% of turnover to philanthropic bodies (PWC),none notable,high,https://clarenceabogados.com/legal-article/registering-ngos-in-equatorial-guinea/; https://ihl-databases.icrc.org/en/national-practice/law-no-11999-24-february-1999-non-governmental-organisations; https://taxsummaries.pwc.com/Equatorial-Guinea/Corporate/Deductions; https://faolex.fao.org/docs/pdf/eqg143875.pdf,NGO Law 1/1999 (Interior Ministry): cumbersome registration requiring a positive line-ministry report; no recurring annual filing published; the law is used to restrict foreign funding and to dissolve NGOs.,ONG registration with the Interior Ministry (Law 1/1999) confers public-utility status; corporate-tax exemption for non-commercial income under the 2004 Tax Law. No published approval time.,Needs a local visit: BANGE/BGFIBank branches require in-person appearance with passport/residence card and local address; no remote onboarding for non-residents; rules not fully verified.
Sao Tome & Principe,Yes,"ONGs under Lei n.º 8/2012: associações, fundações e instituições de direito privado sem fins lucrativos (art. 2), constituted per the general law (Código Civil 1966); classes: nacionais, estrangeiras, internacionais (art. 6); optional ONGIP (utilidade pública) chapter (arts. 19-34), with tax and customs exemptions for ONGIP (art. 30); FONG-STP is the national NGO federation.",hard,"Escritura pública (notarial public deed) for constitution and amendments (art. 3.1); Registo Nacional das ONG's at DGRN, entry by despacho do Ministro da Justiça (art. 9.1, 9.5); registry open only to ONGs with effective activity, ≥2 years of existence and ≥10 members (art. 9.2); foreign NGO: admitted to activity of recognized public utility (art. 6.3); must partner with national entities in the same area (art. 13); local-staff preference (art. 11.2); filings in Portuguese.","Fees: unpublished (no official fee schedule; notarial deed + registration costs vary; ONGIPs exempt per Art. 30). Time: 15-day decision (Art. 9.5) + 15-day certificate (Art. 9.6) statutory; 2-6 months practical (registry needs ≥2 yrs activity, ≥10 members, Art. 9.2)","Verified against Lei n.º 8/2012 full text (DAN05-IIS, 28-05-2012, 41 articles). Prior 'declaration' framing was wrong: art. 3.1 requires escritura pública; no prior 'agrement' exists in the law. Registry entry by Minister of Justice despacho (15-day statutory window). Foreign founders face no nationality bar (art. 6.3), but must provide home-country gazette extract of the constitutive act (art. 9.3) or a certified constitutive act where no such publication exists (art. 9.4). Very small, under-resourced administration; Portuguese filings. | few public sources, details thin",yes,"Escritura pública (notarial deed) plus Registo Nacional entry by despacho do Ministro da Justiça (15-day statutory window, art. 9.5-9.6); registry eligibility requires ≥2 years activity and ≥10 members (art. 9.2); home-country gazette extract (art. 9.3) or certified constitutive act (art. 9.4); parceria with national entities (art. 13); very small under-resourced administration; Portuguese filings",~$50-150,2-6 months,No general personal deduction regime found; treat as no standard deduction,none notable,med,https://www.cspps.org/where-we-work/sao-tome-principe; http://fong.group-svf.com/spip.php?article29=; https://www2.camara.leg.br/saotomeeprincipe/diarios-da-an/ix-legislatura/ii-serie/4.-a-sessao/DAN05-IIS.pdf/at_download/file; https://www.cipstp.st/wp-content/uploads/2015/04/lei-das-ONG-STP.pdf,"Under Lei n.º 8/2012 (associations, foundations, non-profit institutions) the entity registers with the ministry; no recurring annual filing regime is published; dissolution is provided by the law.","NGO law (Lei 8/2012) registers associations and foundations, but the tax code has no specific charitable-exemption regime; no automatic income-tax exemption, relief is case-by-case; no published time.","Personal accounts can be opened remotely by intermediaries, but an NGO corporate account in practice needs in-person KYC in the capital with local address and NIF tax number."
Rwanda,Yes,"NNGO (national NGO) under RGB (Rwanda Governance Board, est. by Law 56/2016) - certificate of legal personality; INGOs need separate authorization.",hard,"Foreign NGO needs 2+ years' existence abroad, a local partner and Rwandan legal representative; Rwandan majority board for national NGOs.","Registration fee 300,000 RWF (~$25), non-refundable; RGB must decide within 60 days; paid electronically at e-imiryango.rgb.rw.","Strict, well-enforced 2016 NGO Act; English/French/Kinyarwanda; many expats operate through Rwandan partners rather than foreign registration. | Regulator is now Rwanda Governance Board (RGB), successor to MIDRRP; Law 01/2016 governs NGOs; official fee 300,000 RWF (~$24)",partial,"INGO registration needs a partnering line-ministry MoU, a Rwandan office structure and a named local representative","~$24 (300,000 RWF non-refundable)",3-6 months (statutory feedback within 90 days),Donations to registered/qualified institutions deductible; modest cap (30% of tax base),"No FCRA-style ban, but INGOs need funding-commitment proof, ministry MoU and RGB monitoring/revocation powers",high,https://www.rgb.rw/1/civil-society-faith-based-and-political-organisations/non-governmental-organisations,"All registered NGOs/INGOs must file an annual audited financial report to the RGB by 31 March (Law 058/2024); non-filing leads to suspension of legal status, loss of donor eligibility and fines; 10-year record retention.",RGB certificate of legal personality (NNGO) grants tax-exempt status under the 2022 Income Tax Law for public-interest missions; donor gifts deductible up to 1% of company turnover. INGOs need separate RGB authorization.,"Needs a local visit: banks (Bank of Kigali, I&M, KCB) require physical attendance for in-person interview under AML Law 75/2019; non-resident business accounts need a trip to Kigali."
Burundi,Yes,Non-profit association under Law 1/02 of Jan 2017 (framework law replacing decree-law 1/11 of 1992); registration with Interior Ministry.,very hard,"Prior approval from the Ministry of State for Humanitarian Affairs, local representative and local office; filings in French.",Fees unpublished; decision time unpublished; 2017 framework law tightens state monitoring - effectively difficult for foreign founders.,Multiple foreign NGOs have been expelled; very high political risk; approvals are discretionary and often denied. | Governing law is Law 02/2017 on associations (plus 2017 ministerial ordinances); confirms very hard and politically risky,partial,"Foreign associations need prior government approval (Ministry of Interior/Humanitarian Affairs), local representative and office; high refusal/suspension risk","~$50-200 (discretionary, not well published)","3-12 months, high refusal risk",Limited/donor incentives not well established for foreign donors,Foreign NGOs periodically suspended by security council (e.g. 2021) and required to re-register; approvals discretionary and political,med,https://presidence.gov.bi/wp-content/uploads/2017/04/loi-02-2017.pdf; https://www.iwacu-burundi.org/englishnews/over-eighty-foreign-ngos-re-registered/,NPA Law 1/02 (Jan 2017) replaces the 1992 decree-law; associations register with the Interior Ministry; the law provides dissolution as the sanction; no recurring annual filing regime is published.,"ASBL registration with the Interior Ministry (Law 1/02, 2017); tax and customs relief for NGOs granted case-by-case by the OBR under the ONG framework law. No separate exemption status; no published time.","Needs a local visit: banks in Bujumbura (BCB, BCB) require in-person appearance with passport and proof of residence; standard AML/CFT checks, no remote opening for foreign entities."
Uganda,Yes,"NGO registered with the National Bureau for NGOs under the NGO Act 2016 (categories: indigenous, regional, continental, foreign, international); CBOs registered at district level.",hard,Local NGOs need a Ugandan majority board; foreign NGOs register with Ministry of Internal Affairs with a resident legal representative and must route funds via Ugandan bank accounts.,"Registration fee UGX 100,000 (~$27) indigenous, UGX 520,000 (~$135) foreign org; permit time unpublished; foreign NGOs must register in the 'foreign' category.","2016 Act tightened foreign-funding rules; expats usually partner with a Ugandan-led CSO instead of foreign registration. | Confirm prior: NGO/CSO Act 2016, National NGO Bureau (ngobureau.go.ug), resident legal rep + local bank account requirements",partial,"Foreign NGO must have a Ugandan-resident legal representative, local office and route funds via Ugandan bank accounts",~$27-135 (UGX 0.1-0.52M registration; statutory NGO range up to UGX 5M),3-9 months,"Donations to registered NGOs deductible, capped at 10% of tax base","No ban, but NGO/CSO Act 2016 ties foreign funding to registration, bank-account reporting and source-of-funds disclosure",high,https://www.ngobureau.go.ug/en/fees-regulations; https://www.ngobureau.go.ug/en/services/registration-of-a-foreign-ngo; https://ngobureau.go.ug/en/services/registration-of-a-new-ngo,NGO Act 2016 (2019 Guidelines): file annual returns with the NGO Bureau within 6 months after year-end; non-filing leads to suspension of the permit/registration; operating unregistered is a criminal offence.,"NGO Bureau registration (NGO Act 2016) first, then URA application for charitable status: exempts income of religious/charitable/educational/public institutions (2024 Amendment Act); donor deduction available.","In-person at major banks (Stanbic, Absa, DFCU): passport, URA TIN, board resolution and named signatories; no local address required for foreign-registered entities, no remote opening."
Tanzania,Yes,"NGO under the NGO Act 2002, registered at district/regional/national level with the Community Service Registration Board; INGOs via national level.",hard,Two-thirds Tanzanian directors (2021 amendments); foreign-funded NGOs register with the NGO Commission; local office.,"National-level fee TZS 115,000 (~$45); online via nis.jamii.go.tz; processing time unpublished; INGO registration ~USD 267 incl. stamp duty.","2021 amendments tightened foreign-funding thresholds and local-content rules; English/Swahili; NGO Commission is strict. | Core law is NGO Act (No. 22 of 2002, as amended); the 2021 tightening was a draft NGO Bill, not enacted law - earlier '2021 amendments' note overstated",partial,NGO Commission registration requires local office and international NGOs need 5+ members incl. at least 2 Tanzanians,~$45 (TZS 115k; ~$267 incl. stamp duty for INGO),3-9 months,Donor tax deductions limited; registered NGOs largely tax-exempt on revenue,Foreign-funded NGOs register with NGO Commission; funding thresholds and reporting monitored; no outright ban,med,https://www.jamii.go.tz/services/ngos-registration; https://www.icnl.org/post/tools/legal-and-reporting-requirements-toolkit-tanzania; https://tanzlii.org/en/akn/tz/act/2002/24/eng@2019-06-30,NGO Act 2002 s.29: each NGO files an annual public activities report and an annual audited report to the Council/Board; missing 2 consecutive years without reasonable cause presumes cessation - suspension/cancellation.,Charitable status is not automatic: NGO registration plus separate TRA approval; Finance Act 2024 added health and environmental protection as qualifying purposes. Donor gifts deductible up to 10% of income.,"Needs a local visit: banks (CRDB, NMB, Stanbic) require in-person application with passport, TIN and proof of residence; foreign NGOs register at national level; no remote onboarding."
Kenya,Yes,NGO under the NGO Co-ordination Act 1990 (NGO Board); PBO under the PBO Act 2013 (PBOR) - the more common charity form.,medium,"Foreign organizations need resident Kenyan directors, a KES 100,000 bank deposit and NGO Commission registration; local office.","NGO fee KES 16,000 domestic (~$120) / KES 30,000 international; PBO registration ~KES 3,000-5,000; processing time unpublished; foreign founders allowed.","English-language, well-trodden expat route; many Australians register as foreign organizations; strong NGO infrastructure. | NGO Act 2003 was repealed - current framework is PBO Act, 2013 (Cap 134) under PBORA, not the NGO Commission/NGO Act route",partial,Foreign PBOs need Kenyan-resident officers and a Kenya office; PBORA registration via eCitizen,"~$40-100 (PBORA registration, name reservation KES 1,000; old NGO Act KES 100,000 deposit no longer the route)",1-3 months,Donations to registered PBOs deductible; 30% of tax base cap,"No FCRA-style ban; foreign PBOs must register with PBORA, keep Kenya office and file annual reports",high,https://www.pbora.go.ke/register-pbo; https://pbora.go.ke/faqs; https://ngoboard.ecitizen.go.ke/,PBO Act (in force 14 May 2024): PBOs file audited accounts plus an annual report to PBORA by 31 March; non-filing exposes the PBO to fines and deregistration - PBORA has already cancelled thousands of CSO registrations.,"PBO status from PBORA, then a separate KRA application for income-tax exemption under Income Tax Act para 10: exempts qualifying receipts; donor deduction (30%). Approval takes several months; no deadline published.","In-person at branch under CBK AML/KYC rules; NGO accounts require at least one Kenyan-resident board member as signatory plus an NGO Board recommendation letter, so a local representative is needed."
Comoros,Yes,Association under Law 86-006/AF of 30 May 1986 (art. 9 restricts foreign associations); international NGOs require 'agrement' per Decree 20-101/PR of 31 July 2020.,hard,"Foreign NGO approval from Ministry of Interior, local representative and local office; filings in French.","Fees minimal, amounts unpublished; 'agrement' time unpublished; foreign founders must obtain government authorization before operating.","Small islands, limited administrative capacity; political instability (2018 coup, 2024 elections); French required. | Main legal basis is Law 86-006/AF (1986) art. 9 plus Decree 20-101/PR of 31 July 2020 on NGO agrément; prior '2019 NGO law' reference is inaccurate",partial,"Foreign associations need prior government authorization (Art. 9, Law 86-006/AF) and 2020 agrément decree with local representative and office",~$50-200 (not well published),2-6 months,No meaningful donor deduction regime established,"Prior authorization mandatory; agrément (decret 20-101/PR, 2020) granted by Ministry of Foreign Affairs; civil-society space restricted",med,https://justice.gouv.km/texte/loi-n86-006-af-du-30-mai-1986-relative-au-contrat-dassociation/; https://alwatwan.net/politique/coop%C3%A9ration-internationale-i-les-ong-%C3%A9trang%C3%A8res-sensibilis%C3%A9es-sur-les-nouvelles-modalit%C3%A9s-doctroi-des-agr%C3%A9ments.html,"Loi 86-006/AF: legal capacity by one-time declaration to the prefecture (15-day receipt, JO); no recurring annual filing; officer changes reported within a month; reconstituting after dissolution is criminal.",Associations declared under Law 86-006/AF; international NGOs need ministerial agrément. CGI (2011) corporate tax applies only to commercial activities; no separate charitable-exempt status regime; no published time.,"Needs a local visit: opening an account in Moroni requires in-person appearance with passport, residence permit and local address; offshore non-resident accounts do not suit charity banking."
Madagascar,Yes,"ONG under Law 96-030 of 14 Aug 1997 (special regime, Decree 98-711 of 1998); association by declaration - legal personality on declaration.",medium,Foreign NGOs accredited via Ministry of Foreign Affairs with a local legal representative and local office; filings in French.,"Fees minimal (~$10-20); decision time unpublished; foreign founders can establish ONGs; national scope by declaration, international via authorization.","No local-citizenship board rule; political instability since 2023; French-language process, local agent usable. | Confirm prior; core law is Law 96-030 (1996) + Decree 98-711; MFA accord de siege route confirmed by French diplomatic services page",partial,Foreign NGOs need an 'accord de siege' (headquarters authorization) from the Ministry of Foreign Affairs plus local representative/office,~$100-300,2-6 months (agrément decision target 2 months per Decree 98-711),Donor deductions limited; registered NGOs can be tax-exempted,No FCRA-style ban; foreign NGOs accredited (agrément) under Law 96-030 with MFA involvement; no local-citizenship board rule,med,https://www.diplomatie.gov.mg/images/ppd/loi-n-96-030.pdf; https://mg.diplomatie.gouv.fr/informations-administratives-et-documents-telecharger,Law 96-030 + Decree 98-711: associations operate under a prefectural authorization (agrement) regime; an annual activity report is expected; sanction is withdrawal of the authorization (deadline per Decree 98-711).,"Legal personality on declaration (Law 96-030/97, Decree 98-711); approved ONGs get exemptions on import duties and certain taxes under the law's fiscal/customs chapter; no separate donor-deduction regime published.","Needs a local visit: banks (BOA, BMOI, MCB) require in-person appearance with passport, residence permit, local address proof and NIF tax ID; minimum deposit, no remote opening."
Zambia,Yes,"NGO local/foreign (NGO Act No. 16 of 2009); trust (Trusts Restriction Act 1970, Ministry of Lands); society (Societies Act 1930)",medium,Local NGOs need a Zambian majority on the board; local office; English filings.,"Fee ZMW 1,008 (~USD 45) for international NGO, ZMW 216 annual; police clearance/fingerprints small extras; certificate within ~3 months (unpublished official SLA); trusts ~4 months","Open, English, stable; expats commonly register local NGOs with Zambian directors; straightforward process. | Governing law is NGO Act No. 16 of 2009 (not 2005); Registrar sits in Ministry of Community Development and Social Services",partial,International NGOs must register with the NGO Registrar and have a Zambian office and local representative,"~$25-100 (ZMW 500-2,000)",2-8 weeks,Donations to registered charitable institutions deductible; ~30% of tax base cap,No FCRA-style restriction; international NGOs register under the Act with standard reporting,high,https://www.mcdss.gov.zm/?page_id=1990; https://www.parliament.gov.zm/sites/default/files/documents/acts/Non-Governmental%20Organisations'%20Act.PDF; https://www.jica.go.jp/zambia/english/office/about/ngodesk/about_01.html,NGO Act No. 16 of 2009: NGOs submit annual information on activities and funds to the NGO Board and must re-register every 5 years; non-compliance leads to suspension or revocation of the registration.,"NGO Board registration (NGO Act 2009), then ZRA application for public-benefit-organisation status: exempt qualifying charitable income; donors may deduct gifts up to 15% of taxable income. No published processing time.","In-person at branch: ZRA TPIN mandatory, local address proof (<3 months) and in-person signature collection; foreign NGOs need resident directors/signatories per bank CDD."
Malawi,Yes,"NGO, local or foreign (NGO Act 1997 / No.6 of 2001, amended 2022); incorporated company (Companies Act); trust (Trustee Act 1956)",medium,Local NGOs need a Malawian majority (two-thirds) board; local office; English filings.,"NGORA fee MK 250,000 (~USD 145) + CONGOMA incorporation (~USD 30); 2-8 weeks; no published official time. Requires >=2 Malawian-citizen directors/trustees.","English-language, moderate bureaucracy; receiving foreign funds requires NGO registration. | Corrected: two-thirds Malawian board is not the rule - the Act requires >=2 Malawian-citizen directors/trustees; NGORA fee MK 35k + CONGOMA MK 55k; 2-8 weeks realistic",partial,>=2 Malawian-citizen directors/trustees required; local office plus NGORA and CONGOMA filings,~$50-100,4-10 weeks,Deductible to ZRA-approved charitable institutions; verify current caps,Foreign NGOs require separate NGORA registration; foreign funding only via registered NGO,med,https://malawilii.org/akn/mw/act/2001/6/eng@2014-12-31; https://ngora.mw/registration/; https://www.icnl.org/resources/civic-freedom-monitor/malawi,"NGO Act s.22: within 6 months of year-end lodge audited accounts, an annual report of activities and an administrative return with the NGORA; non-compliance carries a MK 1m fine and suspension/deregistration.",NGO Board registration; Taxation Act exempts income of clubs/societies operated for social welfare or civic improvement; donors get deduction for donations to public charitable organisations. No published approval time.,"Needs a local visit: banks in Lilongwe/Blantyre (StandChart, Centenary, FCB) require in-person appearance with passport, TIN and local address proof; no remote onboarding for foreign entities."
Mozambique,Yes,Associations (Lei 8/91); Foundations (Lei 16/2018); Foreign NGO authorization (Decreto 55/98 via Ministry of Foreign Affairs); 2022 NGO law proposal (Lei OSFL) still pending,medium,"Foreign NGOs register with the Ministry of Foreign Affairs, with a Mozambican legal representative and local office; filings in Portuguese.","Registry fees low (tens of MZN); notary/agent ~USD 200-1,500 total; association weeks-3 months; foreign NGO MFA authorization 2-6 months (unpublished); local legal rep required",Portuguese-language process; a hired local manager can serve as legal representative. | Confirm prior; core law is the NGO law (Lei 31/2002) with foreign-NGO regime via MFA; 2-6 months realistic; fee figure includes agent costs,partial,MFA authorization in Portuguese with a Mozambican legal representative and local office,~$100-300,2-6 months,Donations to tax-exempt public-interest entities deductible (verify),Foreign NGOs need MFA authorization + Mozambican legal rep; operating agreement required,med,https://www.hrw.org/legacy/backgrounder/africa/zimbabwe/2004/12/6.htm; https://archive.doingbusiness.org/en/data/exploreeconomies/mozambique; https://www.healyconsultants.com/mozambique-company-registration/fees-timelines/; https://disasterlaw.ifrc.org/sites/default/files/media/disaster_law/2021-08/moz20459.pdf,"Lei 8/91 (associations), Lei 16/2018 (foundations), Decreto 55/1998 (foreign NGO authorization via MFA): authorization regime with an annual reporting obligation; sanction is withdrawal of the authorization.","Association (Lei 8/91) is automatically IRC-exempt (Art. 10, Law 34/2007) if it pursues public-interest objectives without commercial activity; donors deduct donations as a fiscal benefit.","Non-residents may open accounts with NUIT tax ID, but in-person branch visit is required (BCI, Millennium BIM, FNB); foreign-authorized NGOs need local address and resident signatories."
Angola,Yes,"Associação registada (civil association, Lei 14/91 (Associações Privadas), legal personality via registry); ONG nacional (Lei 2/26 art. 5); ONG estrangeira registered in Angola with mandatory prior habilitação (Lei 2/26 arts. 4-6)",hard,"Foreign NGO authorization from Ministry of Interior, local legal representative and local office; filings in Portuguese.","Official fee unpublished; est. USD 300-1,500 total (counsel, notary, translations); prior habilitação authorization + registry; 3-12 months; foreigners need a local representative/office",Slow Portuguese-language bureaucracy; cautious approach needed for sensitive activities; few foreign charities register directly. | Confirm hard/3-12 months; note Lei do Estatuto das ONG (Law 2/26) now requires prior authorization for all NGOs; AOA 100k-500k = ~$100-500,partial,Prior government authorization; foreign documents must be consularly legalised; Portuguese filings,~$100-500,3-12 months,No general charitable deduction regime; verify with DGT,"New NGO law (Law 2/26) requires prior government authorization for all NGOs, including foreign",med,https://www.afriwise.com/blog/new-ngo-law-key-changes; https://www.americanbar.org/groups/human_rights/reports/angola-ngo-bill-analysis/; https://www.cmi.no/publications/8939-subverting-the-constitution-and-curtailing-civil-society-angolas-new-law-on-ngos; https://angolex.com/paginas/leis/lei-das-organizacoes-nao-governamentais-2a-26a.html,Lei 14/91 (civil associations) and Lei 2/26 (NGOs): the entity registers with the competent authority; no recurring annual filing regime is published; sanctions include dissolution/withdrawal of registration.,"Law 2/26 (2026) grants registered ONGs tax and customs benefits, incl. duty-free import of project goods; no separate donor-deduction regime; no published processing time.","In-person only (no online option): NIF tax ID is the usual bottleneck, plus passport with valid visa/resident card at a branch; banks cannot onboard foreign entities remotely."
Botswana,Yes,Society (Societies Act 2022); company limited by guarantee (Companies Act); trust (deed of trust); body established by Act of Parliament,medium,"Board of at least 3 members, local office and resident secretary; no citizenship restriction; English filings.","USD ~20-60 (society, P500-1,500) to ~190 (CLG, P4,600); no official processing time (unpublished), plan 4-8 weeks; foreigners may register but 2/3 of society office-bearers must reside in Botswana","Stable, English-language; straightforward but small-bureaucracy processing times. | Mostly confirm; common route is Societies Act (20+ members) or company limited by guarantee; resident director needed; P 500-1,500 = ~$25-75; 4-8 weeks",partial,Resident director/local members and local office; small-bureaucracy processing times,~$25-75,4-8 weeks,No general charitable donation deduction; verify with BIR,None notable; donor-funded NGOs obtain NGO certificate from National NGO Committee,med,https://www.gov.bw/labour-administration/societies-registration; https://lephutshi.com/guide-registering-ngo-botswana/; https://www.rsm.global/botswana/news/forming-not-profit-charitable-organization-botswana; https://botswanalaws.com/consolidated-statutes/principle-legislation/societies-act,Societies Act 2022 (Registrar: Dept. of Civil & National Registration): electronic re-registration was required by a February 2024 deadline; non-compliance leads to de-registration; s.9 provides cancellation.,Income Tax Act historically exempted charitable/religious/educational institutions; the 2025 Income Tax Bill replaces this with a conditional NPO regime needing approval. Donor gifts to approved institutions deductible.,"Needs a local visit: banks (StandChart, FNB, Stanbic) typically require a residence permit and in-person appearance with local address; remote onboarding not available for foreign entities."
Namibia,Yes,"Non-profit company (Sec. 21 ""company not for gain"", Companies Act 28 of 2004, BIPA); registered society (Societies Act); trust by deed (Deeds Registries Act 2015); NamRA welfare-organisation tax status",easy,No local-director requirement; local registered office/agent and English filings.,"BIPA statutory fees ~N$500-1,000 (~USD 35-70) plus Namibian notary for MOI; local office + registered agent required, no local-director rule, foreigners OK; 2-4 weeks to incorporate","English, registered agents widely available; a popular route for SADC-based charities; low regulatory burden. | Confirm prior; common route is Section 21 company via BIPA; local office + agent, no local director; NAD 300-1,000 = ~$20-70; 2-6 weeks | Verified: Documents must be notarized by a Namibian notary; non-resident directors allowed, a local agent can sign",yes,Namibia registered office and local agent required; filings via BIPA in Windhoek,25,1-4 weeks,Deductible if recipient is a registered PBO (Ministry of Finance),None notable; no licensing of foreign donors,med,https://www.bipa.na/business-registration/companies/section-21ngo/; https://www.civic264.org.na/images/pdf/2024/6/CIVIC_264_Guide_to_Setting_Up_CSOs_in_Namibia_e-_240625_121553.pdf; https://www.icnl.org/resources/research/ijnl/the-legal-and-regulatory-framework-for-civic-organizations-in-namibia; https://www.bipa.na/business-registration/application-fees/,"Companies Act 2004 ss.181-182: the NPO files an annual return and pays the annual duty to the BIPA Registrar; non-compliance attracts fines and late fees, and deregistration in serious cases.","Section 21 non-profit company must apply to NamRA for tax-exempt welfare status: qualifying income exempt, donors deduct gifts to approved organisations. No published processing time.","In-person is typical (Bank Windhoek opens permanent accounts even without residence status); some banks (Nedbank) allow remote opening via power of attorney, so a local agent can arrange it."
Zimbabwe,Yes,"PVO (Private Voluntary Organisations Act [Ch 17:05], 2005, amended 2025; local & international PVOs); trust (Law of Declaration of Trust Act [Ch 65:03]); unincorporated common-law association",hard,Local NGOs need a two-thirds Zimbabwean board; foreign NGOs register with the Ministry of Local Government with a local representative; fees in USD.,"Reg fee US$150 local / US$250 international; legal/agent extra (US$100-500); processing time unpublished, commonly 1-4 months; foreign PVOs need a Zimbabwean local representative","Political risk and restrictions on donor funding for certain activities; English language; many NGOs operate via local partnerships. | Corrected: governing law is the PVO Act [Ch 17:05], not an 'NGO Act 2005'; 2/3 Zimbabwean board for local PVO; US$100-500 and 1-4 months realistic",partial,2/3 Zimbabwean board for local PVO; foreign PVOs need a local representative; political climate,~$100-500,1-4 months,Deductible if PVO is registered under Income Tax Act (verify),Foreign PVOs must register with a local representative; politically sensitive activities restricted,med,https://hrlibrary.umn.edu/research/Zimbabwe-NGO%20laws.pdf; https://www.nangozim.org/wp-content/uploads/2025/07/NANGO-PVO-Registration-Advisory-Note-2025.pdf; https://zimlii.org/akn/zw/act/1966/63; https://www.mmmlawfirm.co.zw/the-private-voluntary-organisations-board-and-general-regulations-2026-a-guide-to-registration-governance-and-regulatory-oversight/,PVO Act (Ch 17:05): PVOs submit annual reports and audited financial statements to the Registrar of PVOs; non-filing leads to deregistration - a 2024 directive targeted about 240 non-compliant PVOs for de-registration.,PVO registration (PVO Act 2005) does not auto-confer tax exemption; ZIMRA application for income-tax exemption of qualifying receipts; donors deduct donations to approved charitable trusts (s15(2)(r)).,"In-person KYC at branch (RBZ-supervised AML) with passport and address proof; diaspora products exist for individuals, but charity/NGO accounts need in-person signing with local signatories."
Eswatini,Yes,"NPO as association not for gain (Companies Act No. 8 of 2009, s17, Registrar of Companies); NGO registration with the NGO Directorate to receive foreign funds; 2024 NPO Bill pending",medium,Local office; registration with the Registrar of Societies plus NGO unit registration to receive foreign funds; English filings.,"Fees ~USD 25-90 (SZL 500-2,000); official processing times unpublished; realistically 4-12 weeks; foreigners may register, but receiving foreign funds needs extra NGO Directorate registration","Small, English-speaking; no local-director requirement; moderate small-country bureaucracy. | Corrected: NPOs currently registered under s17 Companies Act 8/2009, not a Societies Act; 2024 NPO Bill pending; SZL 500-2,000 = ~$25-90; 4-12 weeks",partial,Local office and registered agent; limited registrar capacity; pending NPO Bill transition risk,~$25-90,4-12 weeks,Deductible for gifts to approved public-benefit organizations (verify),None notable; local office/agent required; 2024 NPO Bill would add re-registration regime,med,https://www.icj.org/wp-content/uploads/2025/02/ANALYSIS-OF-THE-NGO-BILL-Prepared-for-CANGO.pdf; https://africanphilanthropy.org/wp-content/uploads/2023/03/Understanding-the-Legal-Framework-for-Philanthropy-in-Southern-Africa-eSwatini-Report-Jan-2023.pdf; https://eusee.hivos.org/assets/2025/10/Final-CFR_Eswatini_JW-9.pdf; https://eswatinilii.org/akn/sz/act/2009/8/eng@1998-12-01,"Companies Act 2009 Part XIII (ss.317-320): annual return to the Registrar (Ministry of Commerce, Industry and Trade); no separate published NPO filing regime; failure to file attracts penalties and officers' liability.",NPO registered under the Companies Act applies for tax exemption with Eswatini Revenue Services; Tax Order 1975 provides relief on qualifying charitable activities. No published approval time.,Needs a local visit: non-resident accounts at Standard Bank/FNB/Nedbank require in-person appearance in Mbabane with passport and proof of address; no remote onboarding.
Lesotho,Yes,"Non-profit company (Companies Act 2011 s.15); Society (Societies Act 1966, am. 2001); Trust (Trusts Act); Co-operative (Co-operative Societies Act 6 of 2000)",medium,Local office; registration with the Ministry of Justice; English filings.,"~USD 30-40 (name reservation LSL 30 + incorporation fee LSL 500); official time unpublished, typically 1-4 months; no foreign-founder bar found","Small, English-speaking; no local-director requirement; slow small-bureaucracy processing. | Confirm prior; routes: Societies Act, Companies Act 18/2011, Trusts Act; practitioners call registration easy; LSL 500-2,000 = ~$25-90",partial,Local office/agent in Maseru; slow small-bureaucracy processing,~$25-90,4-12 weeks,Donor tax exemptions apply by application; few granted in practice,None notable,med,https://africanphilanthropy.org/wp-content/uploads/2023/06/Understanding-the-Legal-Framework-for-Philanthropy-in-Southern-Africa-Lesotho-Report-Jan-2023.pdf; https://eusee.hivos.org/assets/2026/02/CFR-Lesotho_final-2.pdf; https://lndc.org.ls/knowledge-base/business-registration-and-licensing/; https://businessregistrations.gov.ls/non-profit-company/,Societies Act 1966: societies are registered with the Commissioner of Societies (min. 10 members); no recurring annual filing regime is published; the Commissioner may deregister the society under s.17(1).,"Automatic under Income Tax Act 1993 s25: income of religious, charitable, amateur sporting and trade-union organisations is exempt; donor deduction for approved institutions; no separate application.","Needs a local visit: banks (PostBank, Stanbic, Nedbank) require in-person verification with passport, residence permit and local proof of residence; no remote onboarding for foreign entities."
South Africa,Yes,"Non-profit company (NPC, Companies Act 71/2008); trust (Trust Property Control Act 57/1988); NPO (NPO Act 78/1997); PBO tax status (Income Tax Act s.30, SARS)",easy,"No foreign restrictions; NCD online registration, local office/registered agent; English filings.","CIPC fee R175 (~USD 10) + R50 name reservation; no residency bar, foreign founders may register with certified passports; up to 25 working days; PBO ruling 3-12 months, official time unpublished","Most open route in the region; NPO/NPC + trust + PBO gives donor tax-deductibility; strong expat charity infrastructure and English. | Confirm prior: CIPC NPC fee ZAR 125-175, no residency rule for directors but foreign directors use manual process; SA registered office required | Verified: Registration is voluntary and free; no residency requirement for founders; application filed at the nearest DSD office.",yes,SA registered office/agent required; foreign directors use slower manual CIPC process; PBO/18A status takes 6-12 months,0,about 2 months,Donations to S18A-approved PBOs deductible up to 10% of donor's taxable income,none notable,high,https://www.gov.za/services/register-business-or-organisation/register-non-profit-company; https://www.sars.gov.za/businesses-and-employers/tax-exempt-institutions/public-benefit-organisations/; https://www.cipc.co.za/wp-content/uploads/Step_by_step_Guide/Step_by_step_guide_Non_Profit_companyCOR_15.1C_without_members_with_a_Short_Standard_MOI_registration_v0.1.pdf; https://www.gov.za/services/register-nonprofit-organisation,NPC: CIPC annual return within 30 business days of registration anniversary; audited AFS filed where required; PBO/NPO duties to SARS/DSD; non-compliance -> CIPC can strike NPC off register.,"Separate PBO application to SARS (IT321/IT361 + NPO certificate) under s.30 Income Tax Act; grants income tax exemption + 18A donor deduction; no statutory deadline, typically weeks to months.","SA FICA/AML KYC requires in-person branch verification; Standard Bank, Nedbank make the signatory appear. Non-residents give passport + foreign address proof; remote NPC/trust onboarding is effectively impossible."
Netherlands,Yes,"Stichting (foundation), Vereniging (association), ANBI-registered charity (tax status)",easy,"No citizenship/residency requirement for founder or board; 1+ board member (stichting), Dutch registered office (virtual office acceptable), ANBI declaration to Belastingdienst","EUR 585-1,585 (KvK fee €85.15 + notary EUR 500-1,500), 1-2 weeks (ANBI decision 4-8 weeks; Belastingdienst 2026: typically ~4 weeks)","Most popular EU route for foreign founders; stichting + ANBI is the standard expat-charity path; board may be entirely non-resident; English-language guidance available; no minimum endowment | verified primary: KvK registration fee €85.15 (kvk.nl fee page, 01.01.2026, inflation-adjusted yearly); notary EUR 500-1,500 per kvk.nl FAQ; ANBI is a separate Belastingdienst tax status, not a formation step | Verified: Notarial deed required; Dutch notary acts locally, founders need no Dutch address",yes,Dutch registered office required (virtual-office provider solves it); notary deed needed,"~$585-1,600 (KvK EUR 85.15 + notary EUR 500-1,500, the dominant cost)",2-4 weeks (notarial deed scheduling),"ANBI gifts deductible for income tax, cap 1% of annual income",none notable,high,https://www.kvk.nl/en/registration/registering-a-stichting/; https://www.givingwhatwecan.org/get-involved/tax-deductibility/the-netherlands; https://netherbridge.nl/set-up-dutch-ngo-charity-non-profit/; https://www.kvk.nl/inschrijven/inschrijven-stichting/,"Stichting/vereniging: accounts adopted by board within 6 months of year-end, filed with KVK within 8 days of adoption (cap 12 months); micro: bookkeeping only; late filing -> KVK fine, board liability.","Separate ANBI decision (beschikking) from Belastingdienst: public-benefit purpose + 90%-of-activity rule; grants CIT exemption + 30% donor deduction (statutory 25% + 5% supplementary rate, combined 30%); usually 2-4 weeks, no statutory deadline.","Effectively blocked: Dutch banks (ING, ABN AMRO, Rabobank) apply strict Wwft AML screening; non-resident founders without a local address/BSN are routinely declined. In-person plus local presence is effectively required."
Belgium,Yes,"ASBL/ISP/VOG (non-profit association), Stichting/Fondation (foundation)",medium,"Belgian registered office (seat must be in Belgium); association requires 1+ founder (since 2024 reform), 3+ traditionally; foundation requires EUR 25,000 minimum capital; French/Dutch-language statutes","EUR 200-400 (crossroad registration + Moniteur belge), 2-6 weeks",ASBL is the standard vehicle and easy via a local registered-office provider; AIT tax-exempt status is a separate application; French-speaking practice dominates; no in-person steps required | mostly confirm prior; foundation needs NO fixed minimum capital (only sufficient); 1 founder enough post-2024 reform | Verified: Authentic notarial deed required; remote founders act through an apostilled notarial power of attorney,yes,Belgian registered office (virtual-office provider solves it); French/Dutch statutes via notary,215,2-6 weeks,"gifts deductible at 45% (60% for self-employed), no explicit income cap for ASBLs",none notable,med,https://www.lexology.com/library/detail.aspx?g=5603c18f-02f9-4b06-b538-a9e49aab19cf; https://philea.eu/wp-content/uploads/2024/11/Belgium-Philea-2024-Legal-Environment-for-Philanthropy-in-Europe.pdf; https://www.aam-solutions.com/en/company-formation/asbl/; https://justice.belgium.be/fr/themes_et_dossiers/societes_associations_et_fondations/associations/asbl,"ASBL: accounts approved by GM within 6 months of year-end, deposited at Commercial Court (small/micro) or NBB (large) within 30 days; late filing -> administrative fines, loss of public grants.",No separate tax registration: ASBL with charitable purpose is income-tax-exempt on non-profit activity; 90% donor tax reduction requires listing on the FPS Economy public-utility list (BCE/KBO).,"Non-resident accounts are legal, but a branch visit is required: in-person ID, enhanced AML due diligence, and many banks demand a Belgian address — non-resident business accounts are frequently refused."
Luxembourg,Yes,"Association (1928 law (am. 2023)), Fondation (1928/2023 laws), European non-profit association (ENPA)",medium,"Luxembourg registered office; association needs 3+ founding members; foundation requires EUR 100,000 minimum endowment (Art. 40(3)) and court authorisation; English widely accepted","EUR 200-600 for association, 1-4 weeks; foundation several months (Tribunal authorisation)","Most English-friendly EU jurisdiction; charitable income exempt from tax; foundation route is capital-heavy, association is the practical expat choice | mostly confirm; 2025 new NPA law (foundation regime mandatory) keeps EUR 100,000 endowment for new foundations",partial,Luxembourg registered office and local management presence; new NPA law 2025 raised foundation endowment,~$100 (association filing minimal; notary fees separate),1-4 weeks (association); foundation several months with court authorisation,"25% of donation deductible, capped at EUR 75,000 of income",none notable,med,https://philea.eu/wp-content/uploads/2024/11/Luxembourg-Philea-2024-Legal-Environment-for-Philanthropy-in-Europe.pdf; https://kleyrgrasso.com/news/new-law-on-non-profit-associations-and-foundations-the-new-npa-law/; https://molitorlegal.lu/23-september-2025-new-regime-governing-foundations-becomes-mandatory/,"Association: annual financial statements filed with RCS within 7 months of fiscal year-end (2023 reform); member list no longer filed; late filing -> automatic penalties under Accounting Law, director fines.","Automatic: income of non-profit associations/foundations is exempt from CIT without a separate tax procedure (checked at filing). Donations get 25% deduction, 50% for extra gifts, capped at 1% of taxable income.","No legal bar for non-residents, but a local visit is typical: strict AML banks apply enhanced due diligence to overseas founders; remote applications are often delayed or refused. A local mandate is the workaround."
France,Yes,"Association loi 1901, Fonds de dotation, Fondation reconnue d'utilité publique",medium,"Association needs 2+ named founders (practically a president + 1 officer), French registered office; fond de dotation requires EUR 15,000 minimum endowment; French-language declaration at préfecture","Association: free (déclaration), 1-2 weeks; fonds de dotation: EUR 15,000 endowment + EUR 300-500 filing","Association 1901 is quick and free; tax-exempt status (Art. 64 ter CGI) is complex and separate; French required in practice; public-utility recognition requires ~EUR 1M endowment and decree | confirm prior; fonds de dotation EUR 15,000 endowment confirmed; association route is free | Verified: Any person incl. foreigners may found; a French seat is needed and declaration can be made by a mandated local person.",yes,French registered office + French-language declaration; 2+ named founders,0,1-2 weeks (association); funds route adds 2-4 weeks,"66% tax reduction (75% on first EUR 1,000), cap 20% of taxable income",none notable,high,https://www.service-public.gouv.fr/particuliers/actualites/A18836?lang=en; https://mieuxdonner.org/tax-reduction-for-donations-to-charities/; https://www.apuaf.org/wp-content/uploads/2012/04/Association-Loi-1901.pdf; https://www.service-public.gouv.fr/particuliers/vosdroits/F1119,"Loi 1901 association: no registry filing; internal AGM; annual tax return 2087 + 0.1% turnover tax above EUR 76k to DGFiP; audit for large associations (>EUR 15M, >100 staff); no strike-off for non-filing.","Automatic: association loi 1901 with general-interest purpose is income-tax-exempt with no separate procedure (CGI art. 208). Donors get 66% tax reduction, capped at 20% of taxable income. No VAT exemption.",Effectively blocked for remote non-residents: French banks demand proof of French address + in-person signature; AML refusals are common (droit au compte as remedy). Association accounts need a local visit/agent.
Germany,Yes,"Eingetragener Verein e.V. (BGB §§55-79); Gemeinnützige gGmbH (GmbHG §5); Private foundation (Stiftung, state law, BGB §§80-90); charitable (gemeinnützig) tax status (AO §§51-68)",medium,"e.V. needs 7+ founding members, German registered office (Geschäftssitz in Germany), German-language articles; foreign founders/directors allowed without residency proof","e.V.: court ~USD 70 + notary USD 200-500; gGmbH: capital USD 27,500 + notary/registry USD 700-1,200; Stiftung: endowment USD 27.5k-110k; registration 4-8 weeks; charity status timing unpublished","e.V. is the standard vehicle; charity status (gemeinnützig) confirmed later by Finanzamt; state register courts are slow; foundation endowments vary by state from ~EUR 10,000-25,000 | confirm prior; 7 members per section 56 BGB, no residency requirement, e.V. standard, charity status via Finanzamt | Verified: No residence requirement for board members; German seat needed; notarized application by the Vorstand.",yes,German registered office + German-language articles; 7+ founding members must be named,50,typically 2-6 weeks,donations deductible up to 30% of taxable income (EUR 200 deductible without receipt),none notable,high,https://balin-legal.de/en/42-leitfaden-zur-gruendung-und-fuehrung-eines-eingetragenen-vereins-e-v/; https://hor-greifswald.de/wp-content/uploads/2022/03/Guide-to-founding-an-association-English.pdf; https://www.anwalt.de/rechtstipps/guide-to-founding-and-managing-a-registered-association-e-v-246956.html; https://www.bayernportal.de/dokumente/leistung/997646733429,"e.V.: no filing if small; with bookkeeping duty (turnover > EUR 730k) -> financial statements to court, publication via Bundesanzeiger within 12 months; missed publication -> warning fine up to EUR 25,000.","Separate Freistellungsbescheid from the Finanzamt: must meet the charitable catalogue (AO ss.52-68, non-profit, member base, public benefit). Grants income tax exemption + 30% donor deduction; usually weeks to 3 months.","Some direct banks allow remote onboarding via video ID/eID, but most require in-person signature; non-residents face AML scrutiny and banks often demand a local address. A local representative is the practical route."
Austria,Yes,"Eingetragener Verein (Verein, Vereinsgesetz 2002/VerG); Private foundation (Privatstiftung, Bundes-Privatstiftungsgesetz (BGBl. I 15/2015)); non-profit GmbH (GmbHG, charity tax status per KStG §7 (donations: EStG §18))",medium,"Verein needs 3+ founders, Austrian seat (local address), Austrian-language articles; no citizenship requirement for founders or board","Verein fee ~EUR 21-65 (USD 25-75), agent EUR 500-1,500 extra; 4-6 weeks; foundation: EUR 70,000+ endowment, several months; no residency rule, Austrian address needed","Verein is the practical vehicle; foundation laws are state-by-state (Landesrecht) with endowments from ~EUR 30,000-75,000; German required; charity tax recognition via Finanzamt | confirm prior; two-step process (errichtung then Genehmigung), 3 founders, no citizenship rule | Verified: No citizenship or residency requirement; district authority reviews within 4 weeks, extendable to 6",yes,Austrian seat (local address) + German-language articles; 3+ founders,40,4-6 weeks,deduction up to 30% of annual taxable income,none notable,med,https://www.oesterreich.gv.at/en/themen/reisen_und_freizeit/vereine/Seite.220300; https://coredo.eu/company-registration-in-austria-legal-steps; https://www.oesterreich.gv.at/de/themen/reisen_und_freizeit/vereine/Seite.220300,"Verein: no annual registry filing; turnover <= EUR 1M -> cash-basis records only; registry data kept current; deregistration only on voluntary or court grounds, not for missed reports; no audit below HGB thresholds.","Separate application to the Finanzamt for s.34 EStG privileged taxation (zugunftsbesteuerung, public-benefit purpose). Grants income tax exemption + donor deduction (20% individuals/25% companies); weeks to months.",Branch visit required: Austrian banks do in-person KYC and most accounts need proof of Austrian residence (Meldezettel). Non-residents without local presence are refused; a local representative is needed.
Switzerland,Yes,"Stiftung/Foundation, Verein/Association (Swiss Civil Code)",medium,"Foundation requires CHF 50,000 minimum capital, Swiss seat, 3+ foundation council members with at least 1 Swiss-domiciled; association needs 3+ founders and a Swiss board seat","Foundation: CHF 50,000 endowment + CHF 1,000-2,000 registration, 4-8 weeks; association: CHF 500-1,000, 1-4 weeks","No citizenship requirement for founders; Swiss-resident officer is the key hurdle (use local agent); trilingual; neutral-content requirement for foundations; no formal 'charity' register - exemption via tax authority | confirm prior; no nationality/residency rule on founders, Swiss-resident officer is the real hurdle, exemption granted cantonally",partial,Swiss seat + at least one Swiss-domiciled foundation council member (local agent fills this),"CHF 1,000-2,000 (~$1,100-2,200) notary + commercial register; CHF 50,000 endowment",6-12 weeks,"gifts deductible at 10% (up to CHF 100,000 per year) for recognized charities",none notable,high,https://www.lexology.com/library/detail.aspx?g=de4f8bb2-8782-483a-b381-0da56cec2b8c; https://globallawexperts.com/how-to-register-a-foundation-in-switzerland; https://foundations.zuerich/en/starting-a-foundation,"Foundation: annual report to cantonal supervisory authority; statutory audit (Art. 86a CC); non-compliance -> supervisory measures, board replacement, cantonal fines; strike-off only on dissolution grounds.",Generally automatic: cantonal tax authority exempts foundations/associations whose articles serve common benefit (gemeinnuetzig) at filing - no separate procedure. Donations deductible (c. CHF 25-35k).,"Non-resident onboarding exists (some banks allow remote video), but Swiss AML/KYC is strict and domestic registration (representative/domicile) is required. A local representative is needed for a Stiftung/Verein."
Liechtenstein,No,"Stiftung (foundation, PGR Art. 552-570 (1926, rev. 2002)); Verein (association, PGR Art. 246 ff.); Anstalt (foundation-like, PGR Art. 534-551)",hard,"Foundation requires CHF 30,000 minimum endowment, seat in Liechtenstein, managing board seated locally (local officer/agent needed); German-language filings","Endowment CHF 30,000 (~USD 33,000); registration up to CHF 700 (USD 770), Verein CHF 100; local trustee/agent fees extra (mandatory local officer); time unpublished","Small, stable, English-tolerant jurisdiction; local board presence makes it impractical without a local agent; no formal charity register; often paired with Swiss structures | confirm prior; CHF/EUR/USD 30,000 minimum endowment, founder may be any nationality, 0.1% annual charge (min CHF 1,000)",partial,Liechtenstein seat + locally based management; local agent/board needed for a remote founder,"~$3,500-6,000 (0.2% entry levy + agent/notary; CHF 30,000 endowment)",4-12 weeks,deductible up to 25% of annual taxable income for recognized charitable foundations,none notable,med,https://www.grantthornton.ch/en/insights/overview-liechtenstein-foundation-stiftung; https://globallawexperts.com/liechtenstein-foundation-taxation; https://incorporations.io/liechtenstein/foundation/li1i; https://www.grantthornton.ch/en/insights/overview-liechtenstein-foundation-stiftung/,"Foundation (STIFA): annual financial statements and activity report filed with the court; breach -> admonition, fines; in serious cases court-ordered measures up to dissolution of the foundation.","Automatic: foundations/associations with non-profit, common-benefit articles are income-tax-exempt under s.15 EStG without any separate tax procedure. Donations are not deductible; no VAT exemption.","Effectively blocked for small remote founders: Liechtenstein banks serve non-residents mainly via private banking with high minimum deposits, in-person meetings and strict AML. A local agent/mandate is required."
Monaco,Yes,"Fondation/institution of public utility (Loi n°56 of 1922, sovereign decree); Association (Loi n°1355 of 2008, declaration); patrimonial foundation (bill 268, EUR 30k-100k)",hard,"Foundation requires EUR 50,000 minimum endowment and discretionary decree of the Prince on advice of the foundations commission; Monégasque registered office; French-language filings","Foundation: no fee published; ~USD 55,000 (EUR 50,000) min endowment + lawyer; association declaration free. Foundation 3-12 months, association weeks; local office & administrators required",No formal charity category - establishment is discretionary sovereign approval; French required; popular with high-net-worth founders; no corporate income tax; in-person steps common | confirm; 1922 foundation law + 2008 association law (1355) apply; new patrimonial foundation route (FPI ~EUR 30k / FRUP ~EUR 100k) adds a streamlined option vs EUR 50k decree,partial,"Discretionary sovereign decree; Monaco registered office, local management and bank; French-language in-person steps","none (discretionary process, no published fee)",3-12 months,no personal income tax; no charitable deduction regime for residents,none FCRA-style; establishment itself requires discretionary approval by the Prince on advice of the foundations commission,high,https://monacopratique.com/en/guide/philanthropy-foundations/; https://www.99avocats.com/en/publications/draft-law-no-268-relating-to-the-monegasque-patrimonial-foundation; https://journaldemonaco.gouv.mc/en/content/download/215570/5013075/file/FC_JO%208.818_25%20septembre%202026.pdf; https://legimonaco.mc/tnc/loi/1922/01-29-56,"Association (loi 1355): no annual filing; keep member register at seat; foundation: annual activity report to prefecture; breach -> admonition, fines; court can order dissolution for serious misconduct.","No personal income tax on residents, so foundations/associations face no domestic income tax; public-utility status (sovereign decree) is a civil, not tax, step. Donors deduct in home states (e.g. France 66-75%).","Effectively blocked for remote non-residents: Monaco banks demand high minimum deposits (EUR 500k+), a local address and in-person onboarding; non-EU non-residents face strictest thresholds. A local agent is required."
San Marino,Yes,"Fondazione (Law 1 July 2015 n.101; public notarial deed, ATS Registro delle Fondazioni) and Associazione non-profit (ANR/AR registers) under the consolidated CGeG law on non-profit associations and foundations; ONLUS by ATS act.",hard,San Marino registered office; Italian-language filings; small opaque bureaucracy with in-person steps; endowment set by founding act for foundations,ATS registration is FREE (Art.11: 'L'iscrizione nei Registri e gratuita'); Art.32: ATS grants foundation registration within 10 days of the application. Notary deed cost unpublished (as of 2026); the deed itself is tax-exempt (Art.29).,"Tiny jurisdiction with few foreign precedents and no English-language service; most foreigners use a neighbouring Italian (Emilia-Romagna) association instead; Italian required | confirm prior; note a dedicated private-foundation law is in legislative draft (2025), so foundations are still mainly set up ad hoc; associations already registrable with CGeG | [verified] for fondazioni (Art.2 and Art.29: non-Sammarinese natural/legal persons may found, subject to AML-equivalence of home state; no residency required; non-resident president must elect domicile at the seat); partial for associazioni (Art.2/16: members mostly resident in the Republic). | Correction: Law 1 July 2015 n.101 (Fondazioni) is real; ATS registration is free and decided within 10 days, not ~$200 / 1-3 months.",yes,"Italian-language notarial deed + in-person steps; registered office required; almost no English-language service (foundazioni route feasible: no residency requirement, AML-equivalent home state per Art.2/29)",~$200,1-3 months,"charitable donations to recognised associations/foundations deductible for tax residents, capped",none notable; no registration/licensing regime for foreign donors,high,https://www.consigliograndeegenerale.sm/on-line/documento17076457.html; https://studiogaeta.com/2025/03/26/san-marino-e-le-fondazioni-private-patrimonio/; https://www.avvocatobertaggia.org/en/insights/san-marino-company-formation-tax-dividends-2026/; https://www.consigliograndeegenerale.sm/on-line/home/scheda17134543.html; https://www.consigliograndeegenerale.sm/on-line/home/lavori-consiliari/verbali-sedute/documento17024054.html,Registered association/foundation: annual declaration of activities and financial statements to the registry; breach of statutory duties -> dissolution ordered by competent authority; no general statutory audit.,"Automatic: foundations and associations with charitable purpose are exempt from IRPOS (corporate income tax) by law, no separate tax application. No general donor deduction; no VAT.",No general remote onboarding; non-residents must open accounts in person at branches (e.g. CAI) with passport + foreign address proof. Strict AML screening makes a local visit or representative required.
Andorra,Yes,"Fundació (foundation, Llei 11/2008 (consol. 17/2023)), Associació (non-profit association)",hard,"Foundation requires endowment of at least EUR 100,000 per founding act, Andorran seat, local management presence; Catalan/Spanish-language filings, notarised documents","EUR 100,000 endowment + EUR 5,000-10,000 (notary + registry), 1-3 months",Popular with affluent founders seeking a European low-tax base; high endowment and local-presence requirements make it hard for a remote foreign founder; Catalan required in practice | confirm prior; Law 20/2023 consolidat (associations) restricts founders to Andorran nationals / legally resident foreigners / Andorran entities; EUR 100k fundacio endowment per Llei 11/2008 confirmed,no,Founders must be Andorran nationals or legal residents (Law 20/2023); EUR 100k endowment; local seat/management; Catalan/Spanish filings,~$500 (registry; notary fees separate),1-3 months (fundacio); 4-8 weeks (associacio),no broad individual charitable deduction regime; limited deductions only,"none notable; foreign-investment law (10/2012) covers business capital, not donations",high,https://www.augelegalfiscal.com/en/the-foundations/; https://jurisprudencia.ad/lleis-andorra/associacions; https://www.e-tramits.ad/tramits/inscripcio-al-registre-dassociacions/p/GV000434,"Fundacio/associacio: adopt accounts; keep AML beneficial-owner registry current (UIFAND); breach -> administrative fines approx. EUR 90-6,000; serious breach -> registration review up to revocation.","Automatic: non-profit foundations/associations with charitable purpose are exempt from personal income tax (Llei 5/2014 s.33) with no separate procedure; donor deduction limited (20%, capped at 1% of income).","Non-residents can open accounts but a branch visit is typical; banks demand a local address, high non-resident minimum deposits (often EUR 250k+), and strict AML. A local agent is the common route."
Poland,Yes,"fundacja (foundation), stowarzyszenie (association), public benefit organization (pożytk pożyteczna organizacja, POUS)",easy,"Fundacja needs only 1 founder (foreigners allowed, no citizenship requirement), a notarized deed and a local registered office; association needs 7+ members.","Fundacja: ~500-1,500 PLN notary + 250 PLN KRS court fee; ~2-4 weeks (statutory 30 days). Stowarzyszenie: court fee EXEMPT (Art. 17 ust. 3, since 20 May 2016) — notary only, ~4-8 weeks","Most expat-friendly route in the region; separate 'benefit organization' (OPP) listing gives charity tax benefits; good English-language legal market. | verified primary: fundacja KRS court fee 250 PLN (Art. 53 ust. 1 ustawy o kosztach sądowych); stowarzyszenie KRS entry fee-free (Art. 17 ust. 3 Prawo o stowarzyszeniach, in force since 20.05.2016); forms KRS-W20 + KRS-WK, e-filing via Portal Rejestrów Sądowych (prs.ms.gov.pl) since 01.07.2021 | Verified: Notarial deed required; founders need not be Polish nationals; no local presence needed",yes,Local registered office needed; full OPP status requires 2 yrs operation plus listing; notarized deed of founding (fundacja),"~$45-150 (fundacja: KRS court fee 250 PLN + notary deed ~500-1,500 PLN; stowarzyszenie: 0 PLN, Art. 17 ust. 3 fee exemption)",1-3 months (KRS registration),"1.5% of personal income tax earmarkable to registered OPP (statutory 1.5% since 2019; the old 1.5% state-budget transfer to OPPs was abolished in 2017, Dz.U. 2017 poz. 573)",none notable,high,https://www.ngo.pl/english/how-do-ngos-work-in-poland/is-a-non-governmental-organization-and-a-public-benefit-organization-opp-the-same-thing; https://www.dudkowiak.com/corporate-law-in-poland/ngo-foundation-registration-in-poland.html; https://cof.org/country-notes/nonprofit-law-poland; https://arch-bip.ms.gov.pl/pl/rejestry-i-ewidencje/krajowy-rejestr-sadowy/oplaty-obowiazujace-w-postepowaniu-rejestrowym/,Fundacja/stowarzyszenie: annual activity report plus financial statements to KRS by 31 March; missed filing -> fines on management; persistent failure -> KRS proceedings up to striking off the register.,Separate: fundacja/stowarzyszenie registers as OPP (public benefit) at the Ministry of the Interior to access 1% personal tax donation + gift deduction; income tax applies to business activity. No VAT exemption.,"Non-resident corporate accounts are possible, but most banks (PKO, mBank) require in-person signature and some a Polish address; enhanced AML checks on the UBO are common, so a local representative is practical."
Czechia,Yes,"spolek (association), obecně užitečná korporace (OUK, public benefit corporation), nadace (foundation)",easy,"Spolek needs 3+ founders with a common interest (foreigners allowed), a local registered office; nadace (OUK) needs 1 founder, min. 100,000 CZK endowment, notarial deed; Czech-language statute.","Spolek: registration FREE (no court fee) + optional notary ~1,000-2,500 CZK; ~4-8 weeks; nadace: ~8-16 weeks (notary deed + Commercial Register entry)","Digital registry, straightforward; public-benefit (obecně prospěšná) tax status is a separate Ministry of Interior approval. | verified primary: spolek entry in the spolkový rejstřík is fee-free (amended § 11 Act 549/1991 Sb.); nadace first entry 2,700 CZK (notary-filed) / 6,000 CZK (registry court) — inferred from the general tariff, not OUK-explicit; OUK min. endowment 100,000 CZK (Civil Code 89/2012 Sb.) | Verified: Min. 3 founders; Czech law grants foreigners equal rights to found associations",yes,Czech-language statute and local office required; public-benefit tax status needs separate Ministry approval,"~$0-110 (spolek court fee 0; nadace 2,700 CZK + notary)","2-6 weeks (court registration, 15-day filing deadline)",2% of personal income tax earmarkable to public-benefit organizations,none notable; foreign donations reportable only at material levels,high,http://www.juristi.cz/association-incorporation/; https://cof.org/country-notes/nonprofit-law-czech-republic; https://www.icnl.org/wp-content/uploads/Czech-Republic_2010pbc.pdf; https://portal.gov.cz/sluzby-vs/zapis-do-spolkoveho-rejstriku-S15505,"Spolek: no general annual registry return; financial statements and publication due when accounting thresholds met (balance > CZK 8M, revenue > CZK 16M, 10+ staff); failure to publish -> fine up to 3% of assets.",Separate: spolek applies for ZU (general-benefit) status at the Ministry of Interior register. Grants income tax exemption on non-business income + 4% personal tax donation. No VAT exemption.,"No legal bar, but banks (Ceska sporitelna, Moneta) generally require in-person signature with passport + address proof; many refuse non-resident business accounts. A local visit or representative is needed."
Slovakia,Yes,"Združenie (NGO, Act 83/1990 Coll.); nadácia (foundation, Act 34/2002, endowment EUR 6,638); VPO public-benefit status (Act 213/1997 Coll., Ministry of Interior)",medium,"Organization needs 2+ founders, local office and Slovak-language charter; foundation via notarized deed, endowment per charter; no citizenship requirement.","Court fee EUR 220 (~USD 235); notary EUR 500-1,500 extra; ~USD 250-2,000 total; 1-2 months; VPO recognition time unpublished; foreign founders OK, Slovak charter + local address needed","VPO public-benefit status is a separate Ministry of Interior procedure; Slovak language barrier; paperwork moderate. | confirm prior; court registration fee ~150 EUR plus notary, so total ~200-600 EUR as noted",partial,"Slovak-language charter, 2+ founders and local office; foreign founders need apostilled docs and certified translations",~$150,1-2 months,0.5% of personal income tax earmarkable to registered VPO (public-benefit orgs),none notable; large public funding may trigger register obligations,med,https://cof.org/country-notes/nonprofit-law-slovakia; https://www.slovensko.sk/en/life-situation/life-situation/_setting-up-a-company; https://www.lexmundi.com/guides/social-enterprise-law-surveys/jurisdictions/europe/slovak-republic/; https://www.justice.gov.sk/sluzby/obchodny-register/najcastejsie-otazky/,"NGO: annual report to Ministry of Interior registry, financial statements to the Register of Financial Statements within 1 year; breach -> fines (EUR 1,000-10,000) and termination motion for repeat breach.",Separate: VPO (public-benefit) status by Ministry of Interior decision under Act 213/1997 Coll.. Grants income tax exemption + 1% personal tax donation + gift deduction. No VAT exemption.,"Non-resident accounts are legal, but a branch visit is typical: banks demand a residence permit or proof of employment (esp. non-EU), in-person ID and often a local address. A local visit/representative is needed."
Hungary,Yes,"civil nonprofit szervezet (civil nonprofit organization), nonprofit kft (nonprofit limited company), alapítvány (foundation)",medium,"Nonprofit organization needs 2+ members (foreigners allowed); foundation 1 founder + charter, Hungarian-language deed, local office.","Nonprofit org: low/no state fee + notary ~30,000-60,000 HUF, ~2-4 weeks; nonprofit kft needs 3,000,000 HUF capital","Foreign-funded NGOs above a threshold (~300M HUF/yr) need government authorization (Stop-Soros legacy) — politically sensitive; public-benefit (közhasznú) status is a separate, stricter regime. | foreign-funding authorization threshold is 7.2M HUF (~25k EUR) per year, not ~300M HUF; kft capital 3,000,000 HUF | Verified: Foreign founders allowed; Hungarian seat (real estate) and a Hungarian-resident curator are required - a local agent.",partial,Local office and Hungarian-lawyer involvement typical; foreign-funded NGOs face government authorization regime,0,2-4 weeks,1% of personal income tax allocable to registered nonprofit foundations and organizations,Stop-Soros Act: NGOs with >7.2M HUF/yr foreign funding need Ministry of Interior authorization,high,https://cof.org/country-notes/nonprofit-law-hungary; https://europa.eu/rapid/press-release_IP-17-1982_en.htm; https://gsl.org/en/offshore/offshore-zones/eastern-europe/hungary/; https://birosag.hu/ugyfeleknek/birosagi-eljarasok/civil-nyilvantartasi-eljarasok/hasznos-tudnivalok-az-egyes-eljarasokrol/alapitvany,"Nonprofit: annual activity/financial report to registry; non-publication -> tax number deleted; second reminder -> default penalty up to HUF 200,000; repeated breach -> deregistration of the organization.","Separate NAV procedure: apply for income tax exemption (adozo-kiveteles status) + annual 1% registration (form 25EGYREG, capped at 2%). Corporate donations deductible (1.5% total). Decision typically within 30 days.","Effectively blocked for remote founders: Hungarian banks (OTP, KB) require in-person onboarding, and non-residents need proof of a Hungarian address/residence. Non-resident business accounts are rare; local agent needed."
Slovenia,Yes,"združenje (association, javno koristno status), fundacija (foundation)",medium,"Association 3+ members (foreigners allowed), local office, Slovenian-language charter; foundation 1 founder, endowment per charter.","Association ~200-500 EUR, ~1-2 months; foundation ~1,000-3,000 EUR, ~1-3 months","Public-benefit (javno koristno) status is a separate procedure with membership-base criteria; English support limited outside Ljubljana. | confirm prior; association ~200-500 EUR and foundation ~1,000-3,000 EUR incl. notary; javno koristno status separate",partial,"3+ members, Slovenian name and local registered office; e-registration available but local signatory usually needed",~$300,1-2 months,0.5% of personal income tax earmarkable to public-benefit associations and foundations,none notable,med,https://e-uprava.gov.si/en/podrocja/state-and-society/societies-public-events-and-gatherings/registration-of-a-society-branch-of-foreign-society-and-associations-of-societies.html; https://companyformationslovenia.com/open-foundation-in-slovenia/,"Zdruzenje: annual report to AJPES registry (around 31 April); accounting entities file financial statements with AJPES within 3 months of adoption; non-filing -> fines, repeated failure -> deregistration.",Automatic: associations/foundations are income-tax-exempt on non-business activity (ZDavO s.9) with no separate tax procedure. 'Javno koristno' is a civil-law status; donors get 25% deduction (max EUR 200).,"Non-residents may open accounts (even tourists in principle), but a branch visit is typical: banks demand a Slovenian tax number, in-person ID verification and often a local address. A visit/representative is needed."
Croatia,Yes,"udruga (association, javno korisna status), zakladnica (foundation), neprofitna ustanova (nonprofit institution)",medium,"Udruga needs 3+ founding members (foreigners allowed), local office, Croatian-language statutes, notarized application in 2 copies.","~500-1,500 HRK fees + notary; ~1-3 months (statutory 30 days, often longer)","EU e-government decent; javno korisna (public-benefit) status is a separate Ministry of Interior step; many expats use a local legal/NGO-service provider. | confirm prior; foreign nationals can be founders; state fee minimal, notary ~500-1,500 HRK; javno korisna status separate step | Verified: Foreign founder allowed, no residency rule; deed of establishment must be notarized (via local notary/POA) then court-registered.",yes,"3+ founding members, local office, Croatian-language statutes and notarized application; postal filing",200,2-6 weeks,0.25% of personal income tax earmarkable to public-benefit organizations,none notable; foreign associations operating locally need a separate register entry,high,https://gov.hr/en/establishment-and-registration-of-associations/568; https://www.expatincroatia.com/how-to-open-close-non-profit-udruga-croatia/; https://cof.org/country-notes/nonprofit-law-croatia; https://www.pravni-leksikon.hr/clan/zakon-o-zakladama-i-fondacijama,Udruga/zaklada: annual financial report or inactivity statement to court registry by early April; financial statements deposited in FINA registry; missed filing -> fines; persistent failure -> deregistration.,Separate: 'javno korisna' (public-benefit) decision by the Ministry of Interior. Grants income tax exemption + 2% personal / 1% corporate tax donation + 40% gift deduction. No published deadline.,"Non-resident business accounts are possible, but a personal branch visit is required (PBZ etc.), with enhanced AML checks and usually a Croatian OIB number. A local representative is needed for remote founders."
Bosnia & Herzegovina,Yes,"udruženje/udruga (association), fundacija (foundation)",hard,"3+ founders, local office, charter in local language; registration happens at entity level (Republika Srpska vs Federation of BiH), sometimes municipal, so structure depends on where the office is.","~100-300 BAM (very low); ~2-6 weeks per tier, can stretch to months",Three-layer state/entity system creates duplicated paperwork; no online registry; English support rare; foreign founders allowed but bureaucracy heavy. | confirm prior; fees ~100-300 BAM per tier; timeline can stretch to months in practice due to duplicated paperwork,partial,"Multi-tier state/entity registration, local office, local-language charter, no online registry; often needs local agent",~$100,2-12 weeks,no charitable income-tax deduction regime; corporate donation caps apply in some entities,none in force; 2025 draft bill on a foreign-funded NGO register in the Federation would add oversight,med,https://www.ohchr.org/en/press-releases/2025/02/bosnia-and-herzegovina-bill-registering-ngos-will-increase-government; https://documents.worldbank.org/en/publication/documents-reports/documentdetail/664631468743400463/how-to-establish-and-register-business-association-in-bosnia-and-herzegovina,Association registered at competent court: data changes notified within 30 days; annual activity report expected; breach -> fines; persistent failure -> strike-off; no general statutory audit duty.,Application to the tax administration (FBiH/Trezor): non-profit entities with charitable purpose are exempt from PIT under the BiH PIT Law if conditions met; gifts partially deductible; no published deadline.,"A local visit is typical: Bosnian banks require in-person onboarding with passport, and non-residents need a clear local connection; the system is fragmented (FBiH/SRH). A local agent/representative is the common route."
Serbia,Yes,"udruženje građana (citizens' association), fundacija (foundation), neprofitna ustanova (nonprofit institution)",medium,"Association needs 3+ founders (foreigners allowed), local office, Serbian-language charter; foundation 1 founder, endowment per charter.","~2,000-5,000 RSD fees + translations/apostille; ~1-2 months (statutory 30 days)","Non-EU; English support limited; cheap registration; foreign founders routinely register (many Serbian diaspora do this); apostille for foreign ID documents. | confirm prior; difficulty better rated medium (not easy) given translation/apostille work; fees ~2,000-5,000 RSD plus docs",yes,"3+ founders, local office, Serbian-language charter; apostilled/translated foreign documents; diaspora routine",~$30,1-2 months,0.25% of personal income tax allocable to public-benefit organizations,none notable,med,https://welcometoserbia.gov.rs/initiate-the-registration-process; https://globallawexperts.com/how-to-register-a-company-in-serbia-step-by-step-tier-2-guide/,Association/foundation at competent state court: annual activity report to court registry; UBO registry kept current (breaches fined RSD 500k-2M); persistent breach -> fines and possible court-ordered deregistration.,Largely automatic: udruzenje gracana is income-tax-exempt on non-profit income (Income Tax Law s.18) where purpose serves public interest; access to 1% personal tax and 2% corporate donations. No statutory deadline.,No remote onboarding: Serbian banks require an in-person visit with passport + foreign address proof; non-residents can open (incl. EUR) accounts at bank discretion — a local representative is needed.
Montenegro,Yes,"Udruženje (association, 3+ founders, NGO Law SL CG 39/11, arts 10-13); Fondacija (foundation, 1 founder, same law arts 25-27)",medium,"Association 3+ founders (foreigners allowed), local office, Montenegrin-language charter; no online registry, in-person/notarized steps.","Free registration (no fee per official registry); notary for founding docs ~USD 100-300 extra; 30-day statutory deadline, 1-2 months realistic; association needs 1 founder resident in Montenegro","Slow bureaucracy, documents in Montenegrin, minimal English support; EU-candidate so framework is straightforward in principle. | Confirm association/foundation forms and 1-3 months; official gov.me page says registration is free, so prior 50-200 EUR is overestimated.",partial,In-person/notarized steps + Montenegrin-language documents; local office and a local agent are required.,none,1-3 months,"Individual charitable donations deductible, capped at 20% of annual taxable income.","NGOs receiving >4,000 EUR foreign funding per year must register in the foreign-funded NGO register.",med,https://www.gov.me/en/article/cooperation-between-the-government-of-montenegro-and-ngos; https://cof.org/country-notes/nonprofit-law-montenegro; https://saaccounting.me/blog/ngo-accounting-montenegro; https://ngo.gov.me/Udruzenje,"NGO Law (39/11): annual financial statements submitted to the registrar; those with income above EUR 10,000 publish the annual report on their website; neglect risks strike-off from the register.","Automatic on registration: donations, dues and non-economic income are exempt from income tax; the new VAT law broadly exempts NGO services. Donor deduction rate is unpublished.",Local visit required — remote opening is not possible. Banks run strict AML due diligence and often decline corporate accounts for founders with no residence permit or other tie to Montenegro.
North Macedonia,Yes,"Association (udruženje) and foundation (fundacija) under Law on Associations and Foundations (OG 52/10, am. 239/2022); association: 5+ founders, 3 local residents; foundation: 1+ foreign founder",medium,"Association 3+ founders (foreigners allowed), local office, Macedonian-language charter; low fees.",Nominal state registration fee (unpublished; ~USD 0-50) plus notary/agent extras; Central Register decides within 5 days of complete application; end-to-end ~2-6 weeks incl. document prep,"EU candidate, cheap and low-bureaucracy; language barrier for a resident-in-Australia founder means using a local agent/lawyer. | Confirm association/foundation and 1-2 months; state registration fee is nominal (~$0-50), prior 100-300 EUR overstates official cost.",partial,"Macedonian-language charter + local office; no online filing, so a local lawyer/agent is needed.",~$0-50,1-2 months,"Donations deductible, capped at 5% of taxable income.",NGOs with foreign funding >20% of total annual funding must register as foreign-funded NGOs (2018 law).,med,https://www.opengovpartnership.org/members/north-macedonia/commitments/MK0148/; https://ngobase.org/c/MK/north-macedonia-ngos-charities; https://www.crm.com.mk/en/services/perform-a-registration-or-complete-a-task/establish-a-new-entity/independent-registration-of-an-entity; https://www.ecoi.net/en/file/local/2076161/62e160a24.pdf,"Law on Associations and Foundations: the assembly adopts annual work and financial reports, published on the association's website and filed with the competent state body; neglect risks deregistration.","Not automatic: exemption requires public-interest purpose, non-distribution and registration (OG 52/10). Donations to qualifying bodies deductible under the Law on Donations & Sponsorships; rate unpublished.","Non-residents may open accounts (Stopanska Banka publishes non-resident requirements), typically same-day to a week, but an in-person visit to a Skopje branch is required; remote opening is not possible."
Albania,Yes,"Non-profit associations (3+ founders, foreigners OK); foundations; NPOs registered under Law 80/2021 via the National Registration Center; public-benefit status available.",medium,"Association 3+ founders (foreigners allowed), local office, Albanian-language charter; new 2021 electronic register accepts applications by post/courier.",About USD 300-550 including notary and legal fees; registration takes 2-8 weeks. Foreign founders permitted; the electronic register accepts documents by post or courier.,"2021 NPO registration law modernized the register; English support limited; foreign-founded NGOs common, often with local partners. | Confirm association/foundation and 2021 electronic register; total all-in cost ~$300-550 incl. notary is consistent with prior.",partial,"Albanian-language documents + local office; QKB electronic filing via courier, limited English support.",~$30-50,2-8 weeks,"Donations to registered NGOs deductible, capped at 5% of taxable income.",NGOs with foreign funding >30% of annual funding must register in the foreign-funded NGO register (Law 104/2018).,med,https://jbc.al/registration-of-non-profit-organizations-in-albania/; https://sherbimekontabiliteti.al/en/albania-ngo-nonprofit-tax/; https://resourcecentre.al/frequently-asked-questions/; https://www.partnersalbania.org/wp-content/uploads/2019/01/ligj_nr.802021_24.6.2021.pdf,"Law 80/2021: NPOs submit annual financial statements (balance sheet, income statement) to the competent authority by 31 March of the following year; neglect risks deregistration.",CIT exemption is automatic on NPO registration (Law 80/2021); foundations qualify via Income Tax Act art.18 activities. Donor deduction rate unpublished; VAT exemption can be granted. Time unpublished.,"A registered Albanian firm can open a corporate account, but non-resident owners face enhanced AML due diligence; banks (Raiffeisen, BKT) will process it, and a signatory branch visit is the norm."
Moldova,Yes,Public associations (3+ founders); foundations; registered under the 2020 Law on Non-commercial Organisations. Foreigners may found with local involvement.,medium,"Association 3+ founders (foreigners allowed), local office, Romanian-language charter (Russian widely used in practice); foundation 1 founder, endowment per charter.",No state registration fee (2020 NCO law); about EUR 100-300 for notary and legal support only. Processing 2-6 weeks; no official processing time published.,"Cheap; EU candidate; political/economic volatility and weak enforcement; banking for foreign directors can be fiddly. | Confirm association/foundation and 2-6 weeks; no state registration fee (Lex Mundi guide), prior 100-300 EUR was notary/legal only.",partial,Local office + bank account for a foreign director; documents in Romanian (Russian used in practice).,none,2-6 weeks,"Charitable donations deductible, capped at 10% of annual taxable income.",None notable; no foreign-agent or foreign-funded-NGO registration regime.,med,https://www.lexmundi.com/media/oyajwdaw/registering-ngos-moldova.pdf; https://ong.legal/articles/how-to-register-an-ngo-in-moldova.html; https://www.icnl.org/resources/research/ijnl/legislation-for-non-profit-organizations-in-the-republic-of-moldova; https://csometer.info/updates/moldova-new-progressive-law-non-commercial-organisations,"NCO Law (86/2020): annual activity report published within 6 months of year-end; no formal strike-off for late filing, but activity contrary to national security or public order grounds termination.",Automatic: Law 86/2020 associations and foundations are income-tax exempt once they perform socially useful activities within 1 year (Tax Code). Donor deduction rate unpublished. Time unpublished.,In-person signing at a Chisinau branch is standard; non-resident UBOs trigger enhanced due diligence under AML Law 30/2011 and banks demand detailed source-of-funds documentation.
Ukraine,Yes,"publichna organizatsiia (public organization), fundatsiia (foundation), publichno-koristna (public-benefit) status",medium,"Organization 2+ founders (foreigners allowed), local office, Ukrainian-language documents (English with certified translation); state-fee registration online.","State duty ~1,000-2,500 UAH + translations/notary; ~1-2 weeks (online filing)","Registration itself is cheap and fast, but active war, banking/sanctions friction for a foreign resident founder and currency risk make this a risky base; many Western expat charities run via local Ukrainian partners. | Confirm public organization/foundation; state duty ~2,000 UAH (~$50) plus translations/notary; registration itself fast as noted.",partial,"War risk, banking/sanctions friction; Ukrainian-language documents + certified translations required.",~$50,1-4 weeks (online filing),"Donations deductible, capped at 3% of annual total income.",Ukrainian orgs with foreign-state funding >20% of total must register as foreign-agent organizations (2015 law).,med,https://www.uhy-prostir.com/en/blog-en/how-to-register-the-ngo-in-ukraine-the-procedure-of-registration-and-obtaining-the-taxpayer-status/; https://www.lexology.com/library/detail.aspx?g=a3d261dd-4c74-4a09-85fe-fba77ca0c84b; https://ukrainianlawfirms.com/reviews/non-governmental-organizations/,"The annual activity-report duty under the Public Organisations Law (4572-VI) was abolished (Law 767-VII); no periodic registrar filing for typical NGOs, only standard legal-entity tax and financial reporting.","Automatic on state registration (Tax Code art.132); 'public benefit' status is separate. Donor deductions: corporate 2-5% of prior profit, individual 1%; some services VAT-exempt. Time unpublished.","NBU rules allow banks to serve non-residents and foreign-owned Ukrainian entities open accounts routinely, but expect full KYC/AML, apostilled documents, and usually an in-person visit or notarized power of attorney."
Belarus,No,"publicnaya organizatsiya (public organization), fundatsiya (foundation)",very hard,"Nominally 5+ members for an organization (foreigners allowed in statute), local office, Belarusian-language charter; in practice foreign-funded NGOs above a funding threshold must register as 'undesirable organizations' before operating.","Nominally low fees, 1-3 months; in practice effectively barred for an independent foreign founder",2021+ crackdown on independent civil society; heavy political risk; private foundations rare and state-dominated; not recommended for this founder. | Confirm effectively barred: ICNL notes foreign citizens cannot be founders of public associations; spring96: KGB approval from 2027.,no,Foreigners barred from founding associations; KGB security checks for new NGOs from 2027; heavy political risk.,nominal (<$50),1-3 months nominal; effectively barred,No meaningful individual charitable-donation deduction regime.,"Since 2021, foreign-funded NGOs risk 'undesirable organization' designation and ban; security vetting of founders.",high,https://www.icnl.org/wp-content/uploads/Belarus_assessment.pdf; https://spring96.org/en/news/120984; https://scholarworks.indianapolis.iu.edu/bitstream/1805/15987/1/Belarus.pdf,Each year by 1 March the association sends the registering authority its continued-activity information and the list of elected governing-body members; foundations also publish an annual property report.,"Public organizations and foundations are non-taxable on donations, budget funds and membership fees under the Tax Code - no separate application. Donor deduction rate unpublished. Time unpublished.","Currency law permits non-residents to hold BYN and foreign-currency accounts, but certified documents, UBO disclosure and bank AML/KYC apply; expect an in-person visit (or authorized representative) in Minsk."
Romania,Yes,"asociație (association), fundație (foundation)",medium,"Association 3+ founders (foreigners allowed), local office, Romanian-language statute; foundation 1 founder, endowment per charter, notary deed.","~500 RON state fee + notary ~1,000-2,000 RON; ~1-3 months (statutory 30 days)","EU member; moderate bureaucracy; 'de utilitate publică' (public-benefit) tax status is a separate, stricter procedure; English support OK in Bucharest/Cluj. | Confirm association/foundation and separate public-utility status; state fee ~300 RON (~$70), prior 500 RON overstated.",partial,Notarized founding deed + local office; 'de utilitate publica' status needs a separate court procedure.,~$70,1-3 months (30-day statutory limit),"Donations to public-utility organizations deductible, capped at 10% of annual income.",None notable (EU); no foreign-agent-style registration regime.,med,https://cof.org/country-notes/nonprofit-law-romania; https://www.romania-company.com/set-up-ngo-romania/; https://romanianlawoffice.com/non-profit-foundation-association-romania.htm,"Ordinance 26/2000: annual activity and financial reports to the competent administrative authority, published in the Official Gazette; late filing risks fines or deregistration.","Non-commercial income is exempt from income tax automatically; 'public benefit' status is a separate Ministry of Justice application. Donor deductions: individual 10% of income, corporate 10% of profit.","An in-person branch visit by the company administrator is generally required; AML rules impose enhanced due diligence on non-resident directors, and fully remote opening at high-street banks is largely unavailable."
Bulgaria,Yes,Non-profit legal entities (NPL) under the Non-Profit Legal Entities Act; associations; foundations; registered at the Agency for Registration. A 1-founder NPL is the simplest route.,easy,Nonprofit legal entity (NPL) needs only 1 founder (foreigners allowed) + local office; association needs 5+ founders; Bulgarian-language documents.,About BGN 150-300 plus notary fees; statutory 30 days. Foreigners can found an NPL; no residency requirement for the founding act itself.,EU member; the 1-founder NPL form is the simplest for a lone foreign founder; good English support in Sofia; cheap to operate. | Confirm 1-founder NPL as simplest route; fees ~150-300 BGN plus notary; 30-day statutory limit as prior.,partial,Local office + notarized deed; Bulgarian-language documents; foreign founder acts via notarized power of attorney.,~$75-150,1-2 months (30-day statutory limit),"Donations to public-benefit organizations deductible, capped at 10% of annual income.",None notable (EU); no foreign-agent-style registration regime.,med,https://www.lexmundi.com/media/wzqlyumt/guidance-for-ngos-operating-out-of-bulgaria.pdf; https://www.icnl.org/wp-content/uploads/Bulgarian-Non-Profit-Legal-Entities-Act-of-2000.pdf; https://globallawexperts.com/how-to-form-a-company-in-bulgaria/; https://portal.registryagency.bg/en/page/136,"Triple annual filing: activity report to Statistics (due ~31 May), financial statements to the NRA if income or expenses exceed 500 BGN, and an annual fee to the registration office; neglect risks deregistration.","PBO status needs separate Central Register entry (Ministry of Justice) - PBOs exempt from CIT when income serves public benefit. Donor deductions: individual 5% of income, corporate 10% of profit.","Banks require in-person verification: personal accounts always, and corporate accounts usually need the director to appear; a non-resident founder should plan a visit or appoint a local agent to sign."
Greece,Yes,"Associations (min 7 founders, Civil Code arts. 59/78); foundations (Civil Code arts. 144-162 + Law 5259/2025); general-benefit status via separate application after court-registry filing.",hard,"Association needs 5+ founders (foreigners allowed), Greek registered office, Greek-language charter filed with notary and court registry; foundation 1 founder, endowment per charter, notary deed.","About EUR 500-1500 in notary and legal fees; 1-3 months. Foreigners may be founders; general-benefit status is a separate, discretionary step.","2019 law modernized foundations, but process is paper/notary-heavy, Greek language required, no meaningful online registry; use a local lawyer. | Association min 7 founders (not 5); general-benefit status is a separate application after court registry filing. Confirm prior fees/timeline.",partial,Greek-language notary deed + court registry filing + Greek registered office; local lawyer/notary needed remotely,"~$1,300 total (govt fees minor, notary dominates)",2-4 months (notary + first-instance court filing; slower for remote founders),Up to 10% of taxable income for donations to approved public-benefit orgs,None notable; no FCRA-style foreign-donor restriction on EU or overseas donations to public-benefit orgs,med,https://philea.eu/wp-content/uploads/2024/11/Greece-Philea-2024-Legal-Environment-for-Philanthropy-in-Europe.pdf; https://companyformationgreece.com/set-up-a-foundation-in-greece/; https://globallawexperts.com/how-to-start-a-business-in-greece-as-a-foreigner/; https://fra.europa.eu/sites/default/files/fra_uploads/greece-civil-space_en.pdf,"Foundations (Law 4182/2013, art. 59) submit budget, final accounts and balance sheet to the competent authority yearly and an asset-usage plan every two years; non-compliance risks deregistration.","General public-benefit status: separate application to the Directorate for Associations (Law 4873/2021); recognized bodies exempt from tax on contributions. Donor cut: 20% of gifts over EUR 100, cap 10% of income.","A Greek tax number (AFM) is a hard precondition, and branches require an in-person visit with due diligence on the account's purpose; there is no fully online route for non-residents."
Cyprus,Yes,"charitable trust (unregistered), registered body (association), community chest",easy,A charitable trust needs only a settlor + trustee and no registration; registered body needs 3+ members (foreigners allowed) + local address; English fully accepted.,"Trust: ~500-2,000 EUR via solicitor, days; registered body: ~100-500 EUR, ~2-6 weeks","English common-law jurisdiction — most expats set up a simple charitable trust with a Cypriot trustee; tax deductibility requires income-tax authority approval and a Cypriot public-benefit nexus; strong English-language professional services. | Registered body under s.250 Companies Law needs 7 members, not 3; trust route unchanged (unregistered, no govt fee). Confirm prior fees/timeline.",partial,Trust unregistered (easiest); registered body needs Cypriot head office + 7 members + local agent for bank account,~$250 (registered body),days-weeks (trust via solicitor); 2-6 weeks (registered body),"Donations to qualifying orgs deductible up to 30% of taxable income; 5% of excess over EUR 150,000","None notable; no FCRA-style regime; deductibility tracks the org's TRA approval, not donor nationality",med,https://www.companies.gov.cy/en/21-eservices/esearch-in-business-entity-s-registry; https://taxsummaries.pwc.com/cyprus/individual/deductions; https://whydonate.com/help/donate/what-are-the-tax-benefits-of-charitable-donations-in-different-countries,"Societies notify the registrar annually on administrative matters; non-profit companies file annual returns and accounts within ~9-12 months of year-end, with late-filing penalties and deregistration risk.","Separate approval by the Tax Dept/MOF; approved charities get preferential treatment and donors deduct 100% of gifts from taxable income, no cap (ITL 118(I)/2002 art.9). Time unpublished.","Residency is not a legal bar, but local banks require in-person KYC and source-of-funds checks under Central Bank of Cyprus AML rules; non-residents are often flagged high-risk. EMIs (Wise, Revolut) open online."
Malta,Yes,"association (Voluntary Organisations Act (Ch. 492, 2007)), foundation, charitable trust",easy,"Association 3+ founders (foreigners allowed), local registered address; foundation 1 founder, endowment per charter, notary deed; English fully accepted.","Association ~150-500 EUR, ~days-2 weeks (online); foundation ~1,500-5,000 EUR, ~2-6 weeks","English official language, streamlined 2021 framework; foundation is the stronger form for asset-holding; charitable trusts available under trust law without registration. | Association min 3 members + 3 administrators under Act V/2021; MBR online filing, English accepted. Confirm prior fees/timeline.",partial,Malta registered office + at least 3 administrators required; local address provider solves remote bottleneck,~$300,days-2 weeks (MBR online filing),Up to 30% of taxable income for donations to public-benefit orgs,None notable; no FCRA-style foreign-donor restriction; public-benefit status is the key test,med,https://www.legislation.mt/eli/act/v/2021/eng; https://www.mbr.mt/website-pages/formation-and-registration; https://www.bmf.gv.at/dam/jcr:1da187f9-7f84-4c30-8b0b-f7c06244594d/Country-specific_Information_-_Malta_-_BMF_2021-07-22.pdf,"Enrolled VOs submit Annual Returns (return, report, accounts) to the Commissioner for Voluntary Organisations after each financial year (S.L. 492.02); the register is public; non-compliance risks deregistration.","Not automatic: apply to Revenue & Customs Administration for income-tax exemption for philanthropic work (LN 62/2024). Corporate donors get tax credit on qualifying gifts (cap EUR 500, LN 86/2024). Time unpublished.","Traditional banks (BOV, HSBC Malta, APS Bank) require at least one in-person branch visit; fully remote opening is generally unavailable from abroad, with 2-6 weeks to account activation."
Ireland,Yes,Companies limited by guarantee (most charities); incorporated associations; registered with the CRO and then with the Charities Regulatory Authority (CRA).,medium,Irish registered office and at least one EU-resident director/trustee; charities with income over €50k/yr must be registered with the Charity Commission for Ireland,CRO incorporation about EUR 100; charity registration with the CRA is free; 4-8 weeks. Foreign directors permitted if residency rules are met.,"English-language, common-law system; no nationality requirement for trustees; most overseas founders set up a company limited by guarantee with a local registered-office agent, then register the charity | Confirm prior; regulator is the Charities Regulatory Authority (CRA), not the former 'Charity Commission for Ireland'.",partial,Irish registered office + management and control in Ireland; a local registered-office agent is typical.,~$110,4-8 weeks,Tax-deductible at donor's marginal rate; 25% tax credit for corporate donors.,none notable,med,https://www.charitiesregulatory.ie/; https://www.lexology.com/library/detail.aspx?g=68355ef2-1d01-4b55-8bee-7b145fb9cb5c; https://www.cro.ie/; https://www.charitiesregulator.ie/register-with-us/,Charities Act 2009 s.52: Annual Report to the Charities Regulator within 10 months of year-end (31 October for December year-end); non-filing is an offence and the Regulator may strike the charity off.,"Two-step: register with the Charities Regulator first, then apply to Revenue for charitable tax exemption (CHY number) - exempts income tax, CIT, CGT, DIRT; donors get 25%/33.33% tax credits. Time unpublished.","Irish banks expect local substance — typically a resident (Irish/EEA) director and an Irish operational base; boards with only non-resident, no-presence directors are frequently declined at onboarding."
United Kingdom,Yes,"Registered charity (Charity Commission England & Wales), company limited by guarantee, charitable trust",easy,"Charity must be established and managed in the UK: UK address, UK-based board control, and in practice at least one UK-resident trustee; no citizenship requirement","CLG at Companies House £100 (was £12; fee change effective 1 Feb 2026, announced 30 Oct 2025); Charity Commission registration free; ~8–12 weeks (Charity Commission 2025-26: median ~12 weeks to full registration)","English-language, common law; the most popular expat-charity pathway; overseas individuals may be trustees provided management and control are in the UK | Verified: Must be based in England/Wales (local postal address + governing document); no trustee-residency rule. | Verified 2026: Charities Act 2011 as amended by Charities Act 2022 (commencement regs in force from 2025).",yes,Charity must be established and managed in the UK: UK address and UK-based trustees/management in practice.,0,3-6 months,Gift Aid: UK taxpayers reclaim basic-rate tax on gifts to registered charities.,none notable,high,https://www.gov.uk/setting-up-charity/register-your-charity; https://www.gov.uk/government/organisations/charity-commission; https://register-of-charities.charitycommission.gov.uk/en/; https://www.gov.uk/setting-up-charity/register-your-charity,Charities Act 2011: annual return and accounts to the Charity Commission within 10 months of the accounting reference date; accounts are public; persistent non-filing risks removal from the register.,"Charity Commission registration (charitable purposes, public benefit; mandatory above GBP 5,000): exempts income/corporate tax, Gift Aid 25% donor gross-up, VAT exemption for qualifying supplies. Target 30 working days.","Non-residents can open UK business accounts, but AML/KYC and sanctions checks apply; high-street banks often expect a UK address and evidence of genuine UK activity — possible, though tighter than for residents."
Iceland,Yes,"Associations (felag, 2+ members); foundations (stifting, Act 33/1999); both registered with the Registrator (RSK) under the Directorate of Internal Revenue.",medium,Icelandic registered address and local contact; association needs ~5 members; foundation requires ~ISK 3m endowment and Icelandic management,"Association registration about ISK 5,000-10,000; 2-4 weeks. Foundations require a minimum endowment of about ISK 1,000,000; foreigners may found.",Documents in Icelandic; tax exemption (reykjafrjálsefni) must be applied for separately with the tax office; small bureaucracy but limited English support,partial,"Icelandic registered address, Icelandic-language documents, ~5 members; tax exemption is a separate application.",~$50,2-4 weeks,"Deductible if the org is tax-exempt (reykjafrjálst), plus ~10% surtax deduction on the gift.",none notable,med,https://island.is/en/registration-of-a-philosophical-organisation; https://vlolawfirm.com/guides/how-to-register-a-company-in-iceland; https://www.government.is/library/04-Legislation/Act%20No%2033-1999.pdf,Plain associations have no statutory annual filing to the register; entities within the Act on Annual Accounts file accounts by 31 August; the general meeting adopts the annual report and accounts.,"General exemption from income and property tax, no separate application. Donors deduct ISK 10,000-350,000/yr for gifts to bodies on the public-benefit register; fundraising activities VAT-exempt.","Banks require an Icelandic kennitala (national ID) and in-person ID verification; company law also expects at least half the board to be resident, so a local presence or representative is effectively needed."
Norway,Yes,"Member associations (lag, unregulated — 2020-21 draft never enacted; simple Brønnøysund registration); foundations; both registered with the Brønnøysund Register. No minimum capital; a simple notification regime.",medium,"Norwegian address for the association (min. 3 adult members, no nationality rules); foundation needs ~NOK 1m capital and Norwegian-resident management",Association registration at Brønnøysund is FREE; 2-6 weeks. Foreigners may be members and board; no local residency required for registration.,"Online via Altinn with English available; association is simple but requires a local contact; foundations have strict Norwegian-control rules | Prior cost corrected: initial association registration at Brønnøysund is free (not NOK 1,000-2,500).",partial,Norwegian address and resident board contact; registration is online via Altinn (English available).,none,2-6 weeks,"Deductible via gavefradrag, capped at NOK 30,000/yr, if the organisation qualifies.",none notable,high,https://www.brreg.no/en/how-can-we-help-you/fees-for-registration/; https://info.altinn.no/en/start-and-run-business/planning-starting/registration-of-the-enterprise/starting-registrering-an-association/,Foundations file annual report and accounts with the Register of Company Accounts by 31 July; plain associations only if they have an accounting obligation; late filing incurs fees and supervision.,"Automatic income and wealth tax exemption when non-commercial (no profit to members). Donors deduct up to NOK 25,000 (2026) for monetary gifts of NOK 500+ to approved organizations. Time unpublished.","Registered entities can open accounts, but banks demand board-member ID verification and proof of Norwegian business activity under AML rules; non-resident directors should be EEA-resident and expect a branch visit."
Finland,Yes,"Associations (yhdistys, 5+ members); foundations (säätiö); registered with PRH (Patent and Registration Office). Charitable status via the Tax Administration.",medium,"Finnish address; association needs min. 5 adult members; foundation needs €10k minimum capital, Finnish purpose, Finnish/Swedish-language operations and a Finnish-resident board",PRH registration fee about EUR 100; 1-3 months. Foreigners may be members; no residency requirement to found an association.,Finnish-language requirement for documents and minutes; PRH bureaucracy is the main burden; foundations are hard for a foreign founder | confirm prior; PRH registration fee is about EUR 100.,partial,Finnish registered address + local service recipient; Finnish/Swedish-language statutes; PRH processing slow.,~$115,4-12 weeks,Deductible if the association holds a gift-deduction (lahjoitusvähennys) certificate.,none notable,med,https://yhdistysrekisteri.prh.fi/?userLang=en; https://www.finlex.fi/fi/lainsaadanto/1989/503; https://www.prh.fi/en/price-lists/hinnasto/kasittelymaksut.html,"Most associations have no annual filing duty; larger ones (two of: assets EUR 7.5m, turnover EUR 15m, 50 employees) file financial statements with the PRH Register of Associations; non-filing risks fines.",Donation deduction: the organization must be on the Tax Administration's approved-donation list (separate application). Monetary gifts to approved orgs are deductible. Time unpublished.,"Banks treat non-EEA directors/UBOs as high-risk; identification at a branch (or strong eID) is required, and non-residents without a Finnish HETU code often face long, complex reviews ending in generic refusal."
Sweden,Yes,Economic associations (ekonomiska föreningar); ideal associations; foundations; registered with Bolagsverket (Swedish Companies Registration Office).,easy,"Swedish registered seat (säte) and min. 3 members for the association, no residency requirement; foundation needs ~SEK 250k+ and a Swedish-resident board","About SEK 1,000-2,500; 4-8 weeks. A bank account needs a D-number. Foreigners may be members; no residency rule for founding.","Straightforward online registration with Bolagsverket, English widely understood; a Swedish bank account for the entity typically requires a personal/D-number for the signatory",partial,Swedish registered seat (säte) required; board residency not required; Bolagsverket online registration.,~$55,4-8 weeks,Deductible if the association qualifies as tax-exempt (skattefri) under the tax-exemption rules.,none notable,med,https://bolagsverket.se/en/foretag/aktiebolag/startaaktiebolag.479.html; https://membly.app/en/blog/how-to-start-an-association; https://www.verksamt.se/en/setting-up/associations/economic-association,"Foundations file annual reports with Bolagsverket within 7.5 months of year-end (late-filing fees); simple associations have no statutory filing duty, accounts are adopted at the general meeting.","Dues, donations and grants tax-exempt; other income exempt if 4 public-benefit conditions met. Donor relief (25% tax cut, cap SEK 3,000) needs separate Skatteverket application as gift recipient.","Foreign-owned companies can open accounts, but traditional banks apply strict residency-based KYC; at least 50% of the board must be EEA-resident (waivable by Bolagsverket) and a branch visit is standard."
Denmark,Yes,Voluntary associations (frivillige foreninger); foundations; associations registered with the CVR register. The Foundations Act (LB 938/2012) applies to foundations.,medium,"Danish address, min. 2 members, registered in the CVR register; Foundations Act (LB 938/2012) requires Danish-controlled foundations (Danish-resident board majority)","Association registration at CVR is free; DKK 0-2,000 total with legal support; 2-6 weeks. The Foundations Act (LB 938/2012) requires a Danish-resident board majority.",Association name and documents must be in Danish; CVR registration itself is easy; Danish-controlled foundation rules make the foundation route hard for a foreigner,partial,Danish registered address required; CVR registration is needed to receive 30A deductible donations.,~$20,2-6 weeks,30A scheme: donor's gift is tax-deductible; 19% of the gift (income tax) goes to the state.,none notable,med,https://erhvervsstyrelsen.dk/vejledning-om-foreninger; https://businessindenmark.virk.dk/guidance/services-contact-point/Establish-a-business-in-Denmark/; https://virk.dk/myndigheder/stat/ERST/selvbetjening/Frivillige_foreninger/,"Voluntary associations (frivillige foreninger) have no statutory reporting duty to CVR, only re-confirmation of the CVR number every 3 years; annual accounts are prepared for members; inactivity risks deregistration.","Non-commercial association income exempt automatically on CVR registration. Donor deduction: up to DKK 20,000/yr (2026) for gifts to tax-approved orgs under Tax Act s.8A. Time unpublished.","Danish substance — local clients, office or employees — is effectively required; banks demand MitID and strict AML/KYC on foreign owners, so all-non-resident files are often refused; fintech accounts are easier."
Estonia,Yes,"Non-profit association (MTÜ), nonprofit foundation (sihtasutus)",easy,"Estonian registered address (virtual office available); MTÜ needs 2+ members, no nationality rules; sihtasutus has no statutory minimum endowment (management + supervisory board required)",State fee EUR 30 (MTÜ) / EUR 80 + notary ~40-50 (sihtasutus); 1-3 business days (MTÜ); 5 business days (sihtasutus),"100% online e-Business Register with English available; no local-national requirement; among the easiest jurisdictions for a foreign founder | verified primary: official state-fee table 01.01.2022 (abiinfo.rik.ee): non-profit association 30 EUR, foundation 80 EUR; MTÜ min. 2 members (Non-profit Associations Act, unified form since 2016); e-Residency online filing possible | Verified: Estonian ID-card/e-Residency ID needed for online signing; foreign founders allowed",yes,none notable - fully online via e-Business Register; virtual registered address suffices.,~$35-100 (MTÜ 30 EUR; sihtasutus 80 EUR + notary),1-3 business days (online via e-Business Register),"Deductible for individuals up to 300% of statutory minimum wage (2026 cap ~EUR 3,780), indexed annually; no foreign-donor restrictions.",none notable,high,https://www.eesti.ee/eraisik/en/artikkel/doing-business/establishing-a-company/founding-a-nonprofit-association; https://www.e-resident.gov.ee/blog/posts/how-to-start-a-non-profit-organisation-in-estonia/; https://www.rik.ee/en/e-business-register/e-business-register-portal,"Non-profit associations (MTU) submit annual financial statements (balance sheet, income statement) to the e-Business Register within 6 months of year-end (30 June for calendar year); non-filing risks removal.","Registration automatic; separate EMTA list application required (Income Tax Act s.11) - listed orgs: donation income not taxable. Donors: individuals up to EUR 1,200; corporate 3% social tax base or 10% prior profit.","An Estonian bank account is not legally required — EEA EMIs (Wise, LHV online) serve non-resident companies — but Estonian banks approve such files mostly with real local operation or a local board member."
Latvia,Yes,"Non-governmental organisations (NVO); associations; foundations; registered in the Enterprise Register under the Law on Associations and Foundations (2014, in force 2015) via the e-portal.",hard,"Latvian address, Latvian-language name/documents, and founding documents notarized by a Latvian notary before registration with the Enterprise Register",State fee about EUR 11-12; total EUR 30-100; 1-4 weeks. The 2014 Associations & Foundations law removed the notary step. A Latvian-resident board and local address are required.,"The 2016 Nonprofit Organizations Law unified the forms; the notary step forces an in-person visit or a local representative, which is the main barrier for a foreign founder | NVO registers electronically via e-portals; no notary step needed. Real barriers: Latvian-resident board requirement plus local address and e-ID",partial,"Latvian address, Latvian-resident board, and Latvian e-ID for filing — a local representative is mandatory",~$33,3-6 weeks,"Donations to public-benefit organizations (PBOs) deductible from personal income, within statutory caps",2022 law: NVOs receiving funds from foreign states/state-controlled sources must register with the Prosecutor General,med,https://uronline.lv/en/membership/; https://cms.law/en/int/expert-guides/cms-expert-guide-on-taxation-of-charity-donations-for-eu/latvia; https://lexfinance.lv/en/blogs/company-registration-in-latvia-types-of-companies-registration-process-required-documents-; https://latvija.gov.lv/Services/46744,Associations (biedribas) file annual reports with the Enterprise Register even without commercial activity (simplified records); after 2 years of non-filing the registrar may deregister; the register is public.,Registration automatic; PBO status is a separate VID application (2016 Law) - PBOs exempt from income tax. Donors: individuals 25.5% tax refund; corporate 5% of prior profit or CIT reduction.,"Since the 2018 reforms, business accounts for non-resident owners are hard to approve (2-4 weeks, elevated refusals); banks require proof of a Latvia connection and usually a visit; EU/EEA applicants can apply remotely."
Lithuania,Yes,"Nonprofit organization (NVO), public benefit institution (viešoji įstaiga), foundation",medium,"Lithuanian address, Lithuanian-language name and documents; NVO needs a board and min. 1–2 founders; registration via e-signature or notary with the Register of Legal Entities",State fee ~€20–50 (plus notary if offline); ~3–10 business days,"The fully online route requires a Lithuanian e-ID, so a foreign founder usually acts through a local notary or representative; otherwise the process is fast | confirm prior: state fee ~€25.65, registry completes in ~7 working days; online route needs Lithuanian e-signature, so a local notary/agent is usual",partial,"Lithuanian address, Lithuanian-language documents, and a Lithuanian e-signature for online filing — a local notary is typical",~$28,1-3 weeks,Donations to public-benefit orgs deductible: individuals 10% cap; corporates 2x up to 40% of profit,none notable — no FCRA-style foreign-donor registration; public-benefit (VLO) status is an optional separate registration,high,https://www.registrucentras.lt/jar/e-gidas_en/index.php?l=2&tipas=lpf; https://cms.law/en/int/expert-guides/cms-expert-guide-on-taxation-of-charity-donations-for-eu/lithuania; https://taxsummaries.pwc.com/lithuania/corporate/deductions,"Financial statements to the Centre of Registers (JAR) by 30 April; late filing draws an administrative fine (~140-1,400 EUR) and a non-compliance flag; repeated non-filing can trigger compulsory liquidation.",Public-benefit institutions (viešoji įstaiga) get income-tax exemption automatically on registration; corporate donors deduct 1% of profit tax on donations to them — no separate VMI application.,"Traditional banks (SEB, Swedbank, Luminor) require in-person KYC and usually a residence permit. Partially online options exist via SEB's remote application and fintechs (Revolut, Paysera, Wise) opening accounts with just a passport."
Spain,Yes,"Fundación (private foundation), Asociación (unincorporated association), plus limited charitable societies (SL/SA with statutory purpose)",medium,"Spanish registered office (domicilio social), Spanish-resident legal representative (representante legal), notarial deed of incorporation, and a minimum endowment of ~€30,000 for a fundación","€1,500–€3,500 total (notary, registry, legal fees); ~1–3 months including regional foundation registry","Foreign founders can establish a fundación without Spanish nationality or tax residency; the practical hurdle is appointing a resident legal representative and local office (via a Spanish firm/registered agent). Fundaciones register in the regional foundation registry (Registro de Fundaciones) of the relevant autonomous community, so timelines and minor fees vary by region. English is not an official language for filings; all documents must be in Spanish with sworn translations where needed. No citizenship requirement, so with a local counsel/agent it is manageable. | confirm prior: EUR 30,000 minimum endowment, EUR 1,500-3,500 total, 1-3 months, medium difficulty all accurate.",partial,Requires Spanish registered office and a Spanish-resident legal representative (via local firm/agent).,"none (registry fee nominal; ~$1,600-3,900 total incl. notary and legal)",1-3 months,80% of first EUR 250 then 40% deduction for individuals giving to deductible charities (AEAT-listed).,none notable - no donor registration or licensing; EU free movement of capital applies.,high,https://philea.eu/wp-content/uploads/2025/11/Spain-Philea-2025-Legal-Environment-for-Philanthropy-in-Europe.pdf; https://www.givingwhatwecan.org/get-involved/tax-deductibility/spain; https://www.leialta.com/en/blog/create-foundation-spain/,"Fundaciones (RD 861/1986): Patronato approves cuentas anuales within 6 months of FY-end and files them with the Protectorado within 10 working days, with audit where size requires; larger ones face independent audit.","Foundations with charitable purposes automatically enter Law 49/2002's special regime: profits exempt, donors get a 40% IRPF deduction on the first €15,000 (30% above). No separate AEAT application required.","A cuenta no residente requires a NIE first and an in-person branch visit for KYC and signature. Fully remote opening is not offered by major Spanish banks (BBVA, Santander) for a foreign foundation."
Portugal,Yes,"Fundação (private foundation, public-interest institution), Associação (association), and Instituto (institute)",medium,"Portuguese registered office and a locally-based responsible party/director; the foundation deed (estatutos) must be notarised; no statutory minimum endowment, but the granting authority can require a material contribution sufficient for the object to be deemed of public interest","€1,000–€2,500 (notary, legal, fees); ~1–2 months for notarisation and public-interest status","The most straightforward of the four for a foreign founder: no citizenship/residency requirement for the founder, and no fixed minimum capital. However, to be treated as an entity of public interest (required for tax-exempt status and grants) it needs an endowment and approval by the relevant authority. English filings are not routine; use a Portuguese lawyer. A local office can be provided by a law firm or registered agent, which is what keeps this at medium rather than easy. | confirm prior: no statutory minimum endowment, EUR 1,000-2,500, 1-2 months, medium difficulty all accurate.",partial,Needs Portuguese registered office and locally-based responsible officer; public-interest status approval is discretionary.,"none (nominal registration; ~$1,100-2,800 total incl. notary and legal)",1-2 months,15% income-tax deduction (capped at 15% of taxable income) for gifts to utilidade publica entities.,none notable - no FCRA-style donor registration; no licensing requirement for foreign donations.,med,https://www.lvpadvogados.com/public-utility-status-in-portugal-what-it-is-who-can-apply-and-why-it-matters; https://imperiallegal.com/company-registration-portugal/; https://www.icnl.org/resources/research/ijnl/a-comparative-overview-of-public-benefit-status-in-europe-2,Companies file accounts at the commercial registry by the 15th day of the 7th month after FY-end (late = monetary penalties); public-benefit fundacoes send approved accounts and activity report to the SGPCM in 30 days.,"Private foundations are exempt from IRC only after obtaining utilidade pública status (Ministry decree); without it, taxed at 21%. IUP status entitles donors to a 15% deduction; processing time unpublished.","A NIF (tax number) is a hard prerequisite. Many banks require an in-person KYC branch visit; a NIF can be obtained remotely via a Portuguese fiscal representative, and some banks allow online onboarding."
Italy,Yes,"Fondazione (private foundation), Associazione (unincorporated association), and cooperative sociale (social cooperative)",medium,"Italian registered office, a founder who may be foreign (no citizenship/residency requirement), and a minimum endowment of €150,000 (fully paid at formation) for a fondazione; registration in the Third-Sector National Register (RUNTS)","€3,000–€6,000 professional costs plus the €150,000 endowment; ~2–4 months for notarisation, court filing and RUNTS entry","Foreign (including Australian) founders can legally establish a fondazione — explicitly no nationality or residency requirement — but the €150,000 fully-contributed endowment is the main barrier and makes it one of the costlier routes. Charitable status requires registration in RUNTS (Registro Unico Nazionale del Terzo Settore); the procedure is document-based and can be handled by a local lawyer with a representative, avoiding in-person steps. Italian-language filings are mandatory; English is not accepted for registry documents. The higher endowment and bureaucracy keep it at medium despite the permissive foreign-founder rule. | confirm prior: EUR 150,000 endowment, EUR 3,000-6,000 professional costs, 2-4 months, medium difficulty all accurate.",partial,"EUR 150,000 endowment fully paid at formation plus Italian registered office; foreign founders allowed with no residency rule.","none (registry nominal; ~$3,300-6,600 professional fees plus EUR 150,000 endowment)",2-4 months,"85% of gift up to EUR 30,000/yr for public-interest entities; 75% up to EUR 2,000 for other RUNTS entities.","none notable - no donor registration, licensing or ban on inbound foreign donations.",high,https://globaladvisoryexperts.com/how-to-register-a-foundation-in-italy-2026/; https://givingwhatwecan.org/get-involved/tax-deductibility/italy; https://italianbusinesslawyers.com/how-to-establish-a-foundation-in-italy/,"ETS and social cooperatives approve annual accounts within 180 days of FY-end and file them (Registro Imprese, RUNTS) within 30 days; audit is mandatory above statutory size thresholds, with fines for late filing.","Automatic: charitable income of non-commercial entities is exempt from income tax (art. 72 TUIR); RUNTS registration entitles donors to a 19% tax credit up to €30,000 plus 5xmille; no separate application.",In-person branch visit is mandatory. A codice fiscale (tax code) and physical identity verification are required by Italian banks; there is no remote onboarding pathway for a foreign fondazione account.
Vatican City,Yes,"No ordinary commercial/charitable registry; charitable activity is conducted through pontifical institutions, canonically erected entities, or bodies recognised by the Holy See (e.g., pontifical foundations/works) rather than a self-service registration",very hard,No independent self-registration pathway; any entity operating on Vatican territory must be recognised/erected by the Holy See (competent dicastery/pontifical authority) and be compliant with the Fundamental Law of the Vatican City State,No fixed fee or standard timeline; entirely case-by-case at the discretion of the Holy See,"The Vatican does not operate a conventional commercial-law or charity-registration framework open to foreign founders. There is no public registry an Australian-resident can simply file into. Charitable or philanthropic activity on Vatican territory is established by canonical/pontifical act (e.g., erection or recognition of a pontifical work), which requires a direct relationship with the appropriate Holy See authority and is typically reserved for Church-linked bodies. For a private foreign founder there is effectively no independent, self-service charitable-entity route; the realistic option is to establish the charity in Italy (or elsewhere) and, if relevant, seek a canonical relationship with the Holy See. | confirm prior: no ordinary charity registry, no fixed fee or timeline, very hard difficulty all accurate.",no,No self-service registry exists; any entity must be erected/recognised by the Holy See at its sole discretion.,none,"n/a - case-by-case, no standard process",none - Vatican City has no income tax and no charitable donation deduction regime.,"none notable - no donor registration, licensing or ban; charitable giving proceeds via pontifical institutions.",med,https://www.expanship.com/va/blog/types-of-companies-in-vatican-city; https://en.wikipedia.org/wiki/Holy_See,No ordinary company or charity registry exists; pontifical institutions are supervised by the Secretariat for the Economy and publish consolidated financial statements; no public annual return filing regime.,"No ordinary income-tax regime: charitable activity runs through pontifical institutions or canonically erected bodies; the Holy See levies no income tax, so no separate tax-exemption application exists.","Effectively blocked for a remote foreign founder. The IOR (Vatican Bank) serves only Catholic institutions (dioceses, religious orders) as external clients and requires in-person, institutional due diligence."
Israel,Yes,"Associations (7+ members, Associations Law 5740-1980); societies; companies limited by guarantee; registered with the Registrar of Associations.",easy,"2-3 founders over 18 (Israeli citizenship NOT required), local Israeli registered agent/office, attorney-filed founding declaration and bylaws; English widely accepted",About USD 150-350 in fees plus USD 500-2000 attorney; 2-6 weeks. A registered Israeli office (lease of 1+ yr) is required; citizenship is not needed.,"One of the most foreign-friendly registration regimes in the region; most foreign founders use an amuta plus a local managing director and registered-agent service; English-language filings routinely accepted; charity tax status (DSD/13-b) is a separate follow-up application | Confirm prior: no Israeli citizenship needed, attorney-filed, 2-6 weeks; ~$250 fee consistent | Verified: Requires 7 members and a registered Israeli office (lease >=1 yr); remote-only founders must secure a local address.",partial,"Needs Israeli-resident managing director, local registered office/agent, attorney-signed filings",220,2 weeks - 3 months,DSD 13-b certified; donations deductible up to 25% of income (35% for 13-b charities),Foreign donations allowed; large foreign grants to charities trigger reporting (no donor registration),high,https://lawoffices.co.il/en/israeli-amuta-registration/; https://cof.org/country-notes/nonprofit-law-israel; https://amutaplus.co.il/en/faq; https://www.gov.il/en/pages/interministerial_team_registration_humanitarian_organizations_foreign_employees; https://www.gov.il/BlobFolder/policy/proper_management_guidelines/en/associationen.pdf,PBCs and PBFs file annual activity and financial reports with the Registrar of Non-Profits (PBFs also funding-policy reports); the Transparency Law adds quarterly foreign-funding reports; failure triggers fines.,Separate application to the Israel Tax Authority: section 120 profit-exemption certificate plus section 46 public-institution status for donors; not automatic; a 2025 green-track accelerates section 46 grants.,"Remote is possible: Bank of Israel rules permit video KYC. Bank Hapoalim's and Leumi's international desks let non-residents complete onboarding remotely (email + video), though not all branches offer this."
Jordan,Yes,"registered association (jam'iyya) with Ministry of Social Affairs, charitable trust (less common)",hard,"Board members must be Jordanian citizens, 18+, fully competent; Jordanian local address; Arabic documents; foreign founder can only be a non-board supporter","A$100-500 fees, 1-3 months (gated by finding 5+ Jordanian-citizen board members)","Most foreigners fund through established Jordanian charities (e.g. JRC) or a branch/representative office instead of forming; government approval of bylaws and activities required; English not required in filings | Confirm prior: citizen-board rule, 1-3 months, foreign founders barred from board",no,All board/founding members must be Jordanian citizens 18+ with clean record; foreigners only supporters,~$100-500,1-3 months,"Donations to registered jam'iyya tax-deductible, capped as % of taxable income",Foreign funding routed via registered local NGO; prior approval + detailed reporting to Ministry of Social Affairs,high,https://www.icnl.org/resources/civic-freedom-monitor/jordan; https://2021-2025.state.gov/fy-2025-request-for-concept-notes-for-ngo-programs-benefiting-refugees-in-jordan/,"Associations file with the Ministry of Social Development: GA resolutions in 15 days, an annual plan and an activity report on donations; budgets above JOD 2,000 require audited statements; Ministry can suspend.","Registration with the Ministry of Social Affairs confers legal personality; the income-tax law exempts income of registered associations/foundations pursuing public-benefit purposes, and donations to them are deductible.","In-person visit to a Jordanian bank (e.g. Arab Bank, CBJ) is mandatory for KYC. A local address/presence is effectively required for a foreign charitable entity; no remote onboarding exists."
Lebanon,Yes,"Associations under Law 92/1909 (notification/declaration regime); foundations. Ordinary associations operate on a declaration basis, not full registration.",medium,"Foreigners CAN be founders and directors (no nationality rule) but need a local registered office, Arabic founding documents, and a local signatory; notification (declaration) regime, not pre-approval",About USD 100-500; 2-6 weeks. Foreigners may found and direct associations; the notification regime is less formal than a full registration system.,"Legally one of the easiest for foreigners in the region, but heavy Arabic-only bureaucracy, bank-account opening friction, and macro instability (currency, banking) make practical setup harder; most internationals use a local registered partner or a foundation | Confirm prior: foreigners may found/direct, notification regime, 2-6 weeks; banking is the practical friction",partial,"Local registered office, local signatory, Arabic documents; bank-account opening friction",~$100,2-6 weeks,Donations to registered associations/foundations tax-deductible under Lebanese income tax law,Foreign donations allowed; large foreign grants draw security scrutiny; no donor registration regime,med,https://www.icnl.org/resources/research/ijnl/notification-or-registration-guarantees-of-freedom-of-association-in-non-democratic-environments-case-studies-of-lebanon-and-jordan; https://org-id.guide/list/LB-MOI; https://www.oxfamitalia.org/wp-content/uploads/2020/06/MedUP-Social-Enterprise-Legal-Registration-Case-Study.pdf,"Law 92/1909 is a simple declaration regime; detailed annual filing duties are unpublished, but the law prohibits undeclared associations and lets the government refuse a declaration and dissolve one.",Associations are valid by declaration to the local court (Law 92/1909); the income-tax code exempts income of public-benefit associations and institutions — no separate application; no donor-deduction regime.,"In-person KYC at a Lebanese bank is required. A local financial representative is common. Some banks accept a power of attorney, but a physical presence for the initial meeting is the standard."
Syria,No,"association registered with Ministry of Social Affairs and Labor, private foundation",very hard,"Local registration, local address and signatories; new association regime post-2025 is still being implemented; in-person steps in Syria; OFAC sanctions complicate cross-border funding and US-dollar transactions","Nominally low fees, 1-4 months in a stable environment; currently not practically achievable remotely","Civil-society registration resumed after 2025 transition (586 NGOs registered by Feb 2025) but framework unstable; sanctions exposure for foreign founders and their banks; English support effectively unavailable; advise against direct formation | Confirm prior: post-2025 regime unstable (586 NGOs registered by Feb 2025), funding-approval restrictions persist",no,"In-person steps, local signatory/office; OFAC sanctions block USD funding and banking channels",~$50 (nominal),1-4 months; not practically achievable remotely,Donations to registered associations tax-deductible under Syrian tax code,Foreign funding needs prior MoSAL approval; 2025 directive tightens it; sanctions exposure for USD channels,med,https://english.enabbaladi.net/archives/2025/10/syrian-ngos-oppose-restrictions-on-funding-approvals/; https://damascusinstitute.org/en/researches/syrian-organisations-and-associations-building-a-national-strategy-from-the-legacy-of-tyranny/; https://zd-consultation.com/en/licensing-international-ngos-syria-requirements/,Ministry of Labour and Social Affairs (Decision 284 of 2026) sets NGO financial and auditing rules: annual budget and final accounts go to the Ministry; enforcement details are opaque and unpublished.,Associations register with the Ministry of Social Affairs & Labor; the Income Tax Law 24/2003 treats income of registered charitable associations as exempt — no separate tax application; donor rules unpublished.,Effectively blocked: international sanctions and strict Central Bank of Syria rules restrict foreign access. Local in-person presence and a Syrian counterparty are required; remote onboarding is unavailable.
Iraq,Yes,Non-governmental organisations under Law 12 of 2010; registered with the NGO Directorate of the Interior Ministry. Associations are the main registered form.,hard,"Founding members must be Iraqi nationals or Iraq-resident; minimum 10 founders; local board, local address; Arabic filings; activity approvals from MoSAL","Fees low, but registration is effectively barred to foreigners: Law 12/2010 requires at least 10 Iraqi-national/resident founders. Official processing times unpublished.",Resident-expat route is the standard workaround (Iraqi-resident staff as founders); foreign funding rules restrict donor channels; English commonly understood in NGO sector but filings in Arabic; security considerations for in-person steps | Confirm prior: Law 12/2010 governs (new draft NGO law with 5 founders approved but 12/2010 still applied),no,"Founders must be Iraqi nationals (min 10), local board/address, Arabic filings, MoSAL activity approvals","~$200-1,000",2-6 months,Donations to registered NGOs tax-deductible under Iraqi personal income tax law,Foreign funding channeled via registered Iraqi entity with MoSAL approvals; donor-channel restrictions apply,med,https://www.icnl.org/research/library/iraq_12-2010-en/; https://reliefweb.int/report/iraq/ngo-registration-iraq-update-13th-march-2011-update-on%C2%A0-actual-legal-registration-status; https://www.icnl.org/post/analysis/iraqi-council-of-representatives-approves-new-law-on-non-govermental-organizations,"NGO Law 12/2010 Art. 15: each NGO sends the NGO Directorate (Interior Ministry) a financial report on fund sources and transactions plus an activity report, for the prior year by 31 March; Directorate can sanction.","NGOs registered with the NGO Directorate, Interior Ministry: if classified as public utility, art. 17 of Law 12/2010 automatically exempts income tax, VAT, customs and sales tax; no separate application.","Local in-person presence at an Iraqi bank (e.g. Bank of Baghdad, FIB) is required. A local representative/agent is typically needed; CBI AML rules mandate physical identity verification for foreign founders."
Saudi Arabia,Yes,"civil society organization (association) under the 2024 Civil Society Law, branch of foreign NGO (via partnership)",very hard,"At least 10 founding members, ALL Saudi citizens; Saudi board; Saudi address; no foreign-founded charities; foreigners may only join as members of an existing Saudi organization",N/A for foreign founder (formation not permitted); partnership route: several months,"New 2024 law (Royal Decree M/111) modernized the regime but kept the Saudi-citizenship floor; the only realistic foreign route is a program partnership with a Saudi charity or a representative office for an existing foreign NGO; English widely used in government dealings | Confirm prior: 2024 law kept Saudi-citizenship floor, 10 citizens, partnership/rep-office the only routes",no,All 10 founding members must be Saudi citizens; no foreign-formed charity; partnership route only,none (formation not permitted),N/A directly; partnership route several months,"Donations to approved entities deductible, capped at 5% of assessed profit",Foreign funding only via approved partnership with Saudi entity; 2024 Civil Society Law (M/111) strengthens oversight,high,https://agsi.org/analysis/new-saudi-law-maintains-state-control-over-civil-society-organizations/; https://www.icnl.org/resources/research/ijnl/ngo-laws-in-selected-arab-states,"CSOs file an annual budget and closing accounts with the Ministry of Human Resources, Social Development and Labour, which monitors finances; SAMA rules govern charity accounts; sanction is licence revocation.",No personal income tax; registered civil society associations are exempt from zakat (ministerial decision 61600/1444) and their charitable supplies are VAT-exempt; no donor-deduction regime.,"Requires a MISA licence, commercial registration, and an in-person visit to a SAMA-regulated bank. A local sponsor/agent is typically needed; fully remote onboarding is not available to a foreign founder."
Kuwait,Yes,"association (jam'iyya) under the NGOs Law, representative office of foreign NGO",very hard,Founders and board must be Kuwaiti citizens; local address; Arabic filings; foreign individuals cannot form an NGO,N/A for foreign founder (formation not permitted); representative-office route: 2-4 months with a local partner,"Closed to foreign formation; foreigners work through established Kuwaiti charities (e.g. Kuwait Foundation for the Disabled, local societies) or a government-approved representative office; English usable informally, filings in Arabic | Confirm prior; new rules (10 Kuwaiti founders, KWD 10k deposit) re-confirm closed regime",no,"10 Kuwaiti-citizen founders (21+), KWD 10,000 deposit, security clearance; foreign formation barred",none (formation not permitted),N/A directly; representative-office route 2-4 months,Donations to registered associations tax-deductible under personal income tax law,Foreigners give via established charities or government-approved rep offices; funding subject to approvals,high,https://www.asarlegal.com/kuwait-reshapes-regulations-for-charitable-organisations/; https://www.icnl.org/research/library/kuwait_24-62-en/; https://alsubaielawfirm.com/en/establishing-non-profit-companies-in-kuwait/,"Law 20/2008: every association must appoint an auditor (Art. 22), who sends the Ministry of Social Development a copy of the annual accounts report; books must be kept (Art. 25); Ministry can sanction.","No charitable tax-exemption regime: Kuwait levies no income tax, so associations registered under the 1962 Public Welfare Societies law gain no tax benefits and there is no donor-deduction scheme.",A local in-person visit to a Kuwaiti bank is mandatory. A local Kuwaiti representative/sponsor is typically required for a foreign charitable entity; remote onboarding is not available.
Qatar,Yes,"private charitable institution (Qatar Charity framework), branch/partnership with an existing charity",very hard,Founding of a charitable institution requires Qatari citizens (Qatari chair and majority); foreign founders cannot establish a standalone charity; English filings accepted by many agencies,N/A for foreign founder (standalone formation not permitted); partnership route: 1-3 months,"2023 philanthropy law tightened state oversight of foreign-funded work; standard foreign route is a partnership with Qatar Charity or an established Doha NGO, or a representative office approved by the relevant ministry | Confirm prior: foreigners cannot found standalone charity; partnership with Qatar Charity/Doha NGO is standard",no,Qatari chair and citizen majority required; no standalone foreign formation; partnership route only,none (standalone formation not permitted),N/A directly; partnership route 1-3 months,Donations to registered institutions tax-deductible under personal income tax law,2023 Philanthropy Law tightens state oversight; foreign funding of Qatari associations needs approvals,high,https://www.icnl.org/wp-content/uploads/Qatar-Philanthropy-Law-Report-May-2023.pdf; https://www.qcharity.org/en/qa/about,Law 12/2004: the board presents its annual report and accounts to the general assembly; RACA (Amiri Decree 10/2020) supervises charitable institutions; major ones publish audited financial statements as standard.,"Income Tax Law 24/2018, as amended by Law 11/2022, exempts entities operating exclusively for charitable, religious or educational purposes (registered, non-distribution); no donor-deduction regime.","In-person branch visit is mandatory. Qatari banks (QNB, QIIB, Dukhan) require a QID and physical presence at opening; a local partner/agent is usually needed for a foreign charitable institution."
United Arab Emirates,Yes,"Registered charity (DCC/DED charity license); charitable association (jama'iyya) under Federal Law 2/2008 as am. by FDL 50/2023; private foundations only at emirate/free-zone level (DIFC, ADGM)",medium,"Foundation: 1-3 founders, 100% foreign ownership allowed, AED 100,000+ capital, local service provider; association: board must be at least 70% UAE nationals; local office address; English accepted","Foundation: AED 30,000-75,000 all-in (capital + fees + agent), 4-8 weeks; DCC charity registration for an existing foreign charity: AED 5,000-15,000, 4-8 weeks","Most accessible Gulf option for a foreign founder: a UAE private foundation can be 100% foreign-held and run charitable activities; Dubai Charities (DCC) also registers existing international charities; the association route is blocked for all-foreign boards by the 70% nationality rule; strong English-language support | Confirm prior: 100% foreign-owned private foundation is the viable route (AED 30k-75k all-in, 4-8 weeks); DCC also registers foreign charities.",partial,"Local service provider + UAE office required; associations need 70% UAE nationals, foreign-only boards excluded.","AED 2,000-5,000 (~US$550-1,400) DED charity license; private foundation AED 30k-75k all-in",4-8 weeks,"No personal income tax, so no charitable donation deduction regime.",Government prior approval required before a charity receives foreign funding (UAE).,high,https://www.moce.gov.ae/en/w/establish-an-npo; https://www.uaesupremecouncil.org/en/information-and-services/charity-and-humanitarian-work/ways-of-doing-charity-in-the-uae.html; https://www.icnl.org/wp-content/uploads/UAE-Philanthropy-Law-Report-May-2023.pdf,"Charitable societies submit an annual report, including final accounts on resources and spending, plus the annual work program to the IACAD (now the Authority for Public Benefit Organizations).",DED-licensed charities qualify as Qualifying Public Benefit Entities (FDL 47/2022 art. 9): 0% corporate-tax rate if 100% of income is charitable and non-distributed; no donor-deduction regime.,"An in-person meeting is nearly always required at the bank (Emirates NBD, ADCB, FAB). A local signatory with a UAE residence visa is usually required; fully digital onboarding is generally unavailable to non-residents."
Oman,Yes,"association (jama'iyya), private foundation, branch of foreign NGO",hard,Founders and board majority must be Omani nationals; Omani chair; local address; Arabic filings; foreign founders cannot chair,"A$200-600 fees, 1-3 months (gated by finding Omani board members)","Omani nationals are required for leadership roles; practical route for an Australian founder is a program partnership with an existing Omani charity or a representative office with a local sponsor; English usable in government dealings, filings in Arabic | Confirm prior: Omani nationality floor on founders/board makes foreign formation impossible; partnership with an existing charity is the practical route.",no,"40+ Omani-national founders, Omani chair, headquarters in Oman; no pathway for a foreign founder to lead.",~$50-200 (low official fees),1-3 months (foreign founders: not feasible),"No personal income tax, so no charitable donation deduction regime.",Foreign NGO branches require ministry approval/permit; no FCRA-style public donor registration.,high,https://decree.om/2007/rd20070023/; https://qanoon.om/p/2000/l2000014/; https://decree.om/2002/rd20020041/,"Civil Associations Law (RD 14/2000, as amended): ministry supervision includes inspection of annual account audit reports and verification of compliance with the constitution; records must be kept and available.","Registered charitable associations are exempt from Oman's 15% corporate income tax, and donations to them are deductible from donors' taxable income (executive reg. art. 33); no separate application.",An in-person visit to an Omani bank is required. A local representative/partner is typically needed; Central Bank of Oman AML rules mandate physical identity verification for a foreign founder.
Bahrain,Yes,Civil (NGO) organisations under Law 21/1989 (social associations); registered with the Ministry of Social Development (NGO Support Department).,hard,Founders must be Bahraini citizens (min. ~20) and board must be at least two-thirds Bahraini; local address; Arabic filings,Registration is effectively out of reach for foreigners: Law 19/2006 requires 20 Bahraini founders and a 2/3 Bahraini board. Official processing time unpublished.,"Bahrain is the most English-friendly and transparent NGO administration in the Gulf, but the nationality floor on founders/board keeps foreign formation out of reach; standard route is a partnership with an existing Bahraini NGO; government relations are comparatively accessible | Confirm prior: nationality floor (20 Bahraini founders, 2/3 board) keeps foreign formation out of reach; partnership route is standard.",no,20+ Bahraini-citizen founders and 2/3 Bahraini board required; foreigners cannot form an association alone.,none (free registration via MoSA e-services),4-8 weeks (foreign-only formation: not feasible),"No personal income tax, so no charitable donation deduction regime.",Foreign donations to NGOs require prior Ministry of Social Affairs approval; foreign NGOs register branches with MoSA.,high,https://www.social.gov.bh/ngo/ngos_regestration_forms?lang=en; https://services.bahrain.bh/wps/portal/en/BSP/GSX-UI-EServiceDetails?esID=162,"NGO Law 19/2006: each association keeps an annual budget; where revenues or expenses exceed BHD 10,000 the board must present final accounts to a licensed accounting firm; the Ministry supervises and can sanction.","No charitable tax-exemption regime: Bahrain levies no general income/corporate tax (only banking/insurance), so registered NGOs gain no tax benefits and there is no donor-deduction scheme.",An in-person branch visit is mandatory for account opening. A local representative is typically required for a foreign NGO; CBBA AML rules apply and remote onboarding is not available.
Yemen,Yes,"association (jama'iyya) under Law No. 1/2001 (associations, foundations, NGOs), NGO representative office (MOU-based)",very hard,"Registration with Ministry of Social Affairs, local address and local signatories; in-person steps; operating environment requires MOU with authorities","N/A in practice; formal route nominally 1-3 months in a stable environment, not feasible given the conflict","Civil war, fragmented governance, sanctions (Yemen Sanctions) and funding restrictions make direct foreign formation impractical; all foreign work runs through humanitarian MOUs with recognized authorities and established local partners; advise against | Confirm prior: associations law 1/2001 route nominally 1-3 months but impractical; advise against any direct foreign formation.",no,"Civil war, fragmented governance, sanctions and funding restrictions; registration not feasible in current conditions.",none (unavailable in practice),n/a (impracticable in current conflict conditions),No functional income tax; no charitable deduction regime in practice.,All foreign work runs via MOUs with recognized authorities; UN-sanctioned entities and funding channels are restricted.,high,https://www.icnl.org/resources/research/ijnl/ngo-laws-in-selected-arab-states; https://s3.eu-west-1.amazonaws.com/sheltercluster.org/public/docs/mopic_manual_of_procedures_and_organization_of_arab_and_foreign_ngos_work_in_the_republic_of_yemen_-_en.pdf,"Law 1/2001: associations submit annual administrative and financial reports to the Ministry of Social Affairs and Labour, which exercises legal and financial control supervision, with sanctions for non-compliance.",Automatic: art. 40 of the associations law (Law 1/2001) exempts registered associations and foundations from all forms of taxes; no separate application to a tax authority.,"Effectively blocked for a remote founder: instability, sanctions, and Central Bank of Yemen rules require local in-person presence. A Yemeni representative is essential; no remote onboarding exists."
Palestine,Yes,"registered society (jam'iyya) under the Law No. 1/2000 (Charitable Societies), private foundation, branch of international NGO",hard,"Minimum ~15 founders, two-thirds Palestinian residents of the area; local (Ramallah/West Bank) address; board majority local; Arabic filings; MoSAL registration in person","A$150-500 fees, 2-6 weeks in a normal environment; occupation/sanctions add friction","No local-partner requirement to register, so foreign participation in a society is legally possible, but in-person registration in Ramallah, movement/sanctions friction (OFAC Palestinian Territory guidelines) and banking constraints dominate; most foreigners operate via established local NGOs (e.g. PCHR, PNA partners) or international-NGO branch registration | Correct prior: governing law is Law No. 1 of 2000 (charitable associations & civil society orgs), not a Law 1/2000; rest confirms.",partial,"In-person registration in Ramallah, local address, 2/3 Palestinian founders; OFAC/banking friction for foreign funds.",~$50-150 (minimal official fees),2-6 weeks (normal environment) plus travel/sanctions lead time,PA income tax exists in name; no meaningful charitable donation deduction in practice.,Foreign associations must register branches with the Ministry of the Interior; US persons face OFAC PSC restrictions.,high,https://security-legislation.ps/latest-laws/law-no-1-of-2000-concerning-charitable-associations-and-civil-society-organisations/; https://www.icnl.org/resources/civic-freedom-monitor/palestine; https://kurdi.law/establishing-your-international-ngo-in-palestine-a-comprehensive-guide/,"Law 1/2000 (amended 2021): annual work plan and budget to the competent ministry, then by 4 months after fiscal year-end two GA-approved reports, administrative and financial; sanctions up to dissolution.",Art. 14 of Law 1/2000 exempts registered charitable associations from taxes and customs duties on property used for their objectives; general income tax (Law 17/2004) otherwise applies; no donor deduction.,"Local in-person presence at a Palestinian bank (e.g. PAB, NBL Bank) is required. A local agent is typically needed; Central Bank of Palestine AML rules mandate physical identity verification."
Egypt,Yes,"Association (Jam'iyya, Law 70/2017), private charitable institution (Law 149/2019), nonprofit company",hard,"Local registered office, Egyptian-national founders/chair in practice, ministry (Youth & Sports / Social Solidarity) approval, Arabic documents.","EGP 1,000–5,000 (~US$20–100) + legal/agent fees, 3–6 months incl. security vetting",Heavy bureaucracy and security review; Arabic mandatory; many foreign-supported charities operate via local partner bodies or branches. | Confirm prior; 2019 law forces all NGOs to re-register; foreigners must be legal residents in Egypt to be founders/members,partial,"Egyptian-national chair in practice, local office, Arabic docs, security vetting by ministries","~$20-100 (EGP 1,000-5,000) plus agent/legal fees",3-6 months incl. security vetting,deductible for registered bodies; 10% of net taxable income cap,Prior government approval required for foreign funding under 2019 law; foreign entities need ministry permits,high,https://en.wikipedia.org/wiki/Egyptian_NGO_Law; https://timep.org/2018/11/14/timep-brief-ngo-law/; https://www.amnesty.org/en/latest/news/2025/11/egypt-reverse-sweeping-controls-over-independent-civil-society-organizations/,Law 70/2017: associations file an annual activity report and financial statements with the supervising ministry (Social Affairs or Interior) by 31 March; larger ones must have accounts audited; risks suspension.,Registration automatically grants income-tax exemption under art. 47 of the Income Tax Law 91/2005 on revenue from charitable activities; donors deduct 10% (individuals) / 15% (legal persons).,"A 2024 CBE circular permits non-resident foreigners to open accounts subject to AML checks. An in-person visit, passport, and proof of an Egyptian address are required; a local representative is helpful."
Sudan,No,Voluntary and humanitarian organisations under the 2006 Voluntary & Humanitarian Work (Organisation) Act; associations are the main registered form.,very hard,"Sudanese founders/chair, local office, Ministry of Culture & Information approval.",Registration is suspended and unworkable since the 2023 civil war; the 2006 Act makes registration mandatory and the state a gatekeeper. Effectively impossible now.,2023 civil war has paralysed registration bodies in most areas; acute security risk for foreign personnel; effectively unworkable right now. | Confirm prior: registration effectively suspended during conflict; Voluntary and Humanitarian Work Act is the restrictive governing law,no,Civil war paralysed registration bodies; Humanitarian Aid Commission cancels registrations; Sudanese founders only,"~$100-300 (nominal, when functional)",3-6 months when functional; effectively suspended,deductible for registered bodies; ~5% of taxable income cap,Mandatory Humanitarian Aid Commission registration; funding tightly controlled; unregistered orgs shut down,high,https://www.icnl.org/resources/civic-freedom-monitor/sudan; https://reliefweb.int/report/sudan/sudan-govt-cracks-down-civil-society-groups-entire-country; https://www.refworld.org/legal/legislation/natlegbod/2006/96272,Voluntary and Humanitarian Work Act 2006 (as amended): registered organizations must re-register annually and submit annual activity and financial reports to the supervising ministry; non-filing risks revocation.,"Not automatic: art. 25 of the 2006 Act lets the Finance Minister, on the minister's recommendation, exempt registered CSOs from customs duties and taxes; no codified general charitable tax-exemption regime.",Local in-person presence is required. A Sudanese agent/representative is essential given instability and sanctions; Bank of Sudan AML rules mandate physical verification. Remote onboarding is not available.
Libya,Yes,"Non-governmental organisations under NGO Law No. 19 of 2001 (plus 2013 circulars); scope limited to social, cultural, sports, charitable and humanitarian work.",very hard,"Libyan-national founders/chair, local office, ministry approval; registry split between rival governments in Tripoli and the east.",No path to foreign formation; dual authorities and state-gatekept registration. Effectively impossible for a foreign founder with no local presence.,"Fragmented dual-government structure, militia influence, no workable foreign-formation path; foreign NGOs operate via UN/embassy channels only. | Confirm prior, with correction: current framework is NGO Law No. 19 of 2001 (and 2013 circulars), not Law 12/1989 as sole basis",no,"Split governments, militia influence; foreign orgs register with Foreign Organizations Registry; no workable path",nominal (no published fee),6-12 months when functional; largely suspended,deductible for registered bodies; ~5% of taxable income cap,Foreign orgs must register with Ministry of Culture registry; ongoing crackdowns under Law 19/2001,high,https://security-legislation.ly/latest-laws/law-no-19-of-2001-on-the-reorganization-of-ngos/; https://www.icnl.org/wp-content/uploads/Libya_foreign-org-control-en.pdf; https://www.hrw.org/news/2023/04/18/libya-crackdown-nongovernmental-groups,"NGO Law 19/2001: the board prepares an annual budget and final accounts each year (auditor reference per PM Decree 286/2019); strict state supervision, with sanctions and deregistration for non-filing.","Automatic on NGO registration (NGO Law 19/2001; 50+ local founders, Libyan HQ): state recognition triggers Income Tax Law 7/2010 art.33 income exemption; donor deduction up to 2% net income; no VAT; time unpublished.","Effectively blocked: state-run banks require in-person visits, local address, and income proof for foreigners; no remote opening or diaspora channel for foreign founders."
Algeria,Yes,Associations under Law 12-06 of 2012 (amended 2020); associations for utility (d'intérêt général); registered with the wilaya (province) authorities.,hard,"Local registered office, Arabic founding documents, declaration to the wilaya (provincial) authority; foreign founders heavily restricted.","About DZD 5,000-15,000; 1-3 months. Foreign-founded associations require government pre-approval (art.23); a 2025 replacement bill is not in force.",Strict regulation with security vetting for any foreign involvement; slow bureaucracy; Arabic required. | Confirm prior; Law 12-06 (2012) in force; 2025 replacement bill maintains prior authorisation and expands state control (not yet in force),partial,"Local office, Arabic docs, wilaya declaration; foreign members need state agreements; foreign ties scrutinised","~$25-75 (DZD 5,000-15,000)",1-3 months,deductible for registered bodies; 10% of net taxable income cap (50% for education/health),Prior authorisation for foreign cooperation; foreign members need state agreements,high,https://www.hrw.org/news/2025/09/25/algeria-lift-undue-restrictions-on-associations; https://www.icnl.org/post/in-the-news/algeria-passes-new-law-on-associations; https://icnl.org/post/in-the-news/algeria-passes-new-law-on-associations,After each general assembly the association must send the minutes plus the moral and financial report to the wilaya authority (Law 12-06 Art. 19); inactivity can ground administrative dissolution.,"No blanket income-tax exemption: activities taxable (19-26% IS); resident donors get a 40% gift credit (5% taxable-income cap); corporate donors deduct humanitarian gifts to 4M DA; no VAT; UPU separate, time unpublished.","Needs a local visit: banks demand passport, local address proof, and residency documentation; non-resident (INR) accounts are limited to holders of Algerian public contracts."
Tunisia,Yes,"Association (Décret-loi 2011-88, declaration at prefecture); CSO/NGO under same law; Foundation (Civil Code)",medium,"Registered office in Tunisia plus a local-resident representative (Tunisian, or foreigner resident in Tunisia); simple declaration to the prefecture.","Declaration filing TND 50-200 (~US$10-40), no published official fee; 1-2 weeks to register, 2-4 weeks total; foreign founders need a local address","Most open civil-society law in the region; declaration-based, so registration is fast; post-2022 political centralisation adds compliance risk. | Confirm prior; governing text is Decree-Law 59-154 of 1959; only 2 founders needed; members 13+, must accept bylaws in writing",partial,Founders must be Tunisians or foreigners legally resident in Tunisia; local office and resident representative required,~$10-40 (TND 50-200),2-4 weeks,"deductible; 50% of donation value, capped at 10% of taxable income",Foreign associations need branch registration + resident rep; 2023 draft adds Foreign Ministry authorisation,high,https://www.icnl.org/resources/civic-freedom-monitor/tunisia; https://global.ecovis.com/how-to-register-a-foreign-association-in-tunisia-which-obligations-must-be-met/; https://legislation-securite.tn/latest-laws/decret-loi-n-2011-88-du-24-septembre-2011-relatif-aux-associations/,"No heavy annual return under Decree-Law 2011-88: periodic activity declarations reach the prefecture, foreign funds received must be disclosed (Art. 41); closure/dissolution by administrative procedure.","Automatic by law: associations under Decret-loi 2011-88 are outside corporate-tax scope (DGELF 133/2013); VAT exemptions for charitable operations; no blanket donor deduction; no separate application, no approval time.","In-person at a bank branch: passport, proof of address (often Tunisian) and AML source-of-funds docs; a convertible-dinar account for non-residents exists but opening is branch-based."
Morocco,Yes,"Association (Dahir 1-58-376 of 1958, am. 2002; declaration at prefecture); Cooperatives (Law 19-00); foreign associations need Interior Ministry permit",medium,"Moroccan registered office, Arabic statutes, wilaya/provincial governor approval; foreign founders permitted.",Registration free (fees unpublished); notary/deed ~US$100-300; 1-3 months; foreign associations face extra Interior Ministry authorization,Governor discretion can delay approvals; most expats register via a local address agent; Arabic mandatory. | Confirm prior with correction: governing text is Dahir 1-58-376 of 1958 (not 'Law 1956'); foreign founders permitted; 1-3 months realistic,partial,Registered office + Arabic statutes; governor discretion can delay; local address agent usually needed,~$50-200 incl. notary/agent,1-3 months,deductible; up to 15% of net taxable income for approved charitable associations,Foreign associations may not operate without registration; foreign funding subject to declaration/approval rules,med,https://9anonai.com/en/blog/ngo-establishment-law-morocco; https://www.lexmundi.com/guides/social-enterprise-law-surveys/jurisdictions/africa/morocco/; https://www.icnl.org/research/library/morocco_act-2002-en/,"Dahir 1-58-376 is a declaration regime - no formal annual-return filing, but the association must prove its prior declaration (failure risks dissolution) and public-utility bodies must keep true-and-fair accounts.","IS exemption automatic by law (CGI 6 I-1) for bylaws-conform operations; separate RUP decree (SGG, 6-month max) unlocks unlimited corporate donor deduction + VAT gift exemption; foreign bodies need Interior approval.","Needs a local visit, not local residency: a passport suffices to open a non-resident foreign-currency (compte en devises) EUR/USD/GBP account in person; standard dirham accounts require residency."
Mauritania,Yes,"Association (levels 1-3, filed with Interior Ministry / wali / hakem) and foundation (min endowment 3,000,000 MRU, notarized act, publication in Journal Officiel); foreign associations may register branches (law 2021-004).",hard,"Local registered office, meaningful local-national involvement, registration with the interior ministry; French/Arabic documents.","Fees unpublished (as of 2026; law requires 'droits de timbres', no amount published). Official portal (procedures.gov.mr) states 59-day processing; law 2021-004 Art.7: final receipt within 60 days max.","Very opaque, low-information bureaucracy; few foreign-led charities operate domestically; French-language burden. | Confirm prior: authorization-based regime, registration sometimes denied; 2016 amendment and 2020 draft added reporting and funding controls | [verified] direct local registration effectively requires Mauritanian presence (local siege, NNI national ID of each founder, notarized deposit act per Interior Ministry procedure); law 2021-004 Art.42 lets an established foreign association register a branch via Foreign Affairs declaration plus framework agreement with a ministry. | Correction: Law 2021-004 replaced the 1964 regime: declaration-based, receipt within 60 days max; foundation vehicle added; official portal states 59 days.",partial,"Express government authorisation required; local office, French/Arabic docs, heavy national involvement; denials common",~$100-300,2-4 months,"limited deductions for approved charities; regime opaque, limited public detail",Government authorisation for foreign funding; crackdown on unregistered orgs; annual reporting mandated,high,https://closingspaces.org/incident/mauritania-barriers-to-ngo-registration-and-crackdown-on-unregistered-organizations/; https://monitor.civicus.org/explore/association-mauritania/; https://www.hrw.org/news/2020/11/23/mauritania-revise-draft-associations-law; https://procedures.gov.mr/fr/procedure/819,Law 2021-004 Art. 21: annual activity report to the CSO-relations department by 31 March; public-utility associations add an audited financial report (Arts. 36-37); foreign associations face the same controls (Art. 43).,Automatic by law (CGI 4(1)(b)): NGO income exempt from IS except competitive business; corporate donors deduct gifts to UPU bodies to 0.2% of turnover (max 2M Ouguiya); no individual deduction; no VAT; time unpublished.,"In-person required: passport, visa/residence documents, local address proof and references; few banks serve foreigners and no remote opening."
Western Sahara,No,No independent registry (non-sovereign territory; Moroccan dahir 1-58-376 applies in Moroccan-administered areas only),very hard,Not available independently; the practical route is registering an association in Morocco.,No independent registry; Moroccan law applies in Moroccan-administered areas; NGO formation by foreigners is not possible (n/a),Contested territory (Morocco vs. Polisario); no functioning independent civil-society registry; register in Morocco instead. | Confirm prior: no functioning independent civil-society registry; practical route is a Moroccan association (Dahir 1-58-376/1958),no,No independent registry; contested territory - Moroccan law applies in Moroccan-administered areas,n/a,n/a (register in Morocco instead),n/a - no independent tax regime; Moroccan rules apply in Moroccan-administered areas,n/a - no independent regime; Moroccan registration required for any association in Moroccan-administered areas,high,https://www.lexmundi.com/guides/social-enterprise-law-surveys/jurisdictions/africa/morocco/; https://www.state.gov/reports/2024-country-reports-on-human-rights-practices/morocco/,"No independent registry: the Moroccan dahir 1-58-376 declaration regime applies only in Moroccan-administered areas, so annual duties reduce to maintaining the declaration and public-utility accounting.",No independent regime: Moroccan dahir applies in Moroccan-administered areas only. IS exemption automatic (CGI 6 I-1); separate RUP recognition (6-month max) unlocks unlimited corporate donor deduction + VAT exemption.,"No independent banking infrastructure: no central bank of the territory; accounts depend on Moroccan banks in administered areas (in-person, Moroccan AML rules) and are effectively inaccessible remotely."
Ethiopia,Yes,Local CSO and foreign CSO/NGO (CSO Proclamation No. 1113/2019; single-law registration with Civil Society Registry Commission),very hard,Ethiopian-national founders for a domestic entity; a foreign founder must work through a partner organization or as a registered foreign NGO.,Registration ~US$200-500 via local partner/agent; 3-6 months; foreign CSOs register via country office and local representation,"2021 reform liberalised funding and registration, but foreigners cannot directly form a domestic charity; security clearance applies; Amharic/English documents. | Confirm prior: 2021 CSO Proclamation (1259/2021) keeps foreign founders out of domestic entities; cost 3-6 months via partner is reasonable.",no,"Domestic CSOs require Ethiopian-national founders/members; a foreign founder can only register a foreign NGO office, which needs a local entity and CSO Agency approval.",~$100-300,3-9 months,Charitable gifts deductible up to 10% of taxable income (Ethiopian residents); CSOs exempt on grants/dues.,"2021 reform allows foreign funding of registered CSOs, but funds must flow through the CSO Agency/ACSO channel; no direct foreign donor license.",med,https://cof.org/country-notes/nonprofit-law-ethiopia; https://www.primelaw.law/insights/ngo-lawyer-ethiopia-cso-guide; https://www.icnl.org/resources/civic-freedom-monitor/ethiopia; https://www.csrc-et.org/resources/cso-registration-guide,"Proclamation 1113/2019 Arts. 72-73: annual performance and accounting report to the CSO Agency within 3 months of fiscal year-end, with certified audit in the same period; failure can lead to suspension or revocation.","Automatic by law: ITP art.65(1)(m) exempts registered CSOs' non-business income (donations, grants); business income taxable; no blanket donor deduction; self-asserted at filing, no time; resident founders required.","In-person application at a bank: passport, local address proof (utility bill/kebele letter) and photos; diaspora accounts serve only Ethiopians abroad; no remote opening."
Eritrea,Yes,No independent NGO law; state-controlled associations only; donor funds must pass through government ministries,very hard,No legal pathway for an independent foreign-founded charity.,No independent NGO law; state control of associations; foreign NGO registration not possible (n/a),No legal space for independent civil society; all associations are state-controlled; high political risk. | Confirm prior: no legal pathway for an independent foreign-founded charity; state control confirmed by 2005 NGO Proclamation.,no,No functioning independent civil society; all associations are state-controlled and donor funds must pass through government ministries.,none,not applicable - no legal pathway,No practical charitable deduction regime; tax system minimal and not applied to charitable giving.,All NGO funding must be channeled through Eritrean government ministries (NGO Proclamation 145/2005); de facto ban on independent foreign charity work.,high,https://www.icnl.org/post/in-the-news/eritrea-new-ngo-law-threatens-existence-of-civil-society; https://www.refworld.org/legal/legislation/natlegbod/2005/en/95934,Proclamation 145/2005 Art. 6: registration must be renewed annually; registered NGOs file quarterly progress reports plus an annual financial report drawn by an independent audit firm within 4 months of year-end.,"No charitable exemption: Income Tax Proclamation 145/2005 has no charitable carve-out, so associations are ordinary taxpayers; only an ad-hoc ministerial agreement can exempt; donor deduction and VAT relief undocumented.","Effectively blocked for non-resident foreigners: only state-owned banks, foreign banks excluded, and foreign accounts limited to legal residents under nakfa withdrawal caps; no remote opening."
Djibouti,Yes,Association (French Law of 1901 (associations) as amended; declaration at Ministry of Interior); no separate NGO vehicle,hard,"Local registered office, Djiboutian-national chair/meaningful involvement, interior-ministry registration; French/Arabic documents.",Fees unpublished; agent costs ~US$100-300; 1-3 months; foreign founders generally need a Djiboutian local representative,"Tight, security-driven regulation in a small country; English sometimes tolerated in practice; foreign aid actors mostly work through local partners. | Confirm prior: association law requires local involvement; cost ~$100-300 and 1-3 months plausible.",no,Associations must be registered with the Ministry of Interior with a local office and Djiboutian leadership; security-driven discretion makes remote foreign founding impractical.,~$50-150,1-4 months,Charitable gifts to registered associations can be deducted for resident taxpayers under the personal income tax code (modest regime).,"Foreign funding of associations is subject to approval/supervision; no explicit FCRA-style register, but aid actors register through local partners.",med,https://www.ecoi.net/en/countries/djibouti/national-laws/; https://2021-2025.state.gov/reports/2021-report-on-international-religious-freedom/djibouti/; https://www.womenconnect.org/web/djibouti/business-registration/-/asset_publisher/ObbONgnQXwfM/content/les-principaux-types-de-societe-enregistres-au-guichet-unique; https://www.nyulawglobal.org/globalex/djibouti1.html,"Associations under Law 51/AN/71 (1971, as amended, with newer CSO law 107/AN/24) file an annual activity report with the Interior ministry; authorities can dissolve for failure to report or unlawful activity.",Separate request via Interior Minister: presidential decree of public utility; donations exempt from registration/transfer tax; VAT exemption for nonprofit charitable services; no donor deduction; time unpublished.,"In-person visit required: passport, local address/residence documentation and source-of-funds checks; several banks offer non-resident accounts on visit, none open fully remotely."
Somalia,Yes,"NGO (NGO Act 2019, FMOO registration); national and international NGOs; domestic associations under regional law",very hard,Somali founders for a domestic entity; foreign NGOs register through embassy channel; local presence and security plan required.,Fees unpublished; ~US$300-500 with agent; 3-6 months; suspended in many areas outside federal control,"Severe insecurity and fragmented federal registries (Puntland, Somaliland, South West each have their own); foreign staff face high security risk. | Confirm prior: severe insecurity and fragmented registries; domestic charities need Somali founders; 3-6 months is optimistic, extend to 12.",no,"Fragmented federal state: separate regional NGO laws (Puntland, South West, etc.); foreign NGOs register regionally with local offices, security plan, and embassy channel.",~$200-500,3-12 months,No developed charitable deduction regime; limited/no formal tax incentives for donations.,"Foreign NGOs need regional government registration and approval of staff; no FCRA-style donor licensing, but registration itself is the gate.",med,https://www.icnl.org/resources/civic-freedom-monitor/somalia; https://www.scribd.com/document/892552069/Puntland-Ngo-Act-English-Version; https://somaliangoconsortium.org/silo/files/ngo-act-final-nov-26-2019--english.pdf,"NGO Act 2019 Art. 17: annual financial and narrative reports, including the audit report, are due to the NGO Coordination Office by 31 May; the certificate is valid 2 years and must be renewed (Art. 16).","No statutory recognition: tax exemptions are ad-hoc, negotiated individually with the Ministry of Finance; no income-tax exemption, donor deduction, or VAT relief documented; time unpublished.",In-person with local address proof: passport and CBS/AML-KYC checks; some diaspora products exist (e.g. Salaam SSB non-resident accounts) but generally a local visit is needed.
Somaliland,No,"NGO/welfare organization (Presidential Decree No. 82/11 of 2010; 5+ founders, nationals or foreigners); association",hard,"Local registered office and local partner involvement, registration with the interior/social-affairs ministry.",Registration fee required (amount unpublished); ~US$300-500 with agent; 1-3 months; foreign founders may join as co-founders,"De facto state without international recognition: banking, sanctions-compliance and repatriation risk; the civil-society registry is relatively functional and stable. | Confirm prior: 2010 NGO law (not 2005) governs; registry is relatively functional; cost 1-3 months plausible.",partial,De facto state: requires local registration with the Planning/Interior ministry and local office; banking and sanctions compliance add friction for a remote founder.,~$100-300,1-4 months,No formal charitable tax-deduction regime in practice.,"NGOs Law (2010) and I NGO Law regulate foreign NGOs; foreign groups face scrutiny over acting as implementers, but no donor ban.",med,https://www.icnl.org/research/library/somalia_ngolaw/; https://www.icnl.org/research/library/somalia_ingos/; http://www.somalilandlaw.com/somaliland_ngos_law.html,Decree 82/11 (2010): the certificate is renewed annually (fee ~USD 60) and end-of-year NGO reports are assessed by the Consultative Committee; NGOs that suspend or fail to renew are struck off the General Register.,Separate SRA written ruling (not automatic): income-tax exemption for charitable public institutions; no donor-deduction rate/cap or VAT exemption documented; time unpublished.,"In-person at Bank of Somaliland branches: passport, local address and KYC under AML Law 72/2016; unrecognised-state status limits correspondent banking; no remote opening."
South Sudan,No,NGO (NGO Act 2016; RRC registration); domestic associations; national and international NGO categories,very hard,South Sudanese founders for a domestic entity; foreign NGOs register via embassy channel; local office required.,"RRC fee ~US$150-1,100 (raised from US$200); ~US$300-500 total with agent; 6-12 months; suspended in many conflict areas","Post-conflict, high security risk, weak institutions; most international actors work through established partners or missions. | Confirm prior, update: governing law is NGO Act 2016 (not 2009); 2023 amendment bill adds 80% local staff requirement; 6-12 months realistic.",no,Foreign NGOs register through the embassy channel with a local office and South Sudanese staff (proposed 80% local staffing); security and weak institutions slow everything.,~$300-600,6-12 months,Charitable deductions exist in the Income Tax Act for registered donors but are rarely used; no formal public charitable-giving incentive.,"NGO Act 2016 requires registration, local office, and approval of funding; no FCRA-style donor register, registration is the gate.",med,https://docs.southsudanngoforum.org/sites/default/files/2017-11/NGO%20Act%202016.pdf; https://www.refworld.org/legal/legislation/natlegbod/2016/151196; https://www.ohchr.org/en/press-releases/2013/12/ngo-bill-threatens-hinder-civil-societys-work-in-south-sudan-un-rights-experts; https://docs.southsudanngoforum.org/index.php/coordination/faqs/how-register-ngo-south-sudan,"NGO Act 2016: the operational license renews on application with performance reports, an audited financial report and next-year budget (Art. 13); unregistered operation is prohibited and the commission can audit.","BPT exemption by operation of law on RRC registration with public-benefit status; donor contributions deductible, no cap published; 18% sales tax, no NGO exemption; time unpublished.","In-person required: passport, proof of address and sometimes a reference/introduction letter; only a handful of banks and weak infrastructure; no remote opening."
Seychelles,Yes,"Association (Associations Act 2022, no registration fee); Foundation (Foundations Act 2009, ~US$200); NPO status via CEPS",easy,Local registered office and licensed local agent; foreign directors permitted; registration with the Registrar of Companies.,"Association: no fee; Foundation ~US$200 + registered agent US$500-1,000; 2-6 weeks; foreign founders need local registered office/agent","English-language, simple, offshore-friendly regime; popular with foreign founders; a Seychelles charity gains no local tax-exempt status without local operations. | Confirm prior: NPO Act 2013 for local NPOs; the practical foreign route is the Seychelles Foundation Act 2009 (SIBA, $200 gov fee); prior $1,500-3,000 is agent-inclusive. | Verified: No local presence required; foreign founder may be a councillor; FSA registration fee ~US$200 plus ~US$200 annual. | Verified 2026: NPO Act Cap. 741 (Seychelles NPO Act 2013) is the current local regime; no amendment changing the route found; the foreign-foundation route (Foundation Act 2009) remains the practical path for non-residents.",yes,"Requires a licensed local agent and registered office in Seychelles; founders/directors can be 100% foreign, so remote setup is routine for a fee.",200,1-3 weeks,"No domestic charitable deduction regime for offshore foundations; Seychelles foundations are generally tax-neutral, not tax-privileged donors.",No restrictions on foreign donors; foundations receive no special public-benefit status without local activity.,high,https://www.ifcreview.com/articles/2010/february/seychelles-foundations/; https://sterlingoffshore.com/knowledge-base/foundations/seychelles-foundation/; https://gsl.org/en/offers/establishing-a-seychelles-foundation/; https://www.fsaseychelles.sc/images/Licensing_and_Registration_Fees.pdf; https://www.gazette.sc/sites/default/files/2022-05/Act%208%20-%202022%20-%20Associations%20Act%202022.pdf,"Associations Act 2022: the secretary files a return of officers' names and addresses with the Registrar by 31 January each year, and audited accounts on request; a foundation's registered agent must keep filings current.",Separate application via CEPS to Ministry of Finance: business-tax exemption for charitable institutions; no general donor deduction; VAT exempt only on international donations; time unpublished. | Verified 2026: donor-deduction route = CEPS 'charitable institutions' business-tax exemption (no general donor deduction); no change found.,"In-person at Seychelles banks (Absa, MCB, Nouvobanq): passport, strict KYC and source-of-funds docs; a Mahé residential address is typically expected; no remote opening."
Mauritius,Yes,"NPO (Registration of Associations Act 1978, Registry of Associations); Foundation (Foundations Act 2016); Company Limited by Guarantee (Companies Act 2001)",medium,Mauritian registered office (local agent provides it); foreign founders/directors permitted; NPOs have a local-presence element.,"Registry fee ~USD 500-1,500 incl. registered agent; 2-6 weeks; foreign founders need a local director/secretary","English-language with strong professional-services infrastructure; the IFSA foundation is the most foreigner-friendly route; popular expat-charity pathway. | Confirm prior: Foundations Act is 2012 (not 2014); Registration of Associations Act 1978 remains for local NPOs; $500-1,500 prior is agent-inclusive, gov fees are far lower.",partial,"Needs a registered office and local registered agent in Mauritius; foreign founders/directors fully permitted, so remote setup is straightforward.",~$150-400 government,2-6 weeks,Donations to approved public-benefit NPOs/donate trusts are deductible by resident donors; offshore foundations get no local public-benefit status.,No restrictions on foreign donors; the IFSA foundation route (Foundations Act 2012) is explicitly open to foreign founders with non-resident beneficiaries.,high,https://lawsofmauritius.govmu.org/portal/viewlegislationdocument/web/?doctitle=Rm91bmRhdGlvbnMgQWN0IDIwMTI=&docnumber=&doctype=act; https://www.offshorecompany.com/company/mauritius-foundation/; https://www.lexology.com/library/detail.aspx?g=7f129550-d012-4b0e-a764-61f0a39eff3c; https://labour.govmu.org/Pages/Registry-of-Associations.aspx,"Associations: s.23 Registration of Associations Act 1978 - annual return of receipts and expenditure goes to the Registrar, public on application; foundations file annual returns and audited accounts to the ROC.","Separate MRA approval (Director-General, s.49D) after NPO Act registration: income-tax exemption via Second Schedule; donor deduction capped MUR 30,000/yr (s.27DA, e-donations); no VAT exemption; time unpublished.","In-person visit: non-resident and business accounts exist under strict FSC AML/CFT KYC (identity, address, source of funds, CRS/FATCA); most banks expect founder presence."
India,Yes,"Public charitable trust (state trust deeds), registered society, Section 8 company (Companies Act 2013)",medium,"Trust: 2+ trustees with at least one Indian-resident trustee in practice, Indian registered office and bank account; Sec 8 company: 1+ director resident in India 182 days/yr.","Trust: ~INR 2,000-15,000 fees plus stamp duty, 2-6 weeks; Sec 8: ~INR 30,000-50,000, 6-12 weeks","12A (income-tax exemption) and 80G (donor deductions) registrations are separate follow-up applications, add 1-3 months. English widely used in filings. Foreign founders routinely use trust + Indian resident trustees. | confirm prior - Sec 8 needs 1+ director resident in India 182 days; 12A/80G + FCRA are separate follow-ups.",partial,At least one director/trustee resident in India (182+ days) needed; separate 12A/80G and FCRA processes add months.,"~$150 (trust) to ~$600 (Sec 8), plus stamp duty",6-12 weeks (trust faster; 12A/80G adds 1-3 months),50% (some 100%) deduction of donation to 80G-registered charities; 30% of adjusted gross income cap.,"FCRA 2010 registration with MHA mandatory for foreign funds; 20% admin cap, no sub-granting, renewal every 3 yrs.",high,https://taxguru.in/company-law/section-8-companies-formation-regulation-operation.html; https://www.icnl.org/our-work/asia-pacific-program/india-fcra; https://beaconfiling.com/services/section-8-company,"Section 8 company: AGM and statutory audit each year; AOC-4 filed within 30 days and MGT-7 within 60 days of the AGM, plus ITR-7 for 12A/80G; late or missing filings attract MCA penalties and filing restrictions.",Separate Form 10A/10AB application to Income Tax Dept: income-tax exemption + 80G donor deduction 50% (10% AGTI cap); no general VAT/GST exemption; ~1-3 months (time unpublished).,Effectively blocked for foreign non-citizens: RBI/FEMA NRE/NRO accounts are limited to Indian citizens (NRIs/OCIs); resident accounts are off-limits to foreigners without local employment/residency.
Pakistan,Yes,"Public charitable trust (trust deed), Section 42 non-profit company (Companies Act 2017), registered society",medium,"2+ trustees with at least one Pakistani resident in practice, local registered office; Sec 21 company needs at least one Pakistani resident director and local secretary.","Trust: ~PKR 30,000-80,000, 2-8 weeks; Sec 21: ~PKR 150,000-250,000, 4-8 weeks",Tax-exempt status is a separate FBR application after incorporation. English used in filings; local resident trustee/director is the main hurdle for a foreign founder. | confirm prior - Sec 42/21 license route via SECP under Companies Act 2017 confirmed; 2018 charitable regulations apply.,partial,Resident Pakistani director/secretary (Sec 21) or trustee required; FBR tax-exempt status is a separate application.,~$100-300 (trust) to ~$600-900 (Sec 21),4-12 weeks (trust 2-8; Sec 21 4-8; FBR exemption separate),Deductible if FBR-approved; capped at 25% of adjusted taxable income (individuals).,None notable - no FCRA-style licensing; banks apply standard AML/repatriation compliance.,high,https://www.secp.gov.pk/media-center/press-releases/secp-notifies-regulations-for-non-profit-associations/; https://www.secp.gov.pk/wp-content/uploads/2016/04/GUIDE-OBTAINING-LICENSE-SEC-42.pdf; https://pcp.org.pk/wp-content/uploads/2022/03/Guide-Book-on-NGO-1-min.pdf,SECP: a Section 42 non-profit company files its annual return (Form 29) and audited accounts by the Companies Act 2017 s.130 dates; late or non-filing draws penalties and can trigger suspension of the company.,Separate FBR Commissioner approval (ITO 2001 s.2(36)) after registration + NTN: 100% income-tax exemption (s.100C); donor gift tax credit capped 30% taxable income (s.61); no VAT exemption; time unpublished.,Fully online possible: the SBP-regulated Roshan Digital Account (extended to foreign nationals in March 2026) allows remote opening of repatriable accounts within ~48 hours.
Bangladesh,Yes,NGO (Foreign Donations (Voluntary Activities) Regulation Ordinance 1978; registration via BIDA); charitable trust (trust deed); company limited by guarantee (Companies Act 1994),hard,"At least two-thirds of the NGO board must be Bangladeshi citizens (NGO Act 1961, s.3); local office and local officers required.","Registry fees BDT 5,000-20,000 (~US$50-200); 4-12 weeks; foreign founders need local co-optors for trust/society forms",Foreign founder cannot form an NGO without enough Bangladeshi citizens to fill 2/3 of the board. The 2016 NGO Ordinance restricts foreign-funded NGOs (derogatory-remarks clause) - ongoing political/legal risk for donor-funded charities. | confirm prior - NGO Act 1961 s.3 2/3 Bangladeshi-citizen board rule; 2016 Foreign Donations Act replaces 1978 Ordinance.,no,2/3 of NGO board must be Bangladeshi citizens; NGO Affairs Bureau controls foreign-funded NGOs (2016 Act).,~$20-100,"4-12 weeks, if Bangladeshi-citizen board is feasible","Deductible for donations to government-recognized charitable organizations, subject to limits.",Foreign-funded NGOs must register with NGO Affairs Bureau (2016 Act); foreign currency account permission; cancellable.,high,https://bdlaws.minlaw.gov.bd/act-312.html; https://objectstorage.ap-dcc-gazipur-1.oraclecloud15.com/n/axvjbnqprylg/b/V2Ministry/o/office-legislativediv/2024/12/07a7375df50e45a38628afb7a45ddd75.pdf; https://www.jica.go.jp/activities/schemes/partner/ngo_support/japandesk/n_files/ban_15_bangladesh_e.pdf; https://ngoab.gov.bd/,BIDA: the certificate is valid five years and must be renewed before expiry; the NGO files an annual report on donation receipt and utilisation; non-compliance can lead to suspension or deregistration.,"Separate Principal/Commissioner of IT application (s.46 ITO 1984): charitable-trust income-tax exemption; 100% donor tax credit (s.50, 10% adjusted-total-income cap); VAT-exempt charitable income; time unpublished.","In-branch visit: standard taka accounts need a visa/work permit, local address and e-TIN; only foreign-currency (FC/NFCD) accounts are reachable without residency; no remote opening."
Sri Lanka,Yes,"Public charitable trust (Trusts Ordinance (Cap. 72), Commissioner of Charities); Company Limited by Guarantee (Companies Act 2007); association (Companies Act s.34)",easy,"Trust deed with 2+ registered persons (3 recommended), local registered office; no citizenship requirement for trustees.","Registry fees LKR 5,000-20,000 (~US$15-70); 2-6 weeks; foreign founders need local trustees/directors for all forms",Most expat-friendly in the region for a foreign founder; English is an official language. 12B tax-exempt status application to IRD follows trust registration. | confirm prior - trust route via Registrar-General (Trusts (Amend) Act 2018) confirmed; no citizenship requirement for trustees. | Verified: All international NGOs must register with the NGO Secretariat; MFA approval and a local address/agent required.,partial,Local registered office + bank account needed; 12B exemption and Approved Charity status are separate IRD steps.,20,4-12 weeks,Deductible for donations to Minister-listed Approved Charities; capped at assessable income.,International NGOs must register (ROC/NGO unit) to receive foreign funds; no FCRA-style licensing regime.,high,https://counselit.com/how-to-register-a-charity-organization-in-sri-lanka/; https://ngosec.gov.lk/our-services/registration-of-ngos; https://www.ird.gov.lk/en/publications/sitepages/approved%20charity.aspx?menuid=1408; https://drc.gov.lk/intro/,A registered public charity has no fixed annual return to a registry: the Court and Public Trustee supervise accounts under the Trusts Ordinance; a CLBG under the Companies Act 2007 files annual returns with the DRC.,Separate Finance Minister application: gazetted 'approved charity' (IR Act 24/2017); 14% preferential IT rate; donor deduction 1/3 taxable income (max Rs 75k individuals); no VAT exemption; time unpublished.,In-person with local residency: AML rules bar tourists and remote applicants from rupee accounts; work/residence visa plus local address required; LKR outflows restricted.
Nepal,No,"NGO/association (Associations Registration Act 1977, District Administration Office); Trust (Trust Act 2000); Social Welfare Council affiliation",medium,"NGO: board of 7 with at least 5 Nepali citizens, registration at the District Administration Office plus Social Welfare Council affiliation; Trust: 1+ settlor, foreign settlor permitted.","Fees ~NPR 2,000-10,000 (~US$15-80); 1-4 weeks; domestic NGOs need 7+ Nepali citizen founders, foreigners need local partners","The trust route is the simplest expat pathway (no citizen-quota for trust deed). Foreign funding requires Social Welfare Council approval, which adds time and discretion. | confirm prior - Trust Act 2064 (2007) route confirmed for foreigners; NGO route needs 5 of 7 Nepali-citizen board.",partial,Trust needs local address/representative; foreign funding needs Social Welfare Council approval (discretionary).,~$15-130,1-4 weeks (trust); SWC affiliation adds time,Deductible for donations to registered charitable organizations/associations.,Foreign NGOs must register with SWC; Foreign Contribution Act governs receipt of foreign funds.,med,https://lawalpine.com/blog/ngo-registration-in-nepal; https://www.swc.org.np/pages/436; https://www.adb.org/sites/default/files/publication/28970/csb-nep.pdf; https://swc.gov.np/,Nepal: file audited accounts + activity report to DAO for renewal; SWC-affiliated orgs file audit report to SWC within 6 months of fiscal year end. Non-filing risks non-renewal/cancellation; SWC may suspend/dissolve.,Separate IRD application for Tax Exemption Certificate: income-tax exemption; donor gifts deductible to 5% cap; no VAT exemption; time unpublished. DAO registration itself automatic on filing.,"In-person required: Nepal Rastra Bank rules demand a non-tourist visa, local address and PAN; NPR is non-convertible; no remote opening for foreign founders."
Bhutan,Yes,NGO/trust (NGO Act 2001; Department of Employment & Workplace Safety); limited company (Companies Act 2016),very hard,Mandatory local Bhutanese sponsor/partner (FDI policy requires local partners; NGO registration requires a sponsoring agency).,Low fees (~US$50-150); 2-8 weeks once a Bhutanese local partner/sponsor is secured; foreign founders cannot register alone,"No direct foreign formation - a Bhutanese sponsor or partner organization is required. Small, tightly controlled NGO ecosystem; English used in official filings. | confirm prior - governing law is Civil Society Organizations Act 2007 (amended 2022), not 'NGO Act 2008'; no direct foreign formation.",no,CSOs must be Bhutanese-citizen formed; foreign NGOs need a local host MoU + CSO Authority approval.,~$50-200,"6-16 weeks, if a local sponsor is secured",Deduction for donations to government-recognized charitable organizations; very small tax base.,Foreign CSOs need CSO Authority registration + MoU with a Bhutanese host organization; government approval required.,high,https://oag.gov.bt/wp-content/uploads/2010/05/Civil-Society-Organizations-Act-of-Bhutan-2007English-version.pdf; https://www.adb.org/sites/default/files/publication/30296/csb-bhu.pdf; https://oag.gov.bt/wp-content/uploads/2024/08/Civil-Society-Organizations-Amendment-Act-of-Bhutan-2022-.pdf; https://www.legislation.gov.bt/,Bhutan: board files annual report incl. audited financials to CSO Authority; PBOs get annual Royal Audit Authority audit; PBO reports/financials are public. Filing deadline unpublished; risk is registration cancellation.,"Auto on CSO registration (CSOA 2007 s.38): exempt income tax on endowed-fund gains; donor deduction capped (5% AGI under 2001 rules, 2025 cap unconfirmed); no VAT exemption; time unpublished.","In-person required: passport, Bhutan visa/work permit and local address proof; the Remit Bhutan remote channel serves only non-resident Bhutanese; foreign founders need a local visit."
Afghanistan,Yes,"NGO (Law on NGOs 2005, NGO Registration Committee), foundation/association under the Hezb and Foundations Act",very hard,Registration through the NGO Registration Committee (Ministry of Foreign Affairs) with local offices; effective operation requires local partners and security access.,"Low nominal fees, months to process; security and access risks dominate","Severe political risk: Taliban administration since 2021, sanctions on funds to Afghanistan, widespread donor suspension. Not a practical registration venue for most foreign founders. | confirm prior - registration now under de-facto Taliban NGO law (2022 procedure), not the 2015 NGO law; not practical.",no,Post-2021 Taliban de-facto NGO licensing (Ministry of Economy + sectoral MoU); sanctions block most funding.,nominal (no published fee schedule),"months, if possible; not a practical option",No functioning charitable deduction regime.,De-facto NGO license + MoU required; US/UN sanctions restrict funds to Afghanistan; most donors suspended.,high,https://arlo.online/track-download/109/1/en/legislation/file_en_1685855616_094%20The%20DFA%20Procedure%20on%20Coordination%20and%20Regulation%20of%20NGOs%20-%20English.pdf; https://www.boell.de/en/2021/07/13/limiting-space-civil-society-afghanistan-implications-policies-and-legislations-ngos; https://ngo.gov.af/,"NGOs file an annual activity report to the Ministry of Economy (Law on NGOs 2005, art. 31); associations file reports within 3 months of fiscal year end; non-filing risks sanctions or deregistration.",NGO registered with NGO Registration Committee (Law on NGOs 2005); NOT automatic - apply to Revenue Authority for tax-exemption certificate (income tax + business receipt tax); no donor deduction; ~30-90 days.,"Effectively blocked: banks require in-person KYC, local address and visa, and international correspondent banking has largely collapsed under sanctions; a remote foreign NGO founder has no realistic path."
Maldives,Yes,"Charitable organisation (Income Tax Act, Law 25/2019 approval); association; private company (Companies Act, Law 7/2023)",medium,Trust registered with MIRA (Maldives Investment and Regulatory Authority) with 3+ trustees; practical requirement of resident local trustees and a Maldivian registered office.,Low registry fees (~US$50-200); 4-8 weeks; foreign founders need a local Maldivian representative for trust registration,"Most expats use the MIRA-registered public trust with local resident trustees and a local manager. English used in filings; annual returns and audited accounts required by MIRA. | confirm prior - public trust registered with Ministry of Justice; MIRA approval (MIRA 103) is for tax exemption, not registration.",partial,Resident local trustees/representative + Maldivian office required; MIRA tax-exemption approval is a separate step.,~$50-200 (registry),4-10 weeks,Deductible for donations to MIRA-approved charitable organizations under the Income Tax Act.,None notable - no FCRA-style licensing; registered public trusts may receive foreign funds (banking compliance).,med,https://www.mira.gov.mv/Pages/View/charitiesapply; https://www.mira.gov.mv/Forms/View/MIRA-117; https://mira.gov.mv/,No published annual filing for charitable trusts; MIRA requires annual reports from approved charitable organisations; non-filing risks loss of tax status.,"Public charitable trust under Public Trusts Act 2022, registered with Ministry of Justice; registration gives legal personality; income from non-profit purposes tax-exempt; no donor deduction; ~30 days to approve.","No remote opening. Banks (BML, MIB) require an in-person branch visit with passport, valid work/residence visa and a local address; a foreign founder with no presence would need a local agent to apply."
Nigeria,Yes,"Incorporated trustee (NGO, CAC + NCMM registration); company limited by guarantee (CAC, ~NGN 51,000); trust (deed, unregistered)",hard,"CAC registration of a company limited by guarantee with local resident directors/office, then registration with the NCMM (Nigerian Committee on Foreign Non-Governmental Organizations) and a Ministry of Interior Operational Readiness Certificate if receiving foreign funds","NGN 150,000-300,000 (~US$100-200) fees; US$3k-8k all-in with agents; 3-9 months end-to-end incl. NCMM licensing and SCUML",Most structured path in West Africa but multi-layered; NCMM registration and ORC are the foreigner bottlenecks; English language; strong expat NGO sector in Lagos/Abuja,partial,CAC incorporation (CLBG) then NCMM/NGO Bureau registration; foreign NGOs also need SCUML and an Interior ORC,"US$3k-8k with agents (official fees modest, ~US$300-500)",3-9 months,Corporate donors deduct up to 5% of profit; individuals 20% of taxable income (registered NGOs),Foreign NGOs need NCMM registration; SCUML registration mandatory; Interior Ministry ORC for foreign-funded NGOs,med,https://matrixsolicitors.com/registration-of-international-non-profits-with-the-corporate-affairs-commission-in-nigeria/; https://nnngo.org/wp-content/uploads/2024/03/2018-Updated-Compliance-Manual-for-NGOs-1.pdf; https://www.cac.gov.ng/,CAC annual returns + annual report for NGOs (CAMA 2020) due within 6 months of fiscal year end (commonly Jun 30); NCMM annual reports; non-compliance risks fines and deregistration.,Incorporated trustee registered with CAC (NGO listed with NCMM); tax exemption under CITA 1999 (non-profit organization) via separate FIRS application; no general donor income-tax deduction; time unpublished.,CBN rules require a Bank Verification Number (BVN) - biometric enrolment only in Nigeria - plus CERPAC residence card and local address for foreigners; opening from abroad is not possible.
Ghana,Yes,"Company limited by guarantee under Companies Act 2019 (Act 992) at ORC, then NPO license per Directive for Management of NPOs Operations 2020 and NPOs Policy 2020; Dept. of Social Welfare issues license.",medium,Charitable purpose with objects meeting the Charities Act test; Ghana Charities Commission registration; Ghana-located principal office (directors may be foreign),"ORC statutory fee ~GHS 490 (~$40, 2025) plus non-refundable licensing bank draft to Dept. of Social Welfare; provisional license 3 months, official time unpublished.",Most foreigner-friendly framework in the list: no local-national director requirement under the Companies Act 2019 (Act 992); Charities Commission registration has been operational since ~2021; English language,partial,"Two-stage: ORC incorporation under Companies Act 992, then NPOS operating license (Charities Act 1035 regime)",~$40 (ORC official); ~$500-1.5k all-in w/ agent,4-8 weeks,Donations to GRA-approved charitable organisations are income-tax deductible,No foreign-funding ban; NPOS license required to operate; foreign directors permitted under Act 992,high,https://npos.mogcsp.gov.gh/faqs/; https://gra.gov.gh/wp-content/uploads/2020/09/Practice-Note-on-Charitable-Organisation.pdf; https://npos.mogcsp.gov.gh/registration-and-licensing/,"ORC annual return for the CLG (within 30 days of AGM, Act 992) plus NPO annual report with audited financials to NCSCOS; non-compliance risks NPO licence revocation.",CLG (non-profit company) under Companies Act 2019 (Act 992) with NPO license from Registrar; non-profit company income tax-exempt under Act 896; no broad donor deduction; ~4-6 weeks to register.,"Bank of Ghana KYC requires a non-citizen Ghana Card (biometric ID) and a GhanaPostGPS local address; foreigners must open the account in person, so a remote founder needs a local visit or representative."
Côte d'Ivoire,Yes,"Association, fondation, ONG under Ordonnance n° 2024-368 du 12 juin 2024 relative à l'organisation de la société civile, superseding Loi 60-315 de 1960; inscription au registre public des OSC.",medium,Associations formed by declaration at the préfecture (Law n° 2022-443 of 15 Aug 2022 on OSCs) with local office; foreign-funded NGOs also need authorization from the Ministry of the Interior,"Minimal declaration fee, amount and processing time unpublished. Foreign participation allowed, but foreign-founded NGOs must complete the national declaration and obtain a local base.","2022 OSC law modernized the regime (declaration for associations, authorization for foreign-funded NGOs); French-only bureaucracy; Abidjan has active local law firms that handle expat NGO setups | OSC framework now Ordinance n° 2024-368 (12 June 2024) replacing Law 2022-443; eDA digital declaration portal live",partial,Declaration at district registry + foreign-funded NGOs need Interior Ministry authorization; French-only filings,US$500-1.5k incl. counsel (declaration fees low),4-12 weeks,Donations to associations declared d'utilite publique are tax-deductible,Foreign-funded NGOs require Interior Ministry authorization and convention; local office in Abidjan required,med,https://eda.edemarches.gouv.ci/procedure/declaration-d-association-fondations-ong-1; https://droit-et-politique-en-afrique.info/wp-content/uploads/2024/07/ORDONNANCE-n%C2%B0-2024-368-du-12-juin-2024-relative-a-lOrganisation-de-la-societe-civile.pdf,OSCs file an annual activity report and annual accounts with the Interior Ministry (2024-368 ordinance); foreign-funded ONGs also under décret 2015-640; non-compliance risks legal-personality revocation.,Association (société civile) declared with tax service under ordonnance 2024-368; income of non-profit activity tax-exempt if applied to stated purposes; no broad donor deduction; time unpublished.,"BCEAO/UEMOA AML rules apply; banks mainly open accounts in branch, and non-residents typically need a local address or in-person KYC - a remote foreign founder would need a local visit or representative."
Benin,Yes,Association and fondation under Loi n° 2025-19 du 22 juillet 2025 on associations and foundations (replacing the earlier regime); registration in the Registre des Associations et des Fondations.,medium,Declaration filed at the Direction de l'Administration Générale et des Cultes (Law n° 2015-04/PRB of 30 Jan 2016 on NGOs); local registered office; no local-national officer requirement,"Nominal FCFA registration fee, amount and processing time unpublished. Declaration regime open without prior authorization, but foreign founders need a resident representative.","One of the more open, stable regimes in francophone West Africa; French-only; Cotonou has NGOs/lawyers familiar with expat filings | New Decree 2025-636 (8 Oct 2025) regulates foreign NGO authorization and compliance declarations via CatIS portal",partial,Foreign NGOs need exercise authorization; local associations declared at electronic registry; French filings,US$300-1k incl. agents (official fees low),2-6 weeks,Donations to associations of public utility (utilite publique) are tax-deductible,Foreign NGOs need authorization under Law 2015-04/PRB + Decree 2025-636 (Oct 2025) to establish or act in Benin,med,https://catis.xroad.bj/publicservices/PS01516; https://service-public.bj/public/services/service/PS01508; https://sgg.gouv.bj/doc/loi-2025-19/,Loi 2025-19: associations/fondations must be on the new RAF register; pre-existing entities have a grace period under pain of radiation; ongoing oversight and annual activity reporting.,Association declared with prefecture (loi 2025-19); CGI (loi 2021-15) grants income-tax exemption to non-profit entities; donors may deduct gifts to recognized public-utility organizations; time unpublished.,"No remote opening. Banks require in-person account opening with passport, proof of local address and residency/work permit; a foreign founder with no presence needs a local agent to act in person."
Togo,Yes,Associations under the French Law of 1 July 1901; foreign ONGs governed by Décret 2022-002/PR (art. 4: compliance before installation); government accord-programme for tax and customs exemptions.,medium,Declaration/authorization of an association under Law n° 2000-17 of 11 Aug 2000 on NGOs; local registered office; French-language documents,"No official fee schedule published; declaration at the ministry, time unpublished. Foreign NGOs may operate only after complying with Décret 2022-002/PR and signing an accord-programme.",Administrative practice varies by préfecture; some steps in practice require in-person filing at the Mairie or prefecture in Lomé; French-only,partial,Foreign associations declared with local office (Lome); NGOs cooperating with government now need official recognition,US$300-1k incl. agents,4-10 weeks,Donations to associations declared d'utilite publique are tax-deductible,"No outright foreign-funding ban; declaration regime, but 2024 rules require official recognition for govt partnerships",med,https://www.togofirst.com/fr/associations-organisations/0810-8648-comment-declarer-une-association-etrangere-au-togo; https://josephalangue.com/guide-pratique-des-assosiations-et-ong-internationales-au-togo/; https://investirautogo.tg/media/decret_92.pdf,"1901 regime: annual AGM to approve accounts (statute deadline); no strict public annual filing, but bureau/bylaws changes re-declared at préfecture; non-compliance risks court dissolution.",Association (loi 1901) declared with prefecture; NGO status via décret 2022-002/PR; income-tax exemption for non-profit entities under CGI; no general donor deduction; ~1-2 months to declare.,In-person opening is the norm: passport plus residence or work permit (non-ECOWAS foreigners face heavier scrutiny) and local address under BCEAO rules; remote opening is not available.
Burkina Faso,Yes,"Association under Loi n° 064-2015/CNT: art. 4 formation without prior authorization, art. 17 public-utility recognition; ONGs need ministry-of-finance approval and an accord-cadre. New 87-article bill adopted July 2025.",very hard,Prior government authorization under Law n° 014/1997-AN on associations; a 2018 constitutional amendment bars NGOs that receive foreign funding above a threshold from operating,"Registration is nominal (no prior authorization), fee and time unpublished. Foreigners cannot freely found: ONG status requires ministry approval and a signed accord-cadre with the state.","High political risk: 2018 constitutional ban on foreign-funded NGOs, 2022–2025 military rule, repeated suspensions of international NGOs (e.g. 2023–24 expulsions); effectively impractical for a foreign-funded charity | Association law replaced by Law n° 011-2025/ALT (17 July 2025, promulgated 23 July 2025); prior Law 014/1997 superseded",no,Foreign NGOs need state establishment agreement (convention d'etablissement); 10+ authorizations revoked in 2025,"US$500-2k incl. agents, if approved at all","2-6 months, or refusal",Donations to utilite publique associations deductible; NGO funding climate is restrictive,Constitutional bar on foreign-funded NGOs; new Law 011-2025/ALT (July 2025) adds state agreement requirement,high,https://burkina-faso.news-pravda.com/burkina-faso/2025/07/31/40984.html; https://www.aa.com.tr/fr/afrique/burkina-faso-r%C3%A9vocation-des-autorisations-d-une-dizaine-d-associations-et-ong-%C3%A9trang%C3%A8res/3621908; https://database.ilga.org/api/downloader/download/1/BF%20-%20LEG%20-%20Law%20N%C2%B0064-2015-CNT%20(2015)%20-%20OR-OFF(fr).pdf,"Associations declared at préfecture; ONGs need ministry-of-finance authorization (loi 064-2015); ongoing oversight, non-compliance risks administrative dissolution (118 CSOs dissolved in 2025).",Association declared with prefecture (loi 064-2015); public-utility recognition by decree adds full tax benefits; association income tax-exempt when applied to its purposes; no donor deduction; time unpublished.,"No remote opening. Foreigners must apply in person with passport, residence/work permit and proof of local address; a remote founder has no path and needs a local representative to open the account."
Mali,Yes,Association under Loi n° 04-038/AN-RM du 5 août 2004 (art. 3 modified by ordonnance 2024-008/PT-RM of 28 mars 2024); ONGs under décret n° 05-223/P-RM du 11 mai 2005.,hard,Association registration with the Direction de l'Administration Générale (Law n° 2001-019); local office; French-language filings; authorization regime for foreign-funded NGOs in practice,"Declaration-based registration, fee nominal (few thousand FCFA), time unpublished. Foreign founders need a local base and, for ONG status, an accord-cadre with the government.","Political instability (2020–2024 coups, ongoing conflict); security situation in many regions makes on-ground operations difficult; Bamako filings are French-only | Current association law is n° 04-038/ANRM (5 Aug 2004), which repealed Law 01-019 (2001) cited in prior context",partial,Association registration with Direction de l'Administration Generale; French-only Bamako filings; post-coup instability,US$500-2k incl. agents,1-4 months,Donations to utilite publique associations deductible; tax registration (NIF) required for NGOs,Foreign-funded NGOs operate under authorization regime in practice; security limits ops in many regions,med,https://natlex.ilo.org/dyn/natlex2/natlex2/files/download/97007/MLI-97007.pdf; https://www.icnl.org/research/library/mali_malien2011/,Préfecture declaration confers legal personality (loi 04-038); ONGs registered under décret 05-223; no strict published annual filing; government retains dissolution powers.,Association declared with regional government (loi 04-038); income-tax exemption for non-profit entities under CGI; public-utility declaration separate; no general donor deduction; time unpublished.,"Banks require in-person KYC: passport, residence permit and proof of local address under BCEAO AML rules; no remote account opening, so a foreign founder needs a local visit or agent."
Guinea,Yes,"Association under Loi L/2005/013/AN and ONG under gov't approval decrees (Loi 014/AN is for cooperatives); both declaration-based, filed with the Interior Ministry services; ONG status subject to a government protocol.",medium,Declaration of an association under Law L/2010/004; local registered office in Conakry; French-language documents,"Nominal registration fee, amount and time unpublished. Foreign founders need a local base; ONG status additionally requires a state accord-cadre (protocol).",2010 association law uses a declaration regime (more open than the old authorization system); French-only; military rule since 2021 adds some political risk but NGO sector remains active | Association regime rests on loi 013/05 (2005) + L013 NGO text; prior 'loi L/2010/004 (2010)' not confirmed,partial,Declaration of association in Conakry; French-only documents; L013/05 law modernization underway (DNARPROMA),US$300-1k incl. agents,4-10 weeks,Donations to utilite publique associations deductible,Declaration regime (more open than old authorization system); military rule since 2021 adds political risk,med,https://matd.gov.gn/dnarproma-ouverture-des-ateliers-regionaux-sur-lactualisation-de-la-loi-013-05-a-kindia-et-kankan/; https://guineelex.com/decrets-arretes/arrete-a-2022-3220-matd-cab-sgg; https://www.amnestyguinee.org/wp-content/uploads/2020/09/Loi-L013-ONG-Guinee.pdf,"Loi L/2005/013 art. 11: every association must send activity reports, budgets and annual accounts to the Interior Ministry; ONGs additionally under L/2005/014 with agrément.",Association registered with Interior ministry (loi L/2005-013); income of non-profit activity tax-exempt; no general donor deduction or VAT relief; approval time unpublished.,"In-person opening required; non-residents and diaspora may open accounts with extra documentation, but physical presence and local papers are typical - a remote founder needs a local visit or agent."
Guinea-Bissau,Yes,"Associations (associações) via public deed (escritura pública) at Serviços Notariais under the Código Civil (10+ founders); registry number via Conservatória de Registo Comercial, Predial e Automóvel; Decree 23/92 NGO route inoperative (SOLIDAMI abolished).",very hard,Registration of an association under Lei n.º 5/VI/96 de 21 de Dezembro de 1996 (regime de registo); local office; Portuguese-language filings,"Fees (2021 IMVF study, Despacho 04/2002): name check 7,500 CFA; deed 12,650-113,496 CFA; registry number to 57,500 CFA; publication 15,000 CFA + 10,000 CFA/pg; total ~93k-300k CFA (~$150-500). Time: name check ~7 days, deed ~5 days; full duration unpublished.","Repeated military coups (7 since independence), fragile state capacity, weak enforcement of registrations; Portuguese (not French) documents; practical operations very difficult | Prior cited Lei n. 5/VI/96 (1996) is superseded: Loi L/005/013/AN (2013) is the operative association law (repealed 1986 NGO decree) | [verified] Requires a physical public deed in Portuguese at the Serviços Notariais (Bissau only) plus 10+ founding members; no remote channel for foreign founders (Constitution art. 44d grants the right to citizens; IMVF 2021 study s4.2, s4.2.4). | Correction: Mechanism: notarial registration under the Código Civil (Decreto 23/92 opinion route inoperative); cited 2013 law unverified; fees per 2021 IMVF study (~93k-300k CFA).",no,In-person Portuguese-language registration in Bissau; local office and local representative; fragile state capacity,~$100-250 (gov deed/registry); ~$500-2k all-in w/ local agent,1-4 months,No established published donation tax-deduction regime for charitable gifts; donations largely untaxed,Foreign NGOs face weak but real administrative control; no FCRA-style registration known; operations hard to sustain in practice,med,https://natlex.ilo.org/dyn/natlex2/r/natlex/fe/details?p3_isn=73216; https://rimap.unhcr.org/node/61431; https://www.imvf.org/wp-content/uploads/2021/09/estudo-Quadro-legal-osc-guine-bissau-ianda-djuntu.pdf; https://www.imvf.org/wp-content/uploads/2021/09/estudo-quadro-legal-osc-guine-bissau-ianda-djuntu.pdf,No published annual filing requirement; associations formed by public deed (10+ founders) and registered at the Conservatória; no published consequence of non-filing.,"Association formed by public deed (escritura pública) before a notary, then registered; income of non-profit entities tax-exempt; no donor deduction regime; approval time unpublished.","Banking is paper-based and requires physical presence at a Bissau bank; passport plus residence permit, low digitalization. A remote foreign founder has no realistic remote path - local agent needed."
Senegal,Yes,"Association under Loi n° 71-604 du 20 juillet 1971 (1901-style: declaration at préfecture, récépissé); ONG under décret n° 96-103 du 8 février 1996 as modified by décret n° 2010-1490 du 10 novembre 2010.",medium,"Simple declaration of an association at the Direction de l'Action Sociale (1965 decree, French 1901 model); local registered office; French-language documents","No official fee for declaration, time unpublished. Foreigners may join associations, but ONG status requires a local base and a signed accord-cadre with the state.","Stable, well-established association culture; declaration regime is the easiest in francophone West Africa; 2022/2023 framework on foreign-funded NGOs (OSC law) adds a reporting layer for foreign funders; French-only | Confirm prior: 1965 declaration regime (1901 model) stands; 2023 OSC framework confirmed as reporting layer, not a ban",no,"Local registered office, local signatory and French-language filings required; association declaration must be lodged in person",~$300-1k incl. agent; government fee minimal,2-8 weeks,"Deductible: 10% of income, capped at 10% of taxable income (15,000 F minimum gift)","2023 OSC law (loi 2023-13) adds registration/reporting layer for foreign-funded NGOs; no ban, no FCRA-style licensing",med,https://www.icnl.org/resources/civic-freedom-monitor/senegal; https://www.service-public.gouv.fr/particuliers/vosdroits/F426; https://dgsfc.gouv.sn/sites/default/files/2021-03/guide_pour_la%20constitution_ASSOCIATION_et_ONG.pdf,1901-style préfecture declaration; annual AGM approves accounts (statute); no public annual filing; bureau/bylaws changes re-declared; non-compliance risks court dissolution.,"Association declared with prefecture (loi 71-604); income tax exemption automatic under CGI art.5(7) (since 2019) for non-profit entities without commercial activity; donors deduct gifts to public-utility orgs, cap 0.5%.","BCEAO rules: non-resident accounts need central-bank approval and banks demand in-person KYC (notarized ID, proof of funds) after 2024 AML tightening; remote opening is effectively unavailable."
Gambia,Yes,Societies registered via the Ministry of Justice Companies Division; NGOs under the NGO Affairs Agency created by NGO Decree No. 81 (1993); company limited by guarantee route; TIN certificate required.,medium,Registration of a society with the Registrar of Societies under the Societies Act 1972 (or Companies Act 1964 for a CLG); local office; English-language filings,"MoJ fees: business name 20,000 GMD, company 80,000-90,000 GMD (~$300-350); NGO annual fee ~$5; time unpublished. Non-residents need a resident agent or representative.","English language, stable democracy; 2022 NGO Bill has been in draft years without enactment, so the old 1972 Societies Act still applies; Banjul filings manageable with a local agent | Confirm prior: Societies Act 1972 (Act No. 19 of 1972) still operative; NGO Bill still unenacted",no,Local office and local representative needed; Societies Act filings in person in Banjul; NGO Bill not yet enacted,~$300-1k incl. agent; registry fee low (tens of USD),2-8 weeks,"Deductible: 10% of gross income for gifts to approved charities (min GMD 100, no max, 5-yr carry-forward)","No FCRA-style licensing; 2022 NGO Bill pending, so 1972 Societies Act regime applies; no ban on foreign donations",med,https://www.wipo.int/wipolex/en/legislation/details/10617; https://www.moj.gm/companies-division,NGOs must submit annual work plan + budget and a detailed annual report to the NGO Affairs Agency and pay an annual fee (NGO Decree); non-compliance risks registration revocation.,NGO registered with NGO Affairs Agency (Decree No. 81); Income and Sales Tax Act 2004 automatically exempts income of charitable/educational institutions of public character; no donor deduction; ~30 days.,"No remote opening. CBG-supervised banks require an in-person visit with passport, visa/residence permit and proof of address; a remote foreign founder needs a local visit or representative."
Sierra Leone,Yes,Company limited by guarantee under Companies Act 2009 (Act No. 5 of 2009) registered at the CAC; charities/NGOs registered as non-profit companies (no separate societies act in force).,medium,Registration of a non-profit company limited by guarantee with the Companies Registry; local registered office; English-language documents,"CAC fee schedule starts around $20 USD, higher bands for companies limited by guarantee; time unpublished. Foreign directors allowed; no registration bar for foreign founders.","English language; 2022 NGO Bill pending, so existing NGO/charitable-society registration practices continue; Freetown has expat-friendly law firms; registry throughput is slower than Ghana | Confirm prior: Companies Act 2013 CLG route; NGO Bill 2022 still pending",no,Local registered office and local agent needed; CLG route standard; NGO Bill 2022 pending so no single NGO register,"~$20+ (CAC, tiered); ~$300-1.5k all-in w/ agent",4-12 weeks,Deductible: gifts to registered public utility charities deductible under Income Tax Act (commonly 30% of assessable income cap),No FCRA-style registration; NGO Bill 2022 pending; no ban on foreign donations; practical scrutiny low,med,https://nib.gov.sl/business-registration-corporate-affairs/; https://manwaadvocates.com/why-more-non-profits-are-choosing-companies-limited-by-guarantee-instead-of-ngos/; https://www.wipo.int/wipolex/en/legislation/details/9820,Annual return at the CAC under the Companies Act 2009 (CLG included); non-profits exempt from public financials filing; non-compliance risks fines and deregistration.,"CLG registered with Registrar of Companies; Tax & Duty Exemption Act 2023 gives duty-free charitable imports (minister-approved, not automatic); no broad income-tax exemption/donor deduction; time unpublished.","Bank of Sierra Leone requires a NIN for new individual accounts, and foreign corporate account openings need a residence permit plus in-person KYC; remote opening is not available - local visit required."
Liberia,Yes,"NGO route: Articles of Incorporation at the Liberia Business Registry, endorsed by the Minister of Foreign Affairs, then submitted to the Ministry of Planning and Economic Affairs (NGO registry).",medium,"NGO registration under the NGO Act of 2015 (Act No. 11 of 2015) with a local principal officer, local office, and a US$150 (local) fee; three-year permit renewal cycle","Government incorporation fee ~US$50-550 (provider quotes), annual license ~US$150; official time unpublished. Foreign NGOs operate through the foreign-affairs endorsement path.","English language; the 2015 Act is the operative law (it replaced the older NGO Bill regime); permits must be renewed every 3 years; local principal officer requirement is the main hurdle for a fully foreign board | Confirm prior: NGO Act 2015 operative, US$150 fee, 3-year renewal, local principal officer",no,Liberian-national principal officer required to sign filings; local office; 3-year permit renewal cycle,US$150 local fee; ~$500-2k total with agent,4-12 weeks,Deductible: gifts to qualifying charitable organizations deductible under Liberia Revenue Law (income tax),"NGO Act 2015 (Act No. 11 of 2015): registration + permit, local principal officer, annual reporting; no FCRA-style ban",high,https://www.icnl.org/resources/research/ijnl/liberia; https://reliefweb.int/report/liberia/faq-document-ngo-humanitarian-community-liberia,Accredited NGOs file activity and financial reports with the Ministry of Planning & Economic Affairs within 3 months of fiscal year end (NGO policy); non-compliance risks accreditation revocation.,"NGO incorporated with LBR, endorsed by Foreign Affairs, then approved/registered with Ministry of Finance; 'Exempt Person' under Revenue Code = income-tax exemption; LRA grants 15% donation deduction; multi-month.","No remote opening. Banks require in-person identity verification with passport, residence permit and proof of address; a foreign founder with no presence needs a local agent to open the account."
Niger,Yes,"Association under ordonnance n° 84-06 du 1er mars 1984 and décret n° 84-49/PCMS/MI; ONG sector under décret n° 2022-182/PRN/MAT/DC (agrément protocol regime, financial statements published in the JO).",hard,Registration of an association with the Direction de l'Administration Générale under Law 93-010; local registered office; French-language filings; practical authorization hurdles for foreign-funded NGOs,"Nominal registration, fee and time unpublished. Since 2022 ONGs need an agrément protocol; ~100 associations were suspended in Feb 2022; foreign founders require a state accord-cadre.",Military rule since 2023; security situation in the north (Sahel conflict); Niamey filings are French-only; some discretionary elements in approvals | Confirm prior: Law 93-010 association regime; 2022-182 decree adds explicit prior-authorization layer; military rule since 2023 confirmed,no,"Prior Interior Ministry authorization (décret 2022-182), local office, French filings; heavy state control post-2023 coup",~$500-2k incl. agent; government fee low,1-4 months,"Deductible: 10% of income, capped at 10% of taxable income for gifts to qualified associations",Décret n° 2022-182/PRN/MAT/DC: NGO activity requires prior authorization/agrément of Interior Minister; NGOs not publishing financials suspended (2025),med,https://wacsi.org/wp-content/uploads/2022/06/DECRET-2022-182-SECTEUR-DES-ONG-3-1-1.pdf; https://www.omct.org/fr/ressources/appels-urgents/niger-suspension-des-activit%C3%A9s-des-ong-nayant-pas-publi%C3%A9-leurs-%C3%A9tats-financiers-au-journal-officiel-de-la-r%C3%A9publique-du-niger,Declaration-based regime (ordonnance 84-06); ONGs registered under décret 2022-182 with agrément protocol; no strict published annual filing; non-compliance risks administrative radiation.,Association (ordonnance 84-06) plus ONG agrément (décret 2022-182) from Interior ministry; CGI contains no general income-tax exemption or donor deduction for associations; time unpublished.,"No remote opening. Banks require in-person application with passport, residence permit and proof of local address; a foreign founder with no presence needs a local visit or representative."
North Korea,No,No independent civil-society registration regime exists; all social organizations are state or party organs (mass organizations within the state system); independent NGOs are not recognized.,very hard,no meaningful independent charity registration; foreign involvement barred in practice,n/a - registering a foreign NGO is not possible: every organization is state-sanctioned and foreign activity requires government approval (US persons face OFAC licensing).,"No independent charitable pathway; no GfN. Excluded from any practical plan. | confirm prior — state-run only, no independent registration pathway, excluded from any practical plan.",no,"No independent charitable sector exists; only state-run bodies, and foreign NGO involvement is barred in practice.",n/a,n/a,n/a — no independent charitable tax regime for a foreign founder.,Foreign NGOs not permitted to register or operate; contact only via state channels (Red Cross); total ban in practice.,high,https://freedomhouse.org/country/north-korea/freedom-world/2024; https://www.38north.org/2026/03/the-case-for-enabling-nongovernmental-engagement-with-north-korea/; https://www.kcna.kp/en/,"No independent civil-society registration exists; only state and party mass organisations, with no annual compliance obligations for foreign founders.","No civil-society regime exists: all organizations are state organs, so there is no private charitable entity and no tax-exemption pathway available to a foreign founder.","Effectively blocked: no independent civil-society sector exists - all social organizations are state/party organs, and foreign entities have no access to the state-controlled banking system."
Russia,No,"NCOs under Federal Law 7-FZ (12 Jan 1996) 'On Non-Commercial Organizations': public associations, associations/unions, foundations, institutions, autonomous NCOs; registration by the Ministry of Justice.",hard,"Russian-language filings, foreign-agent law risks for foreign-linked orgs, sanctions on AU side",n/a for foreign founders - MoJ registration requires a Russian legal base and state policy; foreign-founded NGOs are effectively barred (foreign-agent law expanded 1 Dec 2022).,"No GfN. Sanctions + foreign-agent regime make this unsuitable for an Australian founder. | Confirm prior: public organization/foundation via Ministry of Justice, hard difficulty; fee is modest (~$45) but foreign-agent regime makes it unsuitable.",partial,Needs a Russian legal address and locally-present leadership; remote founders rely on a local agent (notarized documents).,"~$45 (RUB 4,000 state duty)",4-8 weeks (MoJ decision within 30 days plus document notarization/translation),Charitable donations deductible from personal income tax up to 25% of taxable income (Tax Code Art. 219).,Foreign agent label if >10% foreign funding/support; 'undesirable organization' designation possible; AU sanctions risk.,high,https://pareto-group.com/en/legal-services/registration-of-companies-individual-entrepreneurs/registration-of-nonprofit-organization/; https://cof.org/country-notes/nonprofit-law-russia; https://en.wikipedia.org/wiki/Russian_undesirable_organizations_law; https://minjust.gov.ru/ru/activity/govservices/5/,NCOs file an annual activity report plus financial statements to the tax authority (within 3 months of fiscal year end); 'foreign agent' NCOs file quarterly reports to Minjust; fines for non-compliance.,"NCO registered with Ministry of Justice (Federal Law 7-FZ (1996)); not automatically tax-exempt - apply to tax office for exemption from profit/property tax (non-profit, commercial income under 30%); no donor deduction; 30-90 days.","Foreigners with legal stay can open accounts in person (Law 395-1), but a remote founder has no such grounds, and sanctions isolate Russian banks from SWIFT - access is effectively blocked for foreigners abroad."
